  2.94622E-03,  3.13366E-03,  3.33381E-03,  3.54737E-03,  3.77504E-03,  4.01749E-03,  4.27536E-03,  4.54925E-03,  4.83967E-03,  5.14703E-03,  5.47162E-03,  5.81357E-03,  6.17278E-03,  6.54894E-03,  6.94143E-03,  7.34928E-03,  7.77113E-03,  8.20515E-03,  8.64902E-03,  9.09986E-03,  9.55418E-03,  1.00079E-02,  1.04563E-02,  1.08941E-02,  1.13155E-02,  1.17143E-02,  1.20841E-02,  1.24182E-02,  1.27104E-02,  1.29548E-02,  1.31462E-02,  1.32803E-02,  1.33542E-02,  1.33662E-02,  1.33161E-02,  1.32051E-02,  1.30359E-02,  1.28123E-02,  1.25392E-02,  1.22223E-02,  1.18677E-02,  1.14818E-02,  1.10711E-02,  1.06417E-02,  1.01995E-02,  9.74993E-03,  9.29780E-03,  8.84737E-03,  8.40229E-03,  7.96566E-03,  7.54000E-03,  7.12731E-03,  6.72915E-03,  6.34667E-03,  5.98064E-03,  5.63154E-03,  5.29956E-03,  4.98471E-03,  4.68679E-03,  4.40547E-03,  4.14030E-03,  3.89073E-03,  3.65618E-03,  3.43599E-03,  3.22950E-03,  3.03600E-03,  2.85482E-03,
  2.89254E-03,  3.08385E-03,  3.28878E-03,  3.50817E-03,  3.74284E-03,  3.99363E-03,  4.26134E-03,  4.54673E-03,  4.85050E-03,  5.17326E-03,  5.51549E-03,  5.87753E-03,  6.25948E-03,  6.66121E-03,  7.08228E-03,  7.52186E-03,  7.97869E-03,  8.45099E-03,  8.93640E-03,  9.43191E-03,  9.93377E-03,  1.04375E-02,  1.09379E-02,  1.14288E-02,  1.19036E-02,  1.23551E-02,  1.27754E-02,  1.31567E-02,  1.34913E-02,  1.37720E-02,  1.39922E-02,  1.41468E-02,  1.42320E-02,  1.42455E-02,  1.41873E-02,  1.40589E-02,  1.38636E-02,  1.36063E-02,  1.32930E-02,  1.29307E-02,  1.25270E-02,  1.20895E-02,  1.16260E-02,  1.11438E-02,  1.06496E-02,  1.01496E-02,  9.64935E-03,  9.15343E-03,  8.66584E-03,  8.18982E-03,  7.72799E-03,  7.28234E-03,  6.85436E-03,  6.44507E-03,  6.05510E-03,  5.68475E-03,  5.33405E-03,  5.00277E-03,  4.69055E-03,  4.39685E-03,  4.12105E-03,  3.86242E-03,  3.62021E-03,  3.39362E-03,  3.18183E-03,  2.98402E-03,  2.79938E-03,
  2.82770E-03,  3.02229E-03,  3.23143E-03,  3.45610E-03,  3.69727E-03,  3.95595E-03,  4.23310E-03,  4.52970E-03,  4.84666E-03,  5.18482E-03,  5.54489E-03,  5.92745E-03,  6.33287E-03,  6.76127E-03,  7.21243E-03,  7.68574E-03,  8.18011E-03,  8.69388E-03,  9.22472E-03,  9.76953E-03,  1.03244E-02,  1.08844E-02,  1.14437E-02,  1.19955E-02,  1.25321E-02,  1.30448E-02,  1.35245E-02,  1.39616E-02,  1.43467E-02,  1.46708E-02,  1.49257E-02,  1.51049E-02,  1.52036E-02,  1.52190E-02,  1.51510E-02,  1.50015E-02,  1.47748E-02,  1.44770E-02,  1.41157E-02,  1.36997E-02,  1.32381E-02,  1.27404E-02,  1.22158E-02,  1.16729E-02,  1.11195E-02,  1.05628E-02,  1.00087E-02,  9.46240E-03,  8.92814E-03,  8.40930E-03,  7.90850E-03,  7.42766E-03,  6.96813E-03,  6.53075E-03,  6.11593E-03,  5.72375E-03,  5.35398E-03,  5.00618E-03,  4.67973E-03,  4.37388E-03,  4.08777E-03,  3.82050E-03,  3.57111E-03,  3.33863E-03,  3.12210E-03,  2.92054E-03,  2.73302E-03,
  2.75086E-03,  2.94805E-03,  3.16072E-03,  3.38998E-03,  3.63700E-03,  3.90293E-03,  4.18898E-03,  4.49632E-03,  4.82612E-03,  5.17946E-03,  5.55737E-03,  5.96071E-03,  6.39015E-03,  6.84614E-03,  7.32877E-03,  7.83773E-03,  8.37218E-03,  8.93068E-03,  9.51103E-03,  1.01101E-02,  1.07239E-02,  1.13471E-02,  1.19734E-02,  1.25951E-02,  1.32031E-02,  1.37875E-02,  1.43373E-02,  1.48408E-02,  1.52864E-02,  1.56628E-02,  1.59597E-02,  1.61689E-02,  1.62839E-02,  1.63016E-02,  1.62215E-02,  1.60463E-02,  1.57814E-02,  1.54346E-02,  1.50158E-02,  1.45356E-02,  1.40057E-02,  1.34374E-02,  1.28419E-02,  1.22292E-02,  1.16084E-02,  1.09876E-02,  1.03735E-02,  9.77152E-03,  9.18622E-03,  8.62099E-03,  8.07838E-03,  7.56017E-03,  7.06747E-03,  6.60085E-03,  6.16045E-03,  5.74602E-03,  5.35706E-03,  4.99282E-03,  4.65240E-03,  4.33478E-03,  4.03888E-03,  3.76354E-03,  3.50760E-03,  3.26991E-03,  3.04931E-03,  2.84470E-03,  2.65498E-03,
  2.66121E-03,  2.86019E-03,  3.07556E-03,  3.30860E-03,  3.56063E-03,  3.83304E-03,  4.12723E-03,  4.44463E-03,  4.78669E-03,  5.15480E-03,  5.55029E-03,  5.97440E-03,  6.42818E-03,  6.91245E-03,  7.42772E-03,  7.97407E-03,  8.55105E-03,  9.15754E-03,  9.79160E-03,  1.04503E-02,  1.11294E-02,  1.18237E-02,  1.25260E-02,  1.32278E-02,  1.39189E-02,  1.45874E-02,  1.52202E-02,  1.58032E-02,  1.63218E-02,  1.67617E-02,  1.71101E-02,  1.73559E-02,  1.74911E-02,  1.75115E-02,  1.74164E-02,  1.72094E-02,  1.68977E-02,  1.64913E-02,  1.60027E-02,  1.54457E-02,  1.48345E-02,  1.41832E-02,  1.35051E-02,  1.28120E-02,  1.21146E-02,  1.14216E-02,  1.07406E-02,  1.00773E-02,  9.43636E-03,  8.82112E-03,  8.23392E-03,  7.67627E-03,  7.14895E-03,  6.65216E-03,  6.18565E-03,  5.74881E-03,  5.34076E-03,  4.96039E-03,  4.60649E-03,  4.27772E-03,  3.97272E-03,  3.69007E-03,  3.42838E-03,  3.18629E-03,  2.96245E-03,  2.75559E-03,  2.56448E-03,
  2.55795E-03,  2.75779E-03,  2.97490E-03,  3.21073E-03,  3.46679E-03,  3.74468E-03,  4.04605E-03,  4.37260E-03,  4.72609E-03,  5.10824E-03,  5.52079E-03,  5.96536E-03,  6.44346E-03,  6.95640E-03,  7.50518E-03,  8.09040E-03,  8.71215E-03,  9.36978E-03,  1.00618E-02,  1.07855E-02,  1.15370E-02,  1.23107E-02,  1.30993E-02,  1.38932E-02,  1.46808E-02,  1.54484E-02,  1.61802E-02,  1.68588E-02,  1.74661E-02,  1.79840E-02,  1.83957E-02,  1.86869E-02,  1.88472E-02,  1.88708E-02,  1.87569E-02,  1.85104E-02,  1.81406E-02,  1.76609E-02,  1.70874E-02,  1.64376E-02,  1.57294E-02,  1.49801E-02,  1.42056E-02,  1.34200E-02,  1.26352E-02,  1.18612E-02,  1.11059E-02,  1.03753E-02,  9.67402E-03,  9.00517E-03,  8.37075E-03,  7.77182E-03,  7.20869E-03,  6.68108E-03,  6.18825E-03,  5.72912E-03,  5.30236E-03,  4.90647E-03,  4.53983E-03,  4.20077E-03,  3.88758E-03,  3.59859E-03,  3.33213E-03,  3.08662E-03,  2.86051E-03,  2.65235E-03,  2.46075E-03,
  2.44031E-03,  2.63994E-03,  2.85769E-03,  3.09516E-03,  3.35407E-03,  3.63624E-03,  3.94359E-03,  4.27812E-03,  4.64191E-03,  5.03709E-03,  5.46579E-03,  5.93014E-03,  6.43216E-03,  6.97373E-03,  7.55649E-03,  8.18170E-03,  8.85010E-03,  9.56175E-03,  1.03158E-02,  1.11101E-02,  1.19412E-02,  1.28036E-02,  1.36898E-02,  1.45894E-02,  1.54895E-02,  1.63740E-02,  1.72242E-02,  1.80187E-02,  1.87347E-02,  1.93490E-02,  1.98397E-02,  2.01879E-02,  2.03796E-02,  2.04070E-02,  2.02694E-02,  1.99730E-02,  1.95306E-02,  1.89599E-02,  1.82820E-02,  1.75195E-02,  1.66949E-02,  1.58297E-02,  1.49427E-02,  1.40504E-02,  1.31664E-02,  1.23015E-02,  1.14640E-02,  1.06600E-02,  9.89369E-03,  9.16783E-03,  8.48382E-03,  7.84210E-03,  7.24233E-03,  6.68363E-03,  6.16464E-03,  5.68371E-03,  5.23899E-03,  4.82849E-03,  4.45015E-03,  4.10191E-03,  3.78172E-03,  3.48757E-03,  3.21753E-03,  2.96976E-03,  2.74251E-03,  2.53413E-03,  2.34307E-03,
  2.30757E-03,  2.50581E-03,  2.72293E-03,  2.96072E-03,  3.22110E-03,  3.50612E-03,  3.81799E-03,  4.15903E-03,  4.53168E-03,  4.93849E-03,  5.38207E-03,  5.86508E-03,  6.39014E-03,  6.95983E-03,  7.57650E-03,  8.24224E-03,  8.95868E-03,  9.72679E-03,  1.05466E-02,  1.14170E-02,  1.23351E-02,  1.32959E-02,  1.42921E-02,  1.53129E-02,  1.63438E-02,  1.73667E-02,  1.83591E-02,  1.92949E-02,  2.01452E-02,  2.08799E-02,  2.14702E-02,  2.18907E-02,  2.21223E-02,  2.21545E-02,  2.19862E-02,  2.16262E-02,  2.10919E-02,  2.04072E-02,  1.96000E-02,  1.86998E-02,  1.77350E-02,  1.67321E-02,  1.57136E-02,  1.46987E-02,  1.37023E-02,  1.27360E-02,  1.18081E-02,  1.09245E-02,  1.00888E-02,  9.30288E-03,  8.56734E-03,  7.88179E-03,  7.24507E-03,  6.65548E-03,  6.11094E-03,  5.60914E-03,  5.14760E-03,  4.72377E-03,  4.33513E-03,  3.97914E-03,  3.65338E-03,  3.35550E-03,  3.08327E-03,  2.83459E-03,  2.60749E-03,  2.40012E-03,  2.21078E-03,
  2.15907E-03,  2.35460E-03,  2.56968E-03,  2.80629E-03,  3.06655E-03,  3.35277E-03,  3.66743E-03,  4.01320E-03,  4.39292E-03,  4.80957E-03,  5.26629E-03,  5.76633E-03,  6.31300E-03,  6.90965E-03,  7.55951E-03,  8.26565E-03,  9.03079E-03,  9.85708E-03,  1.07458E-02,  1.16971E-02,  1.27094E-02,  1.37788E-02,  1.48983E-02,  1.60574E-02,  1.72406E-02,  1.84273E-02,  1.95910E-02,  2.06999E-02,  2.17173E-02,  2.26040E-02,  2.33213E-02,  2.38347E-02,  2.41178E-02,  2.41559E-02,  2.39477E-02,  2.35055E-02,  2.28535E-02,  2.20245E-02,  2.10559E-02,  1.99863E-02,  1.88521E-02,  1.76855E-02,  1.65137E-02,  1.53580E-02,  1.42349E-02,  1.31561E-02,  1.21298E-02,  1.11607E-02,  1.02516E-02,  9.40313E-03,  8.61478E-03,  7.88501E-03,  7.21162E-03,  6.59195E-03,  6.02305E-03,  5.50181E-03,  5.02505E-03,  4.58961E-03,  4.19240E-03,  3.83042E-03,  3.50082E-03,  3.20090E-03,  2.92810E-03,  2.68006E-03,  2.45457E-03,  2.24959E-03,  2.06325E-03,
  1.99426E-03,  2.18562E-03,  2.39710E-03,  2.63084E-03,  2.88918E-03,  3.17469E-03,  3.49014E-03,  3.83855E-03,  4.22315E-03,  4.64741E-03,  5.11504E-03,  5.62992E-03,  6.19613E-03,  6.81787E-03,  7.49938E-03,  8.24490E-03,  9.05844E-03,  9.94364E-03,  1.09035E-02,  1.19398E-02,  1.30528E-02,  1.42405E-02,  1.54972E-02,  1.68131E-02,  1.81726E-02,  1.95531E-02,  2.09237E-02,  2.22458E-02,  2.34727E-02,  2.45531E-02,  2.54344E-02,  2.60689E-02,  2.64194E-02,  2.64650E-02,  2.62040E-02,  2.56540E-02,  2.48494E-02,  2.38358E-02,  2.26642E-02,  2.13855E-02,  2.00459E-02,  1.86851E-02,  1.73346E-02,  1.60184E-02,  1.47534E-02,  1.35512E-02,  1.24185E-02,  1.13588E-02,  1.03731E-02,  9.46047E-03,  8.61887E-03,  7.84533E-03,  7.13635E-03,  6.48812E-03,  5.89667E-03,  5.35800E-03,  4.86814E-03,  4.42325E-03,  4.01963E-03,  3.65378E-03,  3.32239E-03,  3.02237E-03,  2.75087E-03,  2.50521E-03,  2.28296E-03,  2.08190E-03,  1.89996E-03,
  1.81268E-03,  1.99829E-03,  2.20445E-03,  2.43347E-03,  2.68790E-03,  2.97054E-03,  3.28448E-03,  3.63308E-03,  4.02000E-03,  4.44920E-03,  4.92497E-03,  5.45189E-03,  6.03483E-03,  6.67896E-03,  7.38965E-03,  8.17242E-03,  9.03285E-03,  9.97637E-03,  1.10080E-02,  1.21319E-02,  1.33510E-02,  1.46657E-02,  1.60732E-02,  1.75655E-02,  1.91278E-02,  2.07366E-02,  2.23570E-02,  2.39423E-02,  2.54337E-02,  2.67632E-02,  2.78590E-02,  2.86536E-02,  2.90938E-02,  2.91490E-02,  2.88169E-02,  2.81237E-02,  2.71188E-02,  2.58670E-02,  2.44384E-02,  2.29003E-02,  2.13119E-02,  1.97210E-02,  1.81638E-02,  1.66658E-02,  1.52438E-02,  1.39075E-02,  1.26616E-02,  1.15072E-02,  1.04430E-02,  9.46586E-03,  8.57172E-03,  7.75587E-03,  7.01330E-03,  6.33886E-03,  5.72743E-03,  5.17399E-03,  4.67372E-03,  4.22203E-03,  3.81459E-03,  3.44734E-03,  3.11652E-03,  2.81864E-03,  2.55051E-03,  2.30918E-03,  2.09198E-03,  1.89649E-03,  1.72049E-03,
  1.61400E-03,  1.79217E-03,  1.99116E-03,  2.21343E-03,  2.46174E-03,  2.73914E-03,  3.04899E-03,  3.39500E-03,  3.78127E-03,  4.21226E-03,  4.69284E-03,  5.22833E-03,  5.82445E-03,  6.48736E-03,  7.22366E-03,  8.04031E-03,  8.94464E-03,  9.94416E-03,  1.10464E-02,  1.22585E-02,  1.35866E-02,  1.50353E-02,  1.66055E-02,  1.82932E-02,  2.00864E-02,  2.19623E-02,  2.38831E-02,  2.57938E-02,  2.76206E-02,  2.92733E-02,  3.06526E-02,  3.16621E-02,  3.22233E-02,  3.22911E-02,  3.18621E-02,  3.09757E-02,  2.97050E-02,  2.81431E-02,  2.63873E-02,  2.45276E-02,  2.26384E-02,  2.07767E-02,  1.89825E-02,  1.72813E-02,  1.56878E-02,  1.42084E-02,  1.28442E-02,  1.15930E-02,  1.04500E-02,  9.40950E-03,  8.46490E-03,  7.60945E-03,  6.83637E-03,  6.13900E-03,  5.51094E-03,  4.94609E-03,  4.43870E-03,  3.98339E-03,  3.57516E-03,  3.20938E-03,  2.88182E-03,  2.58858E-03,  2.32613E-03,  2.09127E-03,  1.88108E-03,  1.69296E-03,  1.52455E-03,
  1.39805E-03,  1.56699E-03,  1.75682E-03,  1.97018E-03,  2.20998E-03,  2.47952E-03,  2.78242E-03,  3.12276E-03,  3.50502E-03,  3.93417E-03,  4.41570E-03,  4.95562E-03,  5.56053E-03,  6.23764E-03,  6.99482E-03,  7.84056E-03,  8.78409E-03,  9.83523E-03,  1.10044E-02,  1.23023E-02,  1.37394E-02,  1.53253E-02,  1.70671E-02,  1.89668E-02,  2.10185E-02,  2.32029E-02,  2.54820E-02,  2.77935E-02,  3.00461E-02,  3.21207E-02,  3.38790E-02,  3.51805E-02,  3.59081E-02,  3.59927E-02,  3.54295E-02,  3.42792E-02,  3.26520E-02,  3.06838E-02,  2.85111E-02,  2.62532E-02,  2.40031E-02,  2.18263E-02,  1.97643E-02,  1.78400E-02,  1.60629E-02,  1.44341E-02,  1.29494E-02,  1.16015E-02,  1.03819E-02,  9.28103E-03,  8.28972E-03,  7.39878E-03,  6.59946E-03,  5.88346E-03,  5.24301E-03,  4.67085E-03,  4.16026E-03,  3.70503E-03,  3.29948E-03,  2.93841E-03,  2.61710E-03,  2.33127E-03,  2.07705E-03,  1.85097E-03,  1.64990E-03,  1.47107E-03,  1.31198E-03,
  1.16483E-03,  1.32266E-03,  1.50126E-03,  1.70339E-03,  1.93214E-03,  2.19100E-03,  2.48386E-03,  2.81512E-03,  3.18965E-03,  3.61290E-03,  4.09095E-03,  4.63051E-03,  5.23904E-03,  5.92480E-03,  6.69690E-03,  7.56544E-03,  8.54157E-03,  9.63760E-03,  1.08671E-02,  1.22447E-02,  1.37862E-02,  1.55077E-02,  1.74241E-02,  1.95471E-02,  2.18805E-02,  2.44140E-02,  2.71142E-02,  2.99145E-02,  3.27058E-02,  3.53323E-02,  3.76006E-02,  3.93040E-02,  4.02634E-02,  4.03708E-02,  3.96195E-02,  3.81047E-02,  3.59961E-02,  3.34946E-02,  3.07922E-02,  2.80458E-02,  2.53684E-02,  2.28314E-02,  2.04735E-02,  1.83101E-02,  1.63421E-02,  1.45620E-02,  1.29583E-02,  1.15174E-02,  1.02257E-02,  9.06995E-03,  8.03752E-03,  7.11673E-03,  6.29671E-03,  5.56745E-03,  4.91973E-03,  4.34510E-03,  3.83585E-03,  3.38493E-03,  2.98599E-03,  2.63323E-03,  2.32148E-03,  2.04606E-03,  1.80280E-03,  1.58798E-03,  1.39828E-03,  1.23076E-03,  1.08280E-03,
  9.14546E-04,  1.05932E-03,  1.22453E-03,  1.41303E-03,  1.62804E-03,  1.87323E-03,  2.15275E-03,  2.47125E-03,  2.83400E-03,  3.24690E-03,  3.71655E-03,  4.25035E-03,  4.85658E-03,  5.54448E-03,  6.32440E-03,  7.20793E-03,  8.20814E-03,  9.33978E-03,  1.06196E-02,  1.20667E-02,  1.37024E-02,  1.55505E-02,  1.76363E-02,  1.99840E-02,  2.26129E-02,  2.55284E-02,  2.87106E-02,  3.20963E-02,  3.55611E-02,  3.89061E-02,  4.18620E-02,  4.41222E-02,  4.54081E-02,  4.55475E-02,  4.45300E-02,  4.25090E-02,  3.97495E-02,  3.65512E-02,  3.31829E-02,  2.98473E-02,  2.66755E-02,  2.37383E-02,  2.10639E-02,  1.86536E-02,  1.64946E-02,  1.45675E-02,  1.28512E-02,  1.13248E-02,  9.96897E-03,  8.76605E-03,  7.70007E-03,  6.75666E-03,  5.92278E-03,  5.18668E-03,  4.53770E-03,  3.96617E-03,  3.46341E-03,  3.02154E-03,  2.63351E-03,  2.29301E-03,  1.99438E-03,  1.73261E-03,  1.50322E-03,  1.30227E-03,  1.12628E-03,  9.72167E-04,  8.37227E-04,
  6.47596E-04,  7.77359E-04,  9.26964E-04,  1.09934E-03,  1.29783E-03,  1.52625E-03,  1.78894E-03,  2.09082E-03,  2.43747E-03,  2.83520E-03,  3.29113E-03,  3.81326E-03,  4.41062E-03,  5.09335E-03,  5.87292E-03,  6.76228E-03,  7.77623E-03,  8.93177E-03,  1.02486E-02,  1.17500E-02,  1.34632E-02,  1.54202E-02,  1.76580E-02,  2.02172E-02,  2.31379E-02,  2.64510E-02,  3.01619E-02,  3.42253E-02,  3.85120E-02,  4.27777E-02,  4.66534E-02,  4.96841E-02,  5.14321E-02,  5.16173E-02,  5.02232E-02,  4.75010E-02,  4.38690E-02,  3.97742E-02,  3.55879E-02,  3.15628E-02,  2.78400E-02,  2.44769E-02,  2.14797E-02,  1.88273E-02,  1.64873E-02,  1.44252E-02,  1.26087E-02,  1.10087E-02,  9.59989E-03,  8.36011E-03,  7.27008E-03,  6.31280E-03,  5.47315E-03,  4.73764E-03,  4.09421E-03,  3.53204E-03,  3.04145E-03,  2.61381E-03,  2.24139E-03,  1.91737E-03,  1.63567E-03,  1.39094E-03,  1.17847E-03,  9.94112E-04,  8.34243E-04,  6.95687E-04,  5.75670E-04,
  3.64624E-04,  4.77403E-04,  6.09178E-04,  7.62924E-04,  9.42062E-04,  1.15052E-03,  1.39279E-03,  1.67402E-03,  2.00007E-03,  2.37759E-03,  2.81415E-03,  3.31830E-03,  3.89973E-03,  4.56936E-03,  5.33961E-03,  6.22457E-03,  7.24046E-03,  8.40607E-03,  9.74362E-03,  1.12797E-02,  1.30469E-02,  1.50851E-02,  1.74433E-02,  2.01804E-02,  2.33627E-02,  2.70562E-02,  3.13083E-02,  3.61131E-02,  4.13587E-02,  4.67650E-02,  5.18419E-02,  5.59223E-02,  5.83184E-02,  5.85706E-02,  5.66522E-02,  5.29766E-02,  4.82040E-02,  4.29935E-02,  3.78437E-02,  3.30518E-02,  2.87497E-02,  2.49624E-02,  2.16590E-02,  1.87864E-02,  1.62880E-02,  1.41119E-02,  1.22137E-02,  1.05563E-02,  9.10863E-03,  7.84455E-03,  6.74170E-03,  5.78066E-03,  4.94438E-03,  4.21778E-03,  3.58744E-03,  3.04146E-03,  2.56923E-03,  2.16136E-03,  1.80954E-03,  1.50645E-03,  1.24565E-03,  1.02150E-03,  8.29072E-04,  6.64080E-04,  5.22787E-04,  4.01953E-04,  2.98770E-04,
  6.65101E-05,  1.60371E-04,  2.72117E-04,  4.04736E-04,  5.61689E-04,  7.46975E-04,  9.65207E-04,  1.22169E-03,  1.52252E-03,  1.87465E-03,  2.28601E-03,  2.76565E-03,  3.32378E-03,  3.97202E-03,  4.72351E-03,  5.59324E-03,  6.59838E-03,  7.75896E-03,  9.09872E-03,  1.06465E-02,  1.24385E-02,  1.45205E-02,  1.69522E-02,  1.98097E-02,  2.31881E-02,  2.71961E-02,  3.19397E-02,  3.74804E-02,  4.37598E-02,  5.04916E-02,  5.70589E-02,  6.25128E-02,  6.57896E-02,  6.61417E-02,  6.35246E-02,  5.86109E-02,  5.24241E-02,  4.59091E-02,  3.97040E-02,  3.41275E-02,  2.92716E-02,  2.51038E-02,  2.15412E-02,  1.84911E-02,  1.58702E-02,  1.36093E-02,  1.16534E-02,  9.95821E-03,  8.48828E-03,  7.21418E-03,  6.11104E-03,  5.15739E-03,  4.33450E-03,  3.62580E-03,  3.01668E-03,  2.49417E-03,  2.04683E-03,  1.66457E-03,  1.33854E-03,  1.06099E-03,  8.25160E-04,  6.25183E-04,  4.55970E-04,  3.13122E-04,  1.92846E-04,  9.18746E-05,  7.40092E-06,
 -2.45614E-04, -1.72535E-04, -8.29465E-05,  2.61147E-05,  1.58108E-04,  3.17062E-04,  5.07660E-04,  7.35325E-04,  1.00632E-03,  1.32784E-03,  1.70816E-03,  2.15668E-03,  2.68412E-03,  3.30261E-03,  4.02588E-03,  4.86949E-03,  5.85119E-03,  6.99145E-03,  8.31444E-03,  9.84956E-03,  1.16339E-02,  1.37160E-02,  1.61614E-02,  1.90591E-02,  2.25288E-02,  2.67234E-02,  3.18177E-02,  3.79674E-02,  4.52129E-02,  5.33158E-02,  6.15605E-02,  6.86674E-02,  7.30597E-02,  7.35626E-02,  7.01002E-02,  6.37239E-02,  5.59530E-02,  4.80744E-02,  4.08504E-02,  3.45787E-02,  2.92736E-02,  2.48224E-02,  2.10804E-02,  1.79149E-02,  1.52184E-02,  1.29081E-02,  1.09215E-02,  9.21018E-03,  7.73578E-03,  6.46682E-03,  5.37663E-03,  4.44216E-03,  3.64319E-03,  2.96187E-03,  2.38245E-03,  1.89101E-03,  1.47532E-03,  1.12467E-03,  8.29729E-04,  5.82384E-04,  3.75624E-04,  2.03404E-04,  6.05337E-05, -5.74393E-05, -1.54320E-04, -2.33357E-04, -2.97317E-04,
 -5.70367E-04, -5.19818E-04, -4.54398E-04, -3.71207E-04, -2.66826E-04, -1.37243E-04,  2.22439E-05,  2.17125E-04,  4.53784E-04,  7.39613E-04,  1.08313E-03,  1.49409E-03,  1.98361E-03,  2.56429E-03,  3.25030E-03,  4.05758E-03,  5.00404E-03,  6.10998E-03,  7.39885E-03,  8.89863E-03,  1.06443E-02,  1.26822E-02,  1.50766E-02,  1.79198E-02,  2.13447E-02,  2.55370E-02,  3.07363E-02,  3.72034E-02,  4.51160E-02,  5.43509E-02,  6.41661E-02,  7.29710E-02,  7.85977E-02,  7.93283E-02,  7.50328E-02,  6.72241E-02,  5.79902E-02,  4.89563E-02,  4.09589E-02,  3.42259E-02,  2.86657E-02,  2.40784E-02,  2.02630E-02,  1.70557E-02,  1.43345E-02,  1.20110E-02,  1.00205E-02,  8.31403E-03,  6.85253E-03,  5.60368E-03,  4.53972E-03,  3.63634E-03,  2.87203E-03,  2.22776E-03,  1.68670E-03,  1.23405E-03,  8.56848E-04,  5.43839E-04,  2.85270E-04,  7.27474E-05, -1.00927E-04, -2.41900E-04, -3.55406E-04, -4.45888E-04, -5.17112E-04, -5.72259E-04, -6.14016E-04,
 -9.06117E-04, -8.79691E-04, -8.40284E-04, -7.85096E-04, -7.10795E-04, -6.13428E-04, -4.88322E-04, -3.29973E-04, -1.31925E-04,  1.13356E-04,  4.14607E-04,  7.81893E-04,  1.22671E-03,  1.76210E-03,  2.40267E-03,  3.16466E-03,  4.06601E-03,  5.12645E-03,  6.36789E-03,  7.81526E-03,  9.49851E-03,  1.14564E-02,  1.37435E-02,  1.64419E-02,  1.96787E-02,  2.36477E-02,  2.86266E-02,  3.49634E-02,  4.29802E-02,  5.27209E-02,  6.35203E-02,  7.36034E-02,  8.03018E-02,  8.13714E-02,  7.65909E-02,  6.78664E-02,  5.77594E-02,  4.81370E-02,  3.98447E-02,  3.30150E-02,  2.74568E-02,  2.29041E-02,  1.91240E-02,  1.59434E-02,  1.32414E-02,  1.09344E-02,  8.96192E-03,  7.27785E-03,  5.84449E-03,  4.62951E-03,  3.60439E-03,  2.74369E-03,  2.02464E-03,  1.42701E-03,  9.32922E-04,  5.26703E-04,  1.94736E-04, -7.47370E-05, -2.91800E-04, -4.65057E-04, -6.01811E-04, -7.08239E-04, -7.89546E-04, -8.50107E-04, -8.93590E-04, -9.23061E-04, -9.41084E-04,
 -1.25100E-03, -1.25009E-03, -1.23832E-03, -1.21303E-03, -1.17102E-03, -1.10844E-03, -1.02069E-03, -9.02303E-04, -7.46800E-04, -5.46543E-04, -2.92600E-04,  2.53964E-05,  4.19362E-04,  9.02831E-04,  1.49097E-03,  2.20051E-03,  3.04956E-03,  4.05741E-03,  5.24431E-03,  6.63149E-03,  8.24201E-03,  1.01032E-02,  1.22522E-02,  1.47475E-02,  1.76880E-02,  2.12419E-02,  2.56800E-02,  3.13878E-02,  3.87961E-02,  4.81277E-02,  5.88958E-02,  6.93605E-02,  7.66500E-02,  7.82066E-02,  7.36615E-02,  6.50278E-02,  5.50435E-02,  4.56497E-02,  3.76558E-02,  3.11221E-02,  2.58061E-02,  2.14256E-02,  1.77560E-02,  1.46424E-02,  1.19826E-02,  9.70724E-03,  7.76518E-03,  6.11527E-03,  4.72174E-03,  3.55230E-03,  2.57747E-03,  1.77035E-03,  1.10674E-03,  5.65029E-04,  1.26236E-04, -2.26177E-04, -5.06461E-04, -7.26799E-04, -8.97532E-04, -1.02739E-03, -1.12369E-03, -1.19256E-03, -1.23911E-03, -1.26758E-03, -1.28148E-03, -1.28372E-03, -1.27668E-03,
 -1.60292E-03, -1.62867E-03, -1.64590E-03, -1.65211E-03, -1.64428E-03, -1.61869E-03, -1.57089E-03, -1.49548E-03, -1.38600E-03, -1.23474E-03, -1.03258E-03, -7.68845E-04, -4.31111E-04, -5.17916E-06,  5.24939E-04,  1.17687E-03,  1.96951E-03,  2.92248E-03,  4.05527E-03,  5.38631E-03,  6.93223E-03,  8.70816E-03,  1.07307E-02,  1.30260E-02,  1.56478E-02,  1.87086E-02,  2.24250E-02,  2.71575E-02,  3.33838E-02,  4.14837E-02,  5.12262E-02,  6.11375E-02,  6.84979E-02,  7.07059E-02,  6.71742E-02,  5.96614E-02,  5.07388E-02,  4.22643E-02,  3.50028E-02,  2.89999E-02,  2.40318E-02,  1.98573E-02,  1.62989E-02,  1.32424E-02,  1.06152E-02,  8.36636E-03,  6.45486E-03,  4.84361E-03,  3.49746E-03,  2.38289E-03,  1.46837E-03,  7.24865E-04,  1.26194E-04, -3.50857E-04, -7.26532E-04, -1.01827E-03, -1.24091E-03, -1.40700E-03, -1.52705E-03, -1.60982E-03, -1.66256E-03, -1.69128E-03, -1.70089E-03, -1.69543E-03, -1.67821E-03, -1.65191E-03, -1.61873E-03,
 -1.95960E-03, -2.01288E-03, -2.06015E-03, -2.09911E-03, -2.12694E-03, -2.14013E-03, -2.13438E-03, -2.10443E-03, -2.04387E-03, -1.94496E-03, -1.79839E-03, -1.59311E-03, -1.31611E-03, -9.52268E-04, -4.84382E-04,  1.06728E-04,  8.41768E-04,  1.74216E-03,  2.82873E-03,  4.11984E-03,  5.62918E-03,  7.36364E-03,  9.32275E-03,  1.15026E-02,  1.39088E-02,  1.65866E-02,  1.96719E-02,  2.34561E-02,  2.84096E-02,  3.50334E-02,  4.33828E-02,  5.23772E-02,  5.96293E-02,  6.26028E-02,  6.04292E-02,  5.44301E-02,  4.68532E-02,  3.94174E-02,  3.28683E-02,  2.72947E-02,  2.25449E-02,  1.84539E-02,  1.49079E-02,  1.18375E-02,  9.19695E-03,  6.94870E-03,  5.05614E-03,  3.48158E-03,  2.18680E-03,  1.13436E-03,  2.88906E-04, -3.81899E-04, -9.06905E-04, -1.31132E-03, -1.61680E-03, -1.84171E-03, -2.00147E-03, -2.10889E-03, -2.17456E-03, -2.20717E-03, -2.21382E-03, -2.20027E-03, -2.17121E-03, -2.13041E-03, -2.08090E-03, -2.02512E-03, -1.96499E-03,
 -2.31859E-03, -2.39996E-03, -2.47794E-03, -2.55048E-03, -2.61500E-03, -2.66823E-03, -2.70607E-03, -2.72344E-03, -2.71402E-03, -2.67006E-03, -2.58208E-03, -2.43860E-03, -2.22588E-03, -1.92765E-03, -1.52499E-03, -9.96338E-04, -3.17881E-04,  5.35665E-04,  1.58954E-03,  2.86660E-03,  4.38396E-03,  6.14905E-03,  8.15595E-03,  1.03848E-02,  1.28097E-02,  1.54237E-02,  1.82912E-02,  2.16291E-02,  2.58713E-02,  3.15864E-02,  3.90510E-02,  4.75141E-02,  5.48546E-02,  5.85427E-02,  5.74279E-02,  5.24601E-02,  4.56470E-02,  3.86435E-02,  3.22408E-02,  2.66159E-02,  2.17083E-02,  1.74263E-02,  1.37044E-02,  1.04985E-02,  7.77126E-03,  5.48321E-03,  3.59073E-03,  2.04729E-03,  8.05991E-04, -1.78191E-04, -9.46723E-04, -1.53664E-03, -1.98020E-03, -2.30497E-03, -2.53418E-03, -2.68714E-03, -2.77974E-03, -2.82498E-03, -2.83341E-03, -2.81356E-03, -2.77226E-03, -2.71498E-03, -2.64607E-03, -2.56899E-03, -2.48645E-03, -2.40059E-03, -2.31307E-03,
 -2.67733E-03, -2.78698E-03, -2.89595E-03, -3.00246E-03, -3.10419E-03, -3.19813E-03, -3.28044E-03, -3.34625E-03, -3.38938E-03, -3.40210E-03, -3.37477E-03, -3.29547E-03, -3.14962E-03, -2.91953E-03, -2.58410E-03, -2.11857E-03, -1.49457E-03, -6.80661E-04,  3.56478E-04,  1.64977E-03,  3.22821E-03,  5.11205E-03,  7.30739E-03,  9.80247E-03,  1.25709E-02,  1.55912E-02,  1.88950E-02,  2.26488E-02,  2.72332E-02,  3.31910E-02,  4.08343E-02,  4.95091E-02,  5.71783E-02,  6.12762E-02,  6.04764E-02,  5.55366E-02,  4.83967E-02,  4.07864E-02,  3.36374E-02,  2.72593E-02,  2.16813E-02,  1.68569E-02,  1.27310E-02,  9.24972E-03,  6.35536E-03,  3.98550E-03,  2.07466E-03,  5.57587E-04, -6.27615E-04, -1.53742E-03, -2.22169E-03, -2.72341E-03, -3.07889E-03, -3.31832E-03, -3.46653E-03, -3.54369E-03, -3.56609E-03, -3.54678E-03, -3.49617E-03, -3.42248E-03, -3.33221E-03, -3.23045E-03, -3.12116E-03, -3.00741E-03, -2.89158E-03, -2.77547E-03, -2.66044E-03,
 -3.03319E-03, -3.17093E-03, -3.31074E-03, -3.45110E-03, -3.58997E-03, -3.72465E-03, -3.85158E-03, -3.96612E-03, -4.06230E-03, -4.13243E-03, -4.16676E-03, -4.15292E-03, -4.07543E-03, -3.91504E-03, -3.64809E-03, -3.24593E-03, -2.67438E-03, -1.89367E-03, -8.58872E-04,  4.78672E-04,  2.16861E-03,  4.25725E-03,  6.78200E-03,  9.76621E-03,  1.32188E-02,  1.71469E-02,  2.15921E-02,  2.66946E-02,  3.27492E-02,  4.01393E-02,  4.89680E-02,  5.84101E-02,  6.63848E-02,  7.03756E-02,  6.90715E-02,  6.31957E-02,  5.47235E-02,  4.55506E-02,  3.68316E-02,  2.90540E-02,  2.23395E-02,  1.66597E-02,  1.19336E-02,  8.06205E-03,  4.93906E-03,  2.45869E-03,  5.19784E-04, -9.70457E-04, -2.09433E-03, -2.92284E-03, -3.51594E-03, -3.92332E-03, -4.18563E-03, -4.33572E-03, -4.39991E-03, -4.39911E-03, -4.34982E-03, -4.26500E-03, -4.15476E-03, -4.02696E-03, -3.88764E-03, -3.74146E-03, -3.59194E-03, -3.44176E-03, -3.29289E-03, -3.14681E-03, -3.00454E-03,
 -3.38352E-03, -3.54879E-03, -3.71882E-03, -3.89238E-03, -4.06772E-03, -4.24246E-03, -4.41333E-03, -4.57599E-03, -4.72467E-03, -4.85182E-03, -4.94757E-03, -4.99920E-03, -4.99035E-03, -4.90014E-03, -4.70222E-03, -4.36359E-03, -3.84346E-03, -3.09217E-03, -2.05045E-03, -6.49329E-04,  1.18884E-03,  3.54776E-03,  6.51274E-03,  1.01652E-02,  1.45786E-02,  1.98205E-02,  2.59675E-02,  3.31318E-02,  4.14654E-02,  5.10555E-02,  6.15988E-02,  7.19332E-02,  7.99199E-02,  8.32459E-02,  8.08071E-02,  7.33903E-02,  6.30175E-02,  5.17528E-02,  4.09983E-02,  3.14484E-02,  2.33275E-02,  1.66157E-02,  1.11855E-02,  6.87015E-03,  3.49659E-03,  9.01653E-04, -1.06054E-03, -2.51579E-03, -3.56975E-03, -4.30945E-03, -4.80541E-03, -5.11412E-03, -5.28039E-03, -5.33946E-03, -5.31886E-03, -5.23998E-03, -5.11936E-03, -4.96968E-03, -4.80066E-03, -4.61968E-03, -4.43228E-03, -4.24264E-03, -4.05382E-03, -3.86806E-03, -3.68697E-03, -3.51163E-03, -3.34280E-03,
 -3.72573E-03, -3.91756E-03, -4.11674E-03, -4.32230E-03, -4.53282E-03, -4.74619E-03, -4.95948E-03, -5.16863E-03, -5.36814E-03, -5.55061E-03, -5.70618E-03, -5.82180E-03, -5.88035E-03, -5.85945E-03, -5.73011E-03, -5.45499E-03, -4.98645E-03, -4.26431E-03, -3.21358E-03, -1.74240E-03,  2.59398E-04,  2.92015E-03,  6.38399E-03,  1.08052E-02,  1.63388E-02,  2.31281E-02,  3.12887E-02,  4.08827E-02,  5.18604E-02,  6.39204E-02,  7.62610E-02,  8.73407E-02,  9.49999E-02,  9.72327E-02,  9.32604E-02,  8.40048E-02,  7.15351E-02,  5.80481E-02,  4.51662E-02,  3.37819E-02,  2.42212E-02,  1.64700E-02,  1.03468E-02,  5.60894E-03,  2.00942E-03, -6.76856E-04, -2.64287E-03, -4.04825E-03, -5.02187E-03, -5.66612E-03, -6.06135E-03, -6.27008E-03, -6.34059E-03, -6.30998E-03, -6.20660E-03, -6.05202E-03, -5.86257E-03, -5.65054E-03, -5.42515E-03, -5.19325E-03, -4.95986E-03, -4.72865E-03, -4.50223E-03, -4.28242E-03, -4.07045E-03, -3.86707E-03, -3.67272E-03,
 -4.05733E-03, -4.27437E-03, -4.50117E-03, -4.73702E-03, -4.98075E-03, -5.23058E-03, -5.48386E-03, -5.73685E-03, -5.98430E-03, -6.21902E-03, -6.43118E-03, -6.60757E-03, -6.73044E-03, -6.77616E-03, -6.71341E-03, -6.50090E-03, -6.08458E-03, -5.39417E-03, -4.33924E-03, -2.80485E-03, -6.47357E-04,  2.30854E-03,  6.26994E-03,  1.14700E-02,  1.81526E-02,  2.65418E-02,  3.67890E-02,  4.88910E-02,  6.25680E-02,  7.71036E-02,  9.11890E-02,  1.02908E-01,  1.10075E-01,  1.10981E-01,  1.05212E-01,  9.39060E-02,  7.92443E-02,  6.35589E-02,  4.86521E-02,  3.55700E-02,  2.47098E-02,  1.60458E-02,  9.33495E-03,  4.25715E-03,  4.92571E-04, -2.24256E-03, -4.18469E-03, -5.52369E-03, -6.40861E-03, -6.95468E-03, -7.25018E-03, -7.36221E-03, -7.34156E-03, -7.22647E-03, -7.04566E-03, -6.82058E-03, -6.56720E-03, -6.29732E-03, -6.01964E-03, -5.74045E-03, -5.46429E-03, -5.19434E-03, -4.93281E-03, -4.68112E-03, -4.44015E-03, -4.21037E-03, -3.99194E-03,
 -4.37603E-03, -4.61658E-03, -4.86903E-03, -5.13292E-03, -5.40732E-03, -5.69069E-03, -5.98067E-03, -6.27377E-03, -6.56501E-03, -6.84739E-03, -7.11121E-03, -7.34313E-03, -7.52501E-03, -7.63226E-03, -7.63169E-03, -7.47880E-03, -7.11413E-03, -6.45869E-03, -5.40838E-03, -3.82738E-03, -1.54103E-03,  1.67048E-03,  6.07529E-03,  1.19849E-02,  1.97333E-02,  2.96293E-02,  4.18678E-02,  5.63918E-02,  7.27105E-02,  8.97194E-02,  1.05623E-01,  1.18107E-01,  1.24869E-01,  1.24395E-01,  1.16616E-01,  1.02996E-01,  8.59671E-02,  6.80641E-02,  5.12509E-02,  3.66658E-02,  2.47173E-02,  1.53295E-02,  8.18122E-03,  2.87232E-03, -9.84512E-04, -3.72401E-03, -5.61840E-03, -6.88138E-03, -7.67713E-03, -8.13019E-03, -8.33420E-03, -8.35923E-03, -8.25746E-03, -8.06767E-03, -7.81856E-03, -7.53130E-03, -7.22142E-03, -6.90026E-03, -6.57601E-03, -6.25453E-03, -5.93992E-03, -5.63497E-03, -5.34153E-03, -5.06073E-03, -4.79316E-03, -4.53903E-03, -4.29830E-03,
 -4.67979E-03, -4.94181E-03, -5.21758E-03, -5.50681E-03, -5.80875E-03, -6.12207E-03, -6.44461E-03, -6.77309E-03, -7.10274E-03, -7.42672E-03, -7.73541E-03, -8.01545E-03, -8.24843E-03, -8.40908E-03, -8.46291E-03, -8.36304E-03, -8.04594E-03, -7.42592E-03, -6.38812E-03, -4.77980E-03, -2.40051E-03,  1.00779E-03,  5.76751E-03,  1.22627E-02,  2.09161E-02,  3.21282E-02,  4.61592E-02,  6.29396E-02,  8.18267E-02,  1.01386E-01,  1.19355E-01,  1.32955E-01,  1.39611E-01,  1.37849E-01,  1.27910E-01,  1.11696E-01,  9.20603E-02,  7.18507E-02,  5.31996E-02,  3.72788E-02,  2.44386E-02,  1.45044E-02,  7.05443E-03,  1.60552E-03, -2.29055E-03, -5.00990E-03, -6.85146E-03, -8.04545E-03, -8.76594E-03, -9.14311E-03, -9.27372E-03, -9.22935E-03, -9.06288E-03, -8.81321E-03, -8.50893E-03, -8.17095E-03, -7.81450E-03, -7.45058E-03, -7.08708E-03, -6.72954E-03, -6.38179E-03, -6.04638E-03, -5.72490E-03, -5.41828E-03, -5.12692E-03, -4.85087E-03, -4.58990E-03,
 -4.96686E-03, -5.24807E-03, -5.54450E-03, -5.85598E-03, -6.18187E-03, -6.52096E-03, -6.87120E-03, -7.22944E-03, -7.59098E-03, -7.94906E-03, -8.29407E-03, -8.61259E-03, -8.88597E-03, -9.08845E-03, -9.18466E-03, -9.12612E-03, -8.84656E-03, -8.25577E-03, -7.23142E-03, -5.60878E-03, -3.16838E-03,  3.77154E-04,  5.39406E-03,  1.23289E-02,  2.16871E-02,  3.39671E-02,  4.95211E-02,  6.83225E-02,  8.96568E-02,  1.11838E-01,  1.32160E-01,  1.47306E-01,  1.54272E-01,  1.51462E-01,  1.39377E-01,  1.20437E-01,  9.80523E-02,  7.54836E-02,  5.50471E-02,  3.79078E-02,  2.43054E-02,  1.39305E-02,  6.24691E-03,  6.89488E-04, -3.24284E-03, -5.95822E-03, -7.77419E-03, -8.93155E-03, -9.61023E-03, -9.94367E-03, -1.00304E-02, -9.94299E-03, -9.73484E-03, -9.44514E-03, -9.10265E-03, -8.72835E-03, -8.33749E-03, -7.94109E-03, -7.54698E-03, -7.16066E-03, -6.78591E-03, -6.42521E-03, -6.08008E-03, -5.75136E-03, -5.43937E-03, -5.14407E-03, -4.86517E-03,
 -5.23589E-03, -5.53380E-03, -5.84801E-03, -6.17836E-03, -6.52426E-03, -6.88450E-03, -7.25703E-03, -7.63867E-03, -8.02467E-03, -8.40815E-03, -8.77937E-03, -9.12466E-03, -9.42504E-03, -9.65425E-03, -9.77618E-03, -9.74121E-03, -9.48135E-03, -8.90361E-03, -7.88120E-03, -6.24209E-03, -3.75490E-03, -1.12796E-04,  5.08149E-03,  1.23225E-02,  2.21858E-02,  3.52636E-02,  5.20160E-02,  7.25052E-02,  9.60227E-02,  1.20721E-01,  1.43510E-01,  1.60520E-01,  1.68219E-01,  1.64773E-01,  1.50858E-01,  1.29408E-01,  1.04430E-01,  7.96279E-02,  5.75103E-02,  3.92264E-02,  2.48962E-02,  1.40760E-02,  6.12263E-03,  3.99848E-04, -3.63610E-03, -6.41757E-03, -8.27553E-03, -9.45832E-03, -1.01504E-02, -1.04880E-02, -1.05719E-02, -1.04761E-02, -1.02553E-02, -9.94979E-03, -9.58925E-03, -9.19537E-03, -8.78401E-03, -8.36667E-03, -7.95156E-03, -7.54449E-03, -7.14945E-03, -6.76908E-03, -6.40502E-03, -6.05819E-03, -5.72895E-03, -5.41729E-03, -5.12290E-03,
 -5.48593E-03, -5.79795E-03, -6.12691E-03, -6.47261E-03, -6.83437E-03, -7.21087E-03, -7.59994E-03, -7.99818E-03, -8.40058E-03, -8.79995E-03, -9.18611E-03, -9.54488E-03, -9.85663E-03, -1.00943E-02, -1.02210E-02, -1.01857E-02, -9.91927E-03, -9.32676E-03, -8.27888E-03, -6.59985E-03, -4.05223E-03, -3.18935E-04,  5.01502E-03,  1.24743E-02,  2.26837E-02,  3.63096E-02,  5.39105E-02,  7.56526E-02,  1.00885E-01,  1.27693E-01,  1.52715E-01,  1.71620E-01,  1.80382E-01,  1.76868E-01,  1.61823E-01,  1.38556E-01,  1.11558E-01,  8.49114E-02,  6.13112E-02,  4.19235E-02,  2.67991E-02,  1.54074E-02,  7.03417E-03,  9.94574E-04, -3.28562E-03, -6.25757E-03, -8.26427E-03, -9.56231E-03, -1.03423E-02, -1.07456E-02, -1.08768E-02, -1.08136E-02, -1.06136E-02, -1.03195E-02, -9.96313E-03, -9.56783E-03, -9.15084E-03, -8.72478E-03, -8.29876E-03, -7.87929E-03, -7.47091E-03, -7.07668E-03, -6.69857E-03, -6.33774E-03, -5.99473E-03, -5.66966E-03, -5.36231E-03,
 -5.71644E-03, -6.03998E-03, -6.38066E-03, -6.73815E-03, -7.11159E-03, -7.49945E-03, -7.89923E-03, -8.30716E-03, -8.71773E-03, -9.12313E-03, -9.51243E-03, -9.87054E-03, -1.01767E-02, -1.04026E-02, -1.05097E-02, -1.04456E-02, -1.01389E-02, -9.49299E-03, -8.37642E-03, -6.61125E-03, -3.95754E-03, -9.46401E-05,  5.39859E-03,  1.30587E-02,  2.35330E-02,  3.75277E-02,  5.56628E-02,  7.81832E-02,  1.04509E-01,  1.32733E-01,  1.59382E-01,  1.79871E-01,  1.89841E-01,  1.86901E-01,  1.71721E-01,  1.47729E-01,  1.19644E-01,  9.17749E-02,  6.69772E-02,  4.65048E-02,  3.04409E-02,  1.82562E-02,  9.22444E-03,  2.64410E-03, -2.07588E-03, -5.40223E-03, -7.69183E-03, -9.21339E-03, -1.01680E-02, -1.07060E-02, -1.09396E-02, -1.09529E-02, -1.08087E-02, -1.05543E-02, -1.02246E-02, -9.84618E-03, -9.43843E-03, -9.01578E-03, -8.58882E-03, -8.16518E-03, -7.75029E-03, -7.34790E-03, -6.96053E-03, -6.58973E-03, -6.23638E-03, -5.90081E-03, -5.58299E-03,
 -5.92735E-03, -6.25988E-03, -6.60935E-03, -6.97521E-03, -7.35634E-03, -7.75084E-03, -8.15575E-03, -8.56671E-03, -8.97751E-03, -9.37940E-03, -9.76034E-03, -1.01038E-02, -1.03874E-02, -1.05808E-02, -1.06431E-02, -1.05191E-02, -1.01345E-02, -9.38955E-03, -8.14961E-03, -6.23407E-03, -3.40112E-03,  6.70302E-04,  6.39994E-03,  1.43212E-02,  2.50778E-02,  3.93752E-02,  5.78412E-02,  8.07443E-02,  1.07547E-01,  1.36401E-01,  1.63877E-01,  1.85393E-01,  1.96513E-01,  1.94688E-01,  1.80385E-01,  1.56853E-01,  1.28722E-01,  1.00327E-01,  7.46491E-02,  5.31064E-02,  3.59317E-02,  2.26997E-02,  1.27399E-02,  5.37032E-03, -2.44879E-06, -3.85828E-03, -6.57116E-03, -8.42727E-03, -9.64372E-03, -1.03847E-02, -1.07743E-02, -1.09061E-02, -1.08510E-02, -1.06624E-02, -1.03806E-02, -1.00360E-02, -9.65113E-03, -9.24309E-03, -8.82437E-03, -8.40415E-03, -7.98907E-03, -7.58382E-03, -7.19165E-03, -6.81467E-03, -6.45419E-03, -6.11090E-03, -5.78500E-03,
 -6.11901E-03, -6.45818E-03, -6.81374E-03, -7.18484E-03, -7.57001E-03, -7.96687E-03, -8.37188E-03, -8.77993E-03, -9.18384E-03, -9.57369E-03, -9.93593E-03, -1.02522E-02, -1.04978E-02, -1.06397E-02, -1.06335E-02, -1.04202E-02, -9.92087E-03, -9.03065E-03, -7.60975E-03, -5.47255E-03, -2.37352E-03,  2.00931E-03,  8.09161E-03,  1.63947E-02,  2.75393E-02,  4.21954E-02,  6.09465E-02,  8.40223E-02,  1.10881E-01,  1.39741E-01,  1.67336E-01,  1.89299E-01,  2.01354E-01,  2.00916E-01,  1.88177E-01,  1.65985E-01,  1.38619E-01,  1.10267E-01,  8.39841E-02,  6.13998E-02,  4.29837E-02,  2.84970E-02,  1.73831E-02,  9.01279E-03,  2.80474E-03, -1.73070E-03, -4.98694E-03, -7.27202E-03, -8.82395E-03, -9.82523E-03, -1.04153E-02, -1.07006E-02, -1.07620E-02, -1.06611E-02, -1.04445E-02, -1.01476E-02, -9.79715E-03, -9.41306E-03, -9.01032E-03, -8.59998E-03, -8.19014E-03, -7.78663E-03, -7.39357E-03, -7.01378E-03, -6.64907E-03, -6.30055E-03, -5.96875E-03,
 -6.29213E-03, -6.63587E-03, -6.99515E-03, -7.36879E-03, -7.75488E-03, -8.15052E-03, -8.55145E-03, -8.95171E-03, -9.34299E-03, -9.71397E-03, -1.00493E-02, -1.03285E-02, -1.05240E-02, -1.05993E-02, -1.05059E-02, -1.01796E-02, -9.53550E-03, -8.46169E-03, -6.81069E-03, -4.38902E-03, -9.44324E-04,  3.84909E-03,  1.04040E-02,  1.92271E-02,  3.09064E-02,  4.60554E-02,  6.51786E-02,  8.84201E-02,  1.15190E-01,  1.43758E-01,  1.71062E-01,  1.93057E-01,  2.05760E-01,  2.06647E-01,  1.95647E-01,  1.75123E-01,  1.48889E-01,  1.20883E-01,  9.41811E-02,  7.06199E-02,  5.09317E-02,  3.51014E-02,  2.27197E-02,  1.32327E-02,  6.08392E-03,  7.79144E-04, -3.09379E-03, -5.86644E-03, -7.80003E-03, -9.09787E-03, -9.91704E-03, -1.03783E-02, -1.05741E-02, -1.05752E-02, -1.04356E-02, -1.01962E-02, -9.88808E-03, -9.53469E-03, -9.15364E-03, -8.75806E-03, -8.35766E-03, -7.95953E-03, -7.56875E-03, -7.18891E-03, -6.82242E-03, -6.47082E-03, -6.13502E-03,
 -6.44779E-03, -6.79435E-03, -7.15540E-03, -7.52941E-03, -7.91401E-03, -8.30571E-03, -8.69952E-03, -9.08853E-03, -9.46325E-03, -9.81084E-03, -1.01141E-02, -1.03500E-02, -1.04881E-02, -1.04881E-02, -1.02966E-02, -9.84389E-03, -9.03794E-03, -7.75853E-03, -5.84885E-03, -3.10542E-03,  7.33489E-04,  6.00004E-03,  1.31065E-02,  2.25463E-02,  3.48728E-02,  5.06366E-02,  7.02499E-02,  9.37516E-02,  1.20478E-01,  1.48726E-01,  1.75619E-01,  1.97431E-01,  2.10492E-01,  2.12388E-01,  2.02851E-01,  1.83820E-01,  1.58670E-01,  1.31074E-01,  1.04079E-01,  7.96784E-02,  5.88327E-02,  4.17380E-02,  2.81345E-02,  1.75525E-02,  9.46942E-03,  3.39328E-03, -1.10235E-03, -4.36995E-03, -6.69276E-03, -8.29431E-03, -9.34909E-03, -9.99225E-03, -1.03279E-02, -1.04361E-02, -1.03780E-02, -1.02002E-02, -9.93821E-03, -9.61901E-03, -9.26287E-03, -8.88501E-03, -8.49677E-03, -8.10649E-03, -7.72027E-03, -7.34246E-03, -6.97606E-03, -6.62311E-03, -6.28488E-03,
 -6.58731E-03, -6.93533E-03, -7.29671E-03, -7.66955E-03, -8.05103E-03, -8.43709E-03, -8.82202E-03, -9.19799E-03, -9.55437E-03, -9.87685E-03, -1.01464E-02, -1.03376E-02, -1.04171E-02, -1.03409E-02, -1.00511E-02, -9.47203E-03, -8.50501E-03, -7.02155E-03, -4.85545E-03, -1.79322E-03,  2.43639E-03,  8.17223E-03,  1.58265E-02,  2.58797E-02,  3.88520E-02,  5.52331E-02,  7.53462E-02,  9.91282E-02,  1.25840E-01,  1.53789E-01,  1.80242E-01,  2.01736E-01,  2.14868E-01,  2.17346E-01,  2.08795E-01,  1.90861E-01,  1.66580E-01,  1.39392E-01,  1.12277E-01,  8.73082E-02,  6.56018E-02,  4.75163E-02,  3.29191E-02,  2.14210E-02,  1.25386E-02,  5.79058E-03,  7.44670E-04, -2.96566E-03, -5.64023E-03, -7.51885E-03, -8.79047E-03, -9.60252E-03, -1.00692E-02, -1.02786E-02, -1.02983E-02, -1.01801E-02, -9.96343E-03, -9.67835E-03, -9.34759E-03, -8.98827E-03, -8.61325E-03, -8.23204E-03, -7.85165E-03, -7.47715E-03, -7.11214E-03, -6.75908E-03, -6.41960E-03,
 -6.71219E-03, -7.06073E-03, -7.42151E-03, -7.79230E-03, -8.16988E-03, -8.54969E-03, -8.92538E-03, -9.28833E-03, -9.62690E-03, -9.92554E-03, -1.01636E-02, -1.03138E-02, -1.03403E-02, -1.01959E-02, -9.81906E-03, -9.12957E-03, -8.02313E-03, -6.36491E-03, -3.98169E-03, -6.52842E-04,  3.89883E-03,  1.00148E-02,  1.81028E-02,  2.86269E-02,  4.20725E-02,  5.88717E-02,  7.92683E-02,  1.03114E-01,  1.29609E-01,  1.57078E-01,  1.82907E-01,  2.03848E-01,  2.16725E-01,  2.19378E-01,  2.11403E-01,  1.94271E-01,  1.70779E-01,  1.44160E-01,  1.17284E-01,  9.22206E-02,  7.01575E-02,  5.15536E-02,  3.63704E-02,  2.42884E-02,  1.48676E-02,  7.64759E-03,  2.20187E-03, -1.83915E-03, -4.78271E-03, -6.87758E-03, -8.32159E-03, -9.27020E-03, -9.84454E-03, -1.01384E-02, -1.02241E-02, -1.01572E-02, -9.98011E-03, -9.72540E-03, -9.41766E-03, -9.07556E-03, -8.71314E-03, -8.34090E-03, -7.96660E-03, -7.59592E-03, -7.23294E-03, -6.88053E-03, -6.54061E-03,
 -6.82401E-03, -7.17255E-03, -7.53231E-03, -7.90085E-03, -8.27460E-03, -8.64862E-03, -9.01609E-03, -9.36780E-03, -9.69138E-03, -9.97042E-03, -1.01832E-02, -1.03011E-02, -1.02867E-02, -1.00911E-02, -9.65035E-03, -8.88186E-03, -7.67857E-03, -5.90295E-03, -3.37947E-03,  1.13547E-04,  4.85173E-03,  1.11702E-02,  1.94624E-02,  3.01663E-02,  4.37255E-02,  6.05133E-02,  8.07028E-02,  1.04079E-01,  1.29814E-01,  1.56274E-01,  1.80985E-01,  2.00918E-01,  2.13136E-01,  2.15643E-01,  2.08063E-01,  1.91754E-01,  1.69306E-01,  1.43729E-01,  1.17724E-01,  9.32763E-02,  7.15654E-02,  5.30934E-02,  3.78844E-02,  2.56797E-02,  1.60871E-02,  8.67968E-03,  3.05131E-03, -1.15665E-03, -4.24678E-03, -6.46691E-03, -8.01599E-03, -9.05153E-03, -9.69705E-03, -1.00487E-02, -1.01810E-02, -1.01513E-02, -1.00038E-02, -9.77228E-03, -9.48261E-03, -9.15436E-03, -8.80236E-03, -8.43775E-03, -8.06883E-03, -7.70170E-03, -7.34081E-03, -6.98931E-03, -6.64937E-03,
 -6.92435E-03, -7.27274E-03, -7.63158E-03, -7.99826E-03, -8.36903E-03, -8.73871E-03, -9.10022E-03, -9.44405E-03, -9.75752E-03, -1.00238E-02, -1.02209E-02, -1.03198E-02, -1.02826E-02, -1.00603E-02, -9.58910E-03, -8.78666E-03, -7.54723E-03, -5.73572E-03, -3.18105E-03,  3.30814E-04,  5.06314E-03,  1.13317E-02,  1.95012E-02,  2.99685E-02,  4.31228E-02,  5.92722E-02,  7.85240E-02,  1.00617E-01,  1.24729E-01,  1.49317E-01,  1.72110E-01,  1.90364E-01,  2.01445E-01,  2.03586E-01,  1.96474E-01,  1.81350E-01,  1.60558E-01,  1.36817E-01,  1.12577E-01,  8.96582E-02,  6.91676E-02,  5.16053E-02,  3.70353E-02,  2.52550E-02,  1.59285E-02,  8.67621E-03,  3.12881E-03, -1.04562E-03, -4.13114E-03, -6.36323E-03, -7.93281E-03, -8.99239E-03, -9.66242E-03, -1.00373E-02, -1.01907E-02, -1.01795E-02, -1.00479E-02, -9.82966E-03, -9.55089E-03, -9.23140E-03, -8.88627E-03, -8.52689E-03, -8.16177E-03, -7.79726E-03, -7.43796E-03, -7.08721E-03, -6.74731E-03,
 -7.01467E-03, -7.36311E-03, -7.72155E-03, -8.08730E-03, -8.45658E-03, -8.82417E-03, -9.18301E-03, -9.52363E-03, -9.83349E-03, -1.00961E-02, -1.02897E-02, -1.03861E-02, -1.03488E-02, -1.01302E-02, -9.66923E-03, -8.88764E-03, -7.68547E-03, -5.93621E-03, -3.48119E-03, -1.24128E-04,  4.37325E-03,  1.02923E-02,  1.79517E-02,  2.76896E-02,  3.98254E-02,  5.45927E-02,  7.20348E-02,  9.18638E-02,  1.13303E-01,  1.34969E-01,  1.54875E-01,  1.70667E-01,  1.80120E-01,  1.81763E-01,  1.75369E-01,  1.62020E-01,  1.43725E-01,  1.22811E-01,  1.01381E-01,  8.10102E-02,  6.26803E-02,  4.68565E-02,  3.36289E-02,  2.28522E-02,  1.42566E-02,  7.52544E-03,  2.34284E-03, -1.58043E-03, -4.49588E-03, -6.61487E-03, -8.11086E-03, -9.12387E-03, -9.76559E-03, -1.01243E-02, -1.02693E-02, -1.02548E-02, -1.01228E-02, -9.90595E-03, -9.62932E-03, -9.31221E-03, -8.96936E-03, -8.61196E-03, -8.24841E-03, -7.88501E-03, -7.52638E-03, -7.17585E-03, -6.83577E-03,
 -7.09626E-03, -7.44523E-03, -7.80409E-03, -8.17024E-03, -8.54000E-03, -8.90836E-03, -9.26853E-03, -9.61149E-03, -9.92533E-03, -1.01944E-02, -1.03985E-02, -1.05112E-02, -1.04985E-02, -1.03170E-02, -9.91088E-03, -9.20946E-03, -8.12349E-03, -6.54125E-03, -4.32458E-03, -1.30514E-03,  2.71773E-03,  7.97601E-03,  1.47256E-02,  2.32287E-02,  3.37196E-02,  4.63479E-02,  6.10952E-02,  7.76663E-02,  9.53745E-02,  1.13062E-01,  1.29124E-01,  1.41705E-01,  1.49090E-01,  1.50174E-01,  1.44821E-01,  1.33901E-01,  1.18991E-01,  1.01914E-01,  8.43308E-02,  6.75036E-02,  5.22389E-02,  3.89438E-02,  2.77272E-02,  1.85049E-02,  1.10844E-02,  5.22657E-03,  6.84199E-04, -2.77477E-03, -5.35652E-03, -7.23753E-03, -8.56502E-03, -9.45958E-03, -1.00187E-02, -1.03202E-02, -1.04261E-02, -1.03850E-02, -1.02353E-02, -1.00068E-02, -9.72265E-03, -9.40079E-03, -9.05500E-03, -8.69579E-03, -8.33111E-03, -7.96695E-03, -7.60771E-03, -7.25660E-03, -6.91588E-03,
 -7.17018E-03, -7.52034E-03, -7.88068E-03, -8.24880E-03, -8.62131E-03, -8.99359E-03, -9.35946E-03, -9.71069E-03, -1.00365E-02, -1.03229E-02, -1.05517E-02, -1.06996E-02, -1.07369E-02, -1.06258E-02, -1.03185E-02, -9.75535E-03, -8.86202E-03, -7.54723E-03, -5.70036E-03, -3.18986E-03,  1.36649E-04,  4.44926E-03,  9.92734E-03,  1.67431E-02,  2.50333E-02,  3.48572E-02,  4.61372E-02,  5.85889E-02,  7.16537E-02,  8.44637E-02,  9.58790E-02,  1.04638E-01,  1.09617E-01,  1.10129E-01,  1.06130E-01,  9.82246E-02,  8.74760E-02,  7.51113E-02,  6.22648E-02,  4.98246E-02,  3.83874E-02,  2.82845E-02,  1.96406E-02,  1.24376E-02,  6.57023E-03,  1.88830E-03, -1.77433E-03, -4.58128E-03, -6.68329E-03, -8.21336E-03, -9.28539E-03, -9.99477E-03, -1.04202E-02, -1.06256E-02, -1.06626E-02, -1.05724E-02, -1.03879E-02, -1.01347E-02, -9.83333E-03, -9.49942E-03, -9.14525E-03, -8.78022E-03, -8.41150E-03, -8.04449E-03, -7.68320E-03, -7.33054E-03, -6.98858E-03,
 -7.23722E-03, -7.58932E-03, -7.95228E-03, -8.32403E-03, -8.70161E-03, -9.08104E-03, -9.45695E-03, -9.82228E-03, -1.01678E-02, -1.04817E-02, -1.07488E-02, -1.09497E-02, -1.10601E-02, -1.10497E-02, -1.08808E-02, -1.05071E-02, -9.87279E-03, -8.91111E-03, -7.54414E-03, -5.68329E-03, -3.23168E-03, -8.92180E-05,  3.83826E-03,  8.62460E-03,  1.43027E-02,  2.08373E-02,  2.80949E-02,  3.58144E-02,  4.35919E-02,  5.08921E-02,  5.70999E-02,  6.16144E-02,  6.39661E-02,  6.39199E-02,  6.15216E-02,  5.70744E-02,  5.10601E-02,  4.40389E-02,  3.65602E-02,  2.90986E-02,  2.20194E-02,  1.55708E-02,  9.89322E-03,  5.03952E-03,  9.98114E-04, -2.28493E-03, -4.88756E-03, -6.89803E-03, -8.40542E-03, -9.49380E-03, -1.02390E-02, -1.07075E-02, -1.09557E-02, -1.10312E-02, -1.09732E-02, -1.08137E-02, -1.05788E-02, -1.02892E-02, -9.96145E-03, -9.60858E-03, -9.24082E-03, -8.86608E-03, -8.49044E-03, -8.11849E-03, -7.75365E-03, -7.39841E-03, -7.05453E-03,
 -7.29785E-03, -7.65265E-03, -8.01935E-03, -8.39631E-03, -8.78116E-03, -9.17070E-03, -9.56063E-03, -9.94532E-03, -1.03175E-02, -1.06679E-02, -1.09849E-02, -1.12538E-02, -1.14566E-02, -1.15715E-02, -1.15722E-02, -1.14277E-02, -1.11024E-02, -1.05563E-02, -9.74675E-03, -8.63073E-03, -7.16956E-03, -5.33555E-03, -3.12157E-03, -5.53026E-04,  2.29900E-03,  5.30675E-03,  8.28290E-03,  1.09940E-02,  1.31978E-02,  1.47047E-02,  1.54469E-02,  1.55182E-02,  1.51419E-02,  1.45623E-02,  1.39163E-02,  1.31751E-02,  1.21941E-02,  1.08241E-02,  9.00257E-03,  6.77929E-03,  4.28798E-03,  1.69688E-03, -8.34160E-04, -3.17912E-03, -5.25451E-03, -7.01692E-03, -8.45513E-03, -9.58076E-03, -1.04197E-02, -1.10055E-02, -1.13741E-02, -1.15612E-02, -1.15998E-02, -1.15195E-02, -1.13459E-02, -1.11009E-02, -1.08029E-02, -1.04668E-02, -1.01049E-02, -9.72706E-03, -9.34112E-03, -8.95319E-03, -8.56801E-03, -8.18918E-03, -7.81940E-03, -7.46060E-03, -7.11415E-03,
 -7.35228E-03, -7.71044E-03, -8.08186E-03, -8.46540E-03, -8.85939E-03, -9.26154E-03, -9.66877E-03, -1.00771E-02, -1.04814E-02, -1.08754E-02, -1.12511E-02, -1.15991E-02, -1.19081E-02, -1.21654E-02, -1.23564E-02, -1.24659E-02, -1.24789E-02, -1.23823E-02, -1.21681E-02, -1.18377E-02, -1.14083E-02, -1.09205E-02, -1.04486E-02, -1.01096E-02, -1.00697E-02, -1.05411E-02, -1.17601E-02, -1.39356E-02, -1.71613E-02, -2.13033E-02, -2.59054E-02, -3.01923E-02, -3.32439E-02, -3.43242E-02, -3.32015E-02, -3.02490E-02, -2.62523E-02, -2.20715E-02, -1.83657E-02, -1.54860E-02, -1.35090E-02, -1.23338E-02, -1.17773E-02, -1.16433E-02, -1.17590E-02, -1.19906E-02, -1.22440E-02, -1.24591E-02, -1.26022E-02, -1.26584E-02, -1.26256E-02, -1.25092E-02, -1.23189E-02, -1.20664E-02, -1.17636E-02, -1.14218E-02, -1.10514E-02, -1.06615E-02, -1.02596E-02, -9.85216E-03, -9.44440E-03, -9.04046E-03, -8.64359E-03, -8.25628E-03, -7.88037E-03, -7.51718E-03, -7.16758E-03,
 -7.40042E-03, -7.76245E-03, -8.13933E-03, -8.53049E-03, -8.93502E-03, -9.35161E-03, -9.77851E-03, -1.02135E-02, -1.06536E-02, -1.10957E-02, -1.15356E-02, -1.19692E-02, -1.23919E-02, -1.27998E-02, -1.31899E-02, -1.35619E-02, -1.39202E-02, -1.42763E-02, -1.46539E-02, -1.50937E-02, -1.56613E-02, -1.64560E-02, -1.76197E-02, -1.93448E-02, -2.18740E-02, -2.54865E-02, -3.04567E-02, -3.69719E-02, -4.50042E-02, -5.41497E-02, -6.35040E-02, -7.16881E-02, -7.71436E-02, -7.86693E-02, -7.59398E-02, -6.96508E-02, -6.11858E-02, -5.20515E-02, -4.34325E-02, -3.60205E-02, -3.00649E-02, -2.55166E-02, -2.21720E-02, -1.97758E-02, -1.80822E-02, -1.68826E-02, -1.60137E-02, -1.53547E-02, -1.48209E-02, -1.43554E-02, -1.39219E-02, -1.34988E-02, -1.30745E-02, -1.26438E-02, -1.22058E-02, -1.17616E-02, -1.13139E-02, -1.08657E-02, -1.04201E-02, -9.98002E-03, -9.54797E-03, -9.12606E-03, -8.71597E-03, -8.31901E-03, -7.93611E-03, -7.56790E-03, -7.21475E-03,
 -7.44198E-03, -7.80817E-03, -8.19095E-03, -8.59034E-03, -9.00621E-03, -9.43829E-03, -9.88614E-03, -1.03492E-02, -1.08270E-02, -1.13190E-02, -1.18251E-02, -1.23458E-02, -1.28830E-02, -1.34409E-02, -1.40268E-02, -1.46538E-02, -1.53426E-02, -1.61259E-02, -1.70529E-02, -1.81959E-02, -1.96577E-02, -2.15809E-02, -2.41559E-02, -2.76257E-02, -3.22820E-02, -3.84428E-02, -4.63988E-02, -5.63118E-02, -6.80594E-02, -8.10419E-02, -9.40296E-02, -1.05197E-01, -1.12498E-01, -1.14368E-01, -1.10401E-01, -1.01543E-01, -8.96402E-02, -7.66906E-02, -6.42696E-02, -5.33195E-02, -4.42187E-02, -3.69623E-02, -3.13396E-02, -2.70608E-02, -2.38329E-02, -2.13968E-02, -1.95405E-02, -1.80991E-02, -1.69493E-02, -1.60014E-02, -1.51919E-02, -1.44770E-02, -1.38270E-02, -1.32223E-02, -1.26505E-02, -1.21040E-02, -1.15781E-02, -1.10705E-02, -1.05800E-02, -1.01060E-02, -9.64847E-03, -9.20759E-03, -8.78347E-03, -8.37622E-03, -7.98586E-03, -7.61230E-03, -7.25537E-03,
 -7.47649E-03, -7.84687E-03, -8.23563E-03, -8.64339E-03, -9.07079E-03, -9.51853E-03, -9.98747E-03, -1.04787E-02, -1.09938E-02, -1.15349E-02, -1.21054E-02, -1.27102E-02, -1.33565E-02, -1.40555E-02, -1.48232E-02, -1.56831E-02, -1.66692E-02, -1.78296E-02, -1.92322E-02, -2.09705E-02, -2.31711E-02, -2.60016E-02, -2.96773E-02, -3.44628E-02, -4.06646E-02, -4.86031E-02, -5.85529E-02, -7.06341E-02, -8.46490E-02, -9.98791E-02, -1.14924E-01, -1.27740E-01, -1.36046E-01, -1.38098E-01, -1.33450E-01, -1.23168E-01, -1.09322E-01, -9.41534E-02, -7.94415E-02, -6.62716E-02, -5.51119E-02, -4.60068E-02, -3.87657E-02, -3.30990E-02, -2.87012E-02, -2.52929E-02, -2.26386E-02, -2.05489E-02, -1.88770E-02, -1.75118E-02, -1.63709E-02, -1.53943E-02, -1.45387E-02, -1.37732E-02, -1.30763E-02, -1.24328E-02, -1.18321E-02, -1.12669E-02, -1.07324E-02, -1.02249E-02, -9.74217E-03, -9.28234E-03, -8.84414E-03, -8.42652E-03, -8.02864E-03, -7.64971E-03, -7.28903E-03,
 -7.50334E-03, -7.87767E-03, -8.27214E-03, -8.68792E-03, -9.12638E-03, -9.58913E-03, -1.00782E-02, -1.05961E-02, -1.11463E-02, -1.17333E-02, -1.23633E-02, -1.30447E-02, -1.37895E-02, -1.46138E-02, -1.55403E-02, -1.66001E-02, -1.78360E-02, -1.93060E-02, -2.10886E-02, -2.32877E-02, -2.60396E-02, -2.95183E-02, -3.39400E-02, -3.95614E-02, -4.66684E-02, -5.55456E-02, -6.64150E-02, -7.93321E-02, -9.40328E-02, -1.09750E-01, -1.25074E-01, -1.38000E-01, -1.46319E-01, -1.48352E-01, -1.43668E-01, -1.33287E-01, -1.19207E-01, -1.03618E-01, -8.82907E-02, -7.43461E-02, -6.23110E-02, -5.22928E-02, -4.41546E-02, -3.76462E-02, -3.24862E-02, -2.84071E-02, -2.51752E-02, -2.25973E-02, -2.05187E-02, -1.88188E-02, -1.74054E-02, -1.62088E-02, -1.51770E-02, -1.42713E-02, -1.34635E-02, -1.27328E-02, -1.20640E-02, -1.14460E-02, -1.08706E-02, -1.03318E-02, -9.82525E-03, -9.34747E-03, -8.89587E-03, -8.46839E-03, -8.06336E-03, -7.67937E-03, -7.31520E-03,
 -7.52190E-03, -7.89966E-03, -8.29920E-03, -8.72219E-03, -9.17063E-03, -9.64695E-03, -1.01541E-02, -1.06960E-02, -1.12775E-02, -1.19049E-02, -1.25868E-02, -1.33344E-02, -1.41625E-02, -1.50913E-02, -1.61475E-02, -1.73668E-02, -1.87963E-02, -2.04985E-02, -2.25547E-02, -2.50695E-02, -2.81757E-02, -3.20371E-02, -3.68500E-02, -4.28382E-02, -5.02380E-02, -5.92665E-02, -7.00640E-02, -8.26028E-02, -9.65618E-02, -1.11186E-01, -1.25194E-01, -1.36847E-01, -1.44283E-01, -1.46110E-01, -1.41961E-01, -1.32665E-01, -1.19886E-01, -1.05496E-01, -9.10718E-02, -7.76726E-02, -6.58548E-02, -5.57986E-02, -4.74487E-02, -4.06266E-02, -3.51066E-02, -3.06596E-02, -2.70770E-02, -2.41793E-02, -2.18185E-02, -1.98755E-02, -1.82565E-02, -1.68887E-02, -1.57160E-02, -1.46958E-02, -1.37956E-02, -1.29911E-02, -1.22638E-02, -1.15997E-02, -1.09884E-02, -1.04219E-02, -9.89410E-03, -9.40022E-03, -8.93659E-03, -8.50028E-03, -8.08889E-03, -7.70046E-03, -7.33331E-03,
 -7.53153E-03, -7.91194E-03, -8.31558E-03, -8.74455E-03, -9.20138E-03, -9.68913E-03, -1.02116E-02, -1.07736E-02, -1.13812E-02, -1.20421E-02, -1.27664E-02, -1.35671E-02, -1.44611E-02, -1.54704E-02, -1.66239E-02, -1.79585E-02, -1.95225E-02, -2.13773E-02, -2.36007E-02, -2.62900E-02, -2.95640E-02, -3.35641E-02, -3.84522E-02, -4.44022E-02, -5.15834E-02, -6.01286E-02, -7.00842E-02, -8.13381E-02, -9.35304E-02, -1.05970E-01, -1.17599E-01, -1.27085E-01, -1.33070E-01, -1.34567E-01, -1.31306E-01, -1.23850E-01, -1.13377E-01, -1.01288E-01, -8.88425E-02, -7.69624E-02, -6.62000E-02, -5.68027E-02, -4.88061E-02, -4.21201E-02, -3.65928E-02, -3.20519E-02, -2.83289E-02, -2.52720E-02, -2.27507E-02, -2.06564E-02, -1.89007E-02, -1.74131E-02, -1.61380E-02, -1.50317E-02, -1.40602E-02, -1.31975E-02, -1.24232E-02, -1.17216E-02, -1.10807E-02, -1.04911E-02, -9.94549E-03, -9.43812E-03, -8.96442E-03, -8.52076E-03, -8.10417E-03, -7.71220E-03, -7.34281E-03,
 -7.53164E-03, -7.91372E-03, -8.32022E-03, -8.75358E-03, -9.21676E-03, -9.71331E-03, -1.02476E-02, -1.08252E-02, -1.14528E-02, -1.21392E-02, -1.28952E-02, -1.37347E-02, -1.46756E-02, -1.57404E-02, -1.69579E-02, -1.83642E-02, -2.00051E-02, -2.19373E-02, -2.42304E-02, -2.69685E-02, -3.02501E-02, -3.41869E-02, -3.88991E-02, -4.45047E-02, -5.11017E-02, -5.87398E-02, -6.73797E-02, -7.68434E-02, -8.67629E-02, -9.65503E-02, -1.05415E-01, -1.12457E-01, -1.16837E-01, -1.17968E-01, -1.15681E-01, -1.10275E-01, -1.02446E-01, -9.30986E-02, -8.31333E-02, -7.32902E-02, -6.40801E-02, -5.57927E-02, -4.85426E-02, -4.23250E-02, -3.70647E-02, -3.26518E-02, -2.89660E-02, -2.58899E-02, -2.33176E-02, -2.11567E-02, -1.93297E-02, -1.77726E-02, -1.64332E-02, -1.52698E-02, -1.42491E-02, -1.33449E-02, -1.25361E-02, -1.18066E-02, -1.11433E-02, -1.05361E-02, -9.97681E-03, -9.45908E-03, -8.97774E-03, -8.52860E-03, -8.10826E-03, -7.71390E-03, -7.34318E-03,
 -7.52175E-03, -7.90433E-03, -8.31223E-03, -8.74815E-03, -9.21532E-03, -9.71765E-03, -1.02599E-02, -1.08480E-02, -1.14891E-02, -1.21923E-02, -1.29688E-02, -1.38328E-02, -1.48017E-02, -1.58975E-02, -1.71473E-02, -1.85847E-02, -2.02506E-02, -2.21944E-02, -2.44746E-02, -2.71590E-02, -3.03231E-02, -3.40472E-02, -3.84093E-02, -4.34747E-02, -4.92786E-02, -5.58022E-02, -6.29449E-02, -7.04944E-02, -7.81094E-02, -8.53279E-02, -9.16156E-02, -9.64489E-02, -9.94023E-02, -1.00205E-01, -9.87637E-02, -9.51830E-02, -8.97771E-02, -8.30367E-02, -7.55354E-02, -6.78189E-02, -6.03240E-02, -5.33476E-02, -4.70552E-02, -4.15087E-02, -3.66989E-02, -3.25739E-02, -2.90599E-02, -2.60762E-02, -2.35435E-02, -2.13890E-02, -1.95485E-02, -1.79673E-02, -1.65994E-02, -1.54068E-02, -1.43585E-02, -1.34293E-02, -1.25991E-02, -1.18515E-02, -1.11735E-02, -1.05545E-02, -9.98610E-03, -9.46154E-03, -8.97528E-03, -8.52280E-03, -8.10039E-03, -7.70499E-03, -7.33402E-03,
 -7.50151E-03, -7.88330E-03, -8.29100E-03, -8.72747E-03, -9.19610E-03, -9.70099E-03, -1.02471E-02, -1.08404E-02, -1.14883E-02, -1.21998E-02, -1.29859E-02, -1.38603E-02, -1.48395E-02, -1.59437E-02, -1.71976E-02, -1.86306E-02, -2.02777E-02, -2.21795E-02, -2.43824E-02, -2.69371E-02, -2.98968E-02, -3.33121E-02, -3.72248E-02, -4.16566E-02, -4.65952E-02, -5.19768E-02, -5.76685E-02, -6.34576E-02, -6.90557E-02, -7.41292E-02, -7.83546E-02, -8.14800E-02, -8.33539E-02, -8.39010E-02, -8.30784E-02, -8.08758E-02, -7.73677E-02, -7.27587E-02, -6.73687E-02, -6.15663E-02, -5.56954E-02, -5.00282E-02, -4.47483E-02, -3.99581E-02, -3.56960E-02, -3.19559E-02, -2.87042E-02, -2.58930E-02, -2.34689E-02, -2.13786E-02, -1.95724E-02, -1.80062E-02, -1.66411E-02, -1.54443E-02, -1.43883E-02, -1.34501E-02, -1.26107E-02, -1.18548E-02, -1.11697E-02, -1.05449E-02, -9.97215E-03, -9.44446E-03, -8.95620E-03, -8.50268E-03, -8.08005E-03, -7.68507E-03, -7.31503E-03,
 -7.47073E-03, -7.85037E-03, -8.25619E-03, -8.69111E-03, -9.15860E-03, -9.66278E-03, -1.02086E-02, -1.08020E-02, -1.14502E-02, -1.21618E-02, -1.29473E-02, -1.38193E-02, -1.47929E-02, -1.58861E-02, -1.71201E-02, -1.85197E-02, -2.01135E-02, -2.19330E-02, -2.40128E-02, -2.63878E-02, -2.90913E-02, -3.21497E-02, -3.55761E-02, -3.93614E-02, -4.34634E-02, -4.77959E-02, -5.22208E-02, -5.65490E-02, -6.05575E-02, -6.40246E-02, -6.67787E-02, -6.87340E-02, -6.98854E-02, -7.02534E-02, -6.98223E-02, -6.85333E-02, -6.63422E-02, -6.32898E-02, -5.95255E-02, -5.52765E-02, -5.07934E-02, -4.63023E-02, -4.19785E-02, -3.79397E-02, -3.42517E-02, -3.09395E-02, -2.79998E-02, -2.54114E-02, -2.31430E-02, -2.11591E-02, -1.94240E-02, -1.79038E-02, -1.65676E-02, -1.53881E-02, -1.43419E-02, -1.34087E-02, -1.25717E-02, -1.18166E-02, -1.11317E-02, -1.05070E-02, -9.93449E-03, -9.40738E-03, -8.92007E-03, -8.46789E-03, -8.04693E-03, -7.65391E-03, -7.28605E-03,
 -7.42939E-03, -7.80551E-03, -8.20775E-03, -8.63904E-03, -9.10281E-03, -9.60309E-03, -1.01447E-02, -1.07333E-02, -1.13758E-02, -1.20801E-02, -1.28559E-02, -1.37144E-02, -1.46689E-02, -1.57348E-02, -1.69299E-02, -1.82740E-02, -1.97893E-02, -2.14992E-02, -2.34272E-02, -2.55952E-02, -2.80202E-02, -3.07105E-02, -3.36595E-02, -3.68394E-02, -4.01936E-02, -4.36317E-02, -4.70282E-02, -5.02300E-02, -5.30770E-02, -5.54339E-02, -5.72245E-02, -5.84480E-02, -5.91588E-02, -5.94095E-02, -5.91966E-02, -5.84527E-02, -5.70943E-02, -5.50867E-02, -5.24799E-02, -4.94012E-02, -4.60204E-02, -4.25115E-02, -3.90249E-02, -3.56749E-02, -3.25374E-02, -2.96550E-02, -2.70442E-02, -2.47031E-02, -2.26179E-02, -2.07681E-02, -1.91298E-02, -1.76788E-02, -1.63917E-02, -1.52469E-02, -1.42251E-02, -1.33091E-02, -1.24845E-02, -1.17384E-02, -1.10604E-02, -1.04412E-02, -9.87334E-03, -9.35037E-03, -8.86690E-03, -8.41838E-03, -8.00100E-03, -7.61149E-03, -7.24708E-03,
 -7.37765E-03, -7.74887E-03, -8.14589E-03, -8.57155E-03, -9.02915E-03, -9.52256E-03, -1.00563E-02, -1.06358E-02, -1.12671E-02, -1.19576E-02, -1.27159E-02, -1.35517E-02, -1.44762E-02, -1.55024E-02, -1.66443E-02, -1.79174E-02, -1.93378E-02, -2.09218E-02, -2.26839E-02, -2.46355E-02, -2.67819E-02, -2.91188E-02, -3.16280E-02, -3.42727E-02, -3.69937E-02, -3.97077E-02, -4.23104E-02, -4.46862E-02, -4.67273E-02, -4.83574E-02, -4.95529E-02, -5.03467E-02, -5.08050E-02, -5.09812E-02, -5.08762E-02, -5.04319E-02, -4.95655E-02, -4.82189E-02, -4.63931E-02, -4.41520E-02, -4.16039E-02, -3.88744E-02, -3.60833E-02, -3.33305E-02, -3.06905E-02, -2.82124E-02, -2.59234E-02, -2.38345E-02, -2.19441E-02, -2.02432E-02, -1.87178E-02, -1.73517E-02, -1.61284E-02, -1.50314E-02, -1.40454E-02, -1.31566E-02, -1.23527E-02, -1.16228E-02, -1.09575E-02, -1.03487E-02, -9.78950E-03, -9.27397E-03, -8.79706E-03, -8.35444E-03, -7.94246E-03, -7.55796E-03, -7.19826E-03,
 -7.31579E-03, -7.68083E-03, -8.07108E-03, -8.48924E-03, -8.93844E-03, -9.42228E-03, -9.94496E-03, -1.05113E-02, -1.11270E-02, -1.17983E-02, -1.25327E-02, -1.33385E-02, -1.42249E-02, -1.52022E-02, -1.62812E-02, -1.74735E-02, -1.87900E-02, -2.02410E-02, -2.18342E-02, -2.35732E-02, -2.54555E-02, -2.74691E-02, -2.95903E-02, -3.17805E-02, -3.39846E-02, -3.61322E-02, -3.81416E-02, -3.99300E-02, -4.14281E-02, -4.25960E-02, -4.34348E-02, -4.39843E-02, -4.43020E-02, -4.44310E-02, -4.43729E-02, -4.40837E-02, -4.34962E-02, -4.25542E-02, -4.12394E-02, -3.95797E-02, -3.76408E-02, -3.55093E-02, -3.32756E-02, -3.10214E-02, -2.88127E-02, -2.66980E-02, -2.47088E-02, -2.28629E-02, -2.11669E-02, -1.96197E-02, -1.82149E-02, -1.69431E-02, -1.57931E-02, -1.47530E-02, -1.38115E-02, -1.29575E-02, -1.21810E-02, -1.14730E-02, -1.08255E-02, -1.02313E-02, -9.68429E-03, -9.17916E-03, -8.71127E-03, -8.27661E-03, -7.87174E-03, -7.49368E-03, -7.13986E-03,
 -7.24427E-03, -7.60194E-03, -7.98400E-03, -8.39299E-03, -8.83179E-03, -9.30371E-03, -9.81254E-03, -1.03626E-02, -1.09588E-02, -1.16066E-02, -1.23123E-02, -1.30826E-02, -1.39251E-02, -1.48475E-02, -1.58580E-02, -1.69645E-02, -1.81740E-02, -1.94919E-02, -2.09211E-02, -2.24599E-02, -2.41008E-02, -2.58283E-02, -2.76174E-02, -2.94317E-02, -3.12239E-02, -3.29371E-02, -3.45104E-02, -3.58862E-02, -3.70213E-02, -3.78964E-02, -3.85217E-02, -3.89319E-02, -3.91705E-02, -3.92687E-02, -3.92276E-02, -3.90163E-02, -3.85853E-02, -3.78893E-02, -3.69061E-02, -3.56451E-02, -3.41450E-02, -3.24637E-02, -3.06670E-02, -2.88185E-02, -2.69734E-02, -2.51753E-02, -2.34557E-02, -2.18351E-02, -2.03247E-02, -1.89288E-02, -1.76462E-02, -1.64725E-02, -1.54010E-02, -1.44237E-02, -1.35323E-02, -1.27186E-02, -1.19747E-02, -1.12931E-02, -1.06673E-02, -1.00912E-02, -9.55941E-03, -9.06724E-03, -8.61053E-03, -8.18565E-03, -7.78945E-03, -7.41914E-03, -7.07231E-03,
 -7.16365E-03, -7.51289E-03, -7.88552E-03, -8.28387E-03, -8.71056E-03, -9.16858E-03, -9.66127E-03, -1.01924E-02, -1.07662E-02, -1.13873E-02, -1.20607E-02, -1.27920E-02, -1.35869E-02, -1.44512E-02, -1.53906E-02, -1.64101E-02, -1.75137E-02, -1.87035E-02, -1.99786E-02, -2.13342E-02, -2.27603E-02, -2.42406E-02, -2.57509E-02, -2.72595E-02, -2.87272E-02, -3.01102E-02, -3.13638E-02, -3.24490E-02, -3.33388E-02, -3.40248E-02, -3.45181E-02, -3.48454E-02, -3.50372E-02, -3.51144E-02, -3.50777E-02, -3.49061E-02, -3.45654E-02, -3.40221E-02, -3.32567E-02, -3.22705E-02, -3.10860E-02, -2.97413E-02, -2.82833E-02, -2.67600E-02, -2.52157E-02, -2.36876E-02, -2.22046E-02, -2.07872E-02, -1.94489E-02, -1.81967E-02, -1.70332E-02, -1.59575E-02, -1.49662E-02, -1.40545E-02, -1.32167E-02, -1.24469E-02, -1.17390E-02, -1.10873E-02, -1.04863E-02, -9.93099E-03, -9.41683E-03, -8.93973E-03, -8.49605E-03, -8.08255E-03, -7.69636E-03, -7.33496E-03, -6.99611E-03,
 -7.07461E-03, -7.41448E-03, -7.77661E-03, -8.16309E-03, -8.57628E-03, -9.01880E-03, -9.49357E-03, -1.00038E-02, -1.05531E-02, -1.11451E-02, -1.17841E-02, -1.24741E-02, -1.32196E-02, -1.40246E-02, -1.48928E-02, -1.58272E-02, -1.68292E-02, -1.78986E-02, -1.90324E-02, -2.02239E-02, -2.14625E-02, -2.27320E-02, -2.40111E-02, -2.52730E-02, -2.64864E-02, -2.76180E-02, -2.86357E-02, -2.95127E-02, -3.02324E-02, -3.07910E-02, -3.11980E-02, -3.14719E-02, -3.16333E-02, -3.16956E-02, -3.16589E-02, -3.15095E-02, -3.12245E-02, -3.07806E-02, -3.01628E-02, -2.93697E-02, -2.84143E-02, -2.73220E-02, -2.61258E-02, -2.48614E-02, -2.35635E-02, -2.22625E-02, -2.09836E-02, -1.97462E-02, -1.85637E-02, -1.74448E-02, -1.63943E-02, -1.54134E-02, -1.45014E-02, -1.36558E-02, -1.28731E-02, -1.21491E-02, -1.14795E-02, -1.08598E-02, -1.02858E-02, -9.75336E-03, -9.25870E-03, -8.79836E-03, -8.36921E-03, -7.96840E-03, -7.59338E-03, -7.24188E-03, -6.91187E-03,
 -6.97789E-03, -7.30762E-03, -7.65836E-03, -8.03199E-03, -8.43057E-03, -8.85637E-03, -9.31189E-03, -9.79984E-03, -1.03231E-02, -1.08848E-02, -1.14880E-02, -1.21359E-02, -1.28316E-02, -1.35779E-02, -1.43768E-02, -1.52296E-02, -1.61363E-02, -1.70949E-02, -1.81012E-02, -1.91479E-02, -2.02244E-02, -2.13162E-02, -2.24046E-02, -2.34678E-02, -2.44813E-02, -2.54200E-02, -2.62607E-02, -2.69851E-02, -2.75822E-02, -2.80505E-02, -2.83965E-02, -2.86327E-02, -2.87722E-02, -2.88233E-02, -2.87860E-02, -2.86512E-02, -2.84041E-02, -2.80292E-02, -2.75159E-02, -2.68623E-02, -2.60764E-02, -2.51754E-02, -2.41825E-02, -2.31241E-02, -2.20269E-02, -2.09154E-02, -1.98110E-02, -1.87306E-02, -1.76871E-02, -1.66897E-02, -1.57440E-02, -1.48530E-02, -1.40176E-02, -1.32369E-02, -1.25091E-02, -1.18315E-02, -1.12012E-02, -1.06149E-02, -1.00692E-02, -9.56103E-03, -9.08723E-03, -8.64493E-03, -8.23147E-03, -7.84439E-03, -7.48147E-03, -7.14071E-03, -6.82028E-03,
 -6.87428E-03, -7.19325E-03, -7.53192E-03, -7.89193E-03, -8.27507E-03, -8.68329E-03, -9.11868E-03, -9.58346E-03, -1.00800E-02, -1.06106E-02, -1.11777E-02, -1.17836E-02, -1.24304E-02, -1.31196E-02, -1.38522E-02, -1.46284E-02, -1.54470E-02, -1.63050E-02, -1.71977E-02, -1.81179E-02, -1.90555E-02, -1.99978E-02, -2.09292E-02, -2.18320E-02, -2.26872E-02, -2.34759E-02, -2.41813E-02, -2.47903E-02, -2.52957E-02, -2.56960E-02, -2.59958E-02, -2.62028E-02, -2.63250E-02, -2.63675E-02, -2.63301E-02, -2.62070E-02, -2.59886E-02, -2.56651E-02, -2.52293E-02, -2.46799E-02, -2.40224E-02, -2.32684E-02, -2.24348E-02, -2.15410E-02, -2.06074E-02, -1.96537E-02, -1.86972E-02, -1.77527E-02, -1.68320E-02, -1.59437E-02, -1.50941E-02, -1.42868E-02, -1.35238E-02, -1.28055E-02, -1.21313E-02, -1.14998E-02, -1.09089E-02, -1.03564E-02, -9.83980E-03, -9.35671E-03, -8.90465E-03, -8.48125E-03, -8.08432E-03, -7.71177E-03, -7.36169E-03, -7.03233E-03, -6.72207E-03,
 -6.76461E-03, -7.07234E-03, -7.39842E-03, -7.74428E-03, -8.11144E-03, -8.50153E-03, -8.91628E-03, -9.35747E-03, -9.82694E-03, -1.03265E-02, -1.08579E-02, -1.14226E-02, -1.20220E-02, -1.26568E-02, -1.33271E-02, -1.40322E-02, -1.47703E-02, -1.55380E-02, -1.63304E-02, -1.71405E-02, -1.79595E-02, -1.87763E-02, -1.95781E-02, -2.03507E-02, -2.10792E-02, -2.17494E-02, -2.23490E-02, -2.28683E-02, -2.33021E-02, -2.36491E-02, -2.39116E-02, -2.40944E-02, -2.42022E-02, -2.42380E-02, -2.42013E-02, -2.40886E-02, -2.38939E-02, -2.36108E-02, -2.32352E-02, -2.27665E-02, -2.22084E-02, -2.15697E-02, -2.08623E-02, -2.01009E-02, -1.93013E-02, -1.84787E-02, -1.76475E-02, -1.68201E-02, -1.60068E-02, -1.52159E-02, -1.44531E-02, -1.37229E-02, -1.30275E-02, -1.23684E-02, -1.17457E-02, -1.11589E-02, -1.06068E-02, -1.00879E-02, -9.60060E-03, -9.14295E-03, -8.71308E-03, -8.30913E-03, -7.92928E-03, -7.57180E-03, -7.23509E-03, -6.91762E-03, -6.61799E-03,
 -6.64971E-03, -6.94587E-03, -7.25902E-03, -7.59039E-03, -7.94126E-03, -8.31296E-03, -8.70689E-03, -9.12447E-03, -9.56708E-03, -1.00360E-02, -1.05325E-02, -1.10576E-02, -1.16117E-02, -1.21952E-02, -1.28075E-02, -1.34474E-02, -1.41126E-02, -1.47997E-02, -1.55038E-02, -1.62187E-02, -1.69365E-02, -1.76478E-02, -1.83421E-02, -1.90080E-02, -1.96340E-02, -2.02092E-02, -2.07242E-02, -2.11720E-02, -2.15482E-02, -2.18514E-02, -2.20828E-02, -2.22449E-02, -2.23403E-02, -2.23705E-02, -2.23354E-02, -2.22324E-02, -2.20580E-02, -2.18085E-02, -2.14815E-02, -2.10769E-02, -2.05979E-02, -2.00509E-02, -1.94450E-02, -1.87912E-02, -1.81017E-02, -1.73886E-02, -1.66634E-02, -1.59366E-02, -1.52171E-02, -1.45123E-02, -1.38277E-02, -1.31675E-02, -1.25348E-02, -1.19310E-02, -1.13571E-02, -1.08132E-02, -1.02987E-02, -9.81283E-03, -9.35441E-03, -8.92213E-03, -8.51457E-03, -8.13027E-03, -7.76779E-03, -7.42572E-03, -7.10271E-03, -6.79747E-03, -6.50881E-03,
 -6.53039E-03, -6.81478E-03, -7.11482E-03, -7.43155E-03, -7.76602E-03, -8.11932E-03, -8.49255E-03, -8.88678E-03, -9.30304E-03, -9.74225E-03, -1.02052E-02, -1.06923E-02, -1.12038E-02, -1.17393E-02, -1.22981E-02, -1.28786E-02, -1.34783E-02, -1.40937E-02, -1.47205E-02, -1.53530E-02, -1.59843E-02, -1.66065E-02, -1.72111E-02, -1.77890E-02, -1.83310E-02, -1.88288E-02, -1.92751E-02, -1.96643E-02, -1.99930E-02, -2.02595E-02, -2.04642E-02, -2.06081E-02, -2.06926E-02, -2.07184E-02, -2.06852E-02, -2.05915E-02, -2.04352E-02, -2.02142E-02, -1.99274E-02, -1.95752E-02, -1.91603E-02, -1.86878E-02, -1.81645E-02, -1.75990E-02, -1.70007E-02, -1.63792E-02, -1.57440E-02, -1.51037E-02, -1.44658E-02, -1.38369E-02, -1.32221E-02, -1.26255E-02, -1.20500E-02, -1.14976E-02, -1.09695E-02, -1.04663E-02, -9.98788E-03, -9.53393E-03, -9.10374E-03, -8.69643E-03, -8.31098E-03, -7.94630E-03, -7.60126E-03, -7.27472E-03, -6.96558E-03, -6.67278E-03, -6.39529E-03,
 -6.40746E-03, -6.67999E-03, -6.96688E-03, -7.26897E-03, -7.58713E-03, -7.92221E-03, -8.27506E-03, -8.64648E-03, -9.03718E-03, -9.44775E-03, -9.87860E-03, -1.03299E-02, -1.08014E-02, -1.12926E-02, -1.18024E-02, -1.23290E-02, -1.28699E-02, -1.34220E-02, -1.39810E-02, -1.45421E-02, -1.50993E-02, -1.56462E-02, -1.61755E-02, -1.66800E-02, -1.71524E-02, -1.75862E-02, -1.79756E-02, -1.83161E-02, -1.86048E-02, -1.88401E-02, -1.90215E-02, -1.91494E-02, -1.92243E-02, -1.92464E-02, -1.92154E-02, -1.91305E-02, -1.89904E-02, -1.87941E-02, -1.85413E-02, -1.82327E-02, -1.78708E-02, -1.74595E-02, -1.70044E-02, -1.65120E-02, -1.59899E-02, -1.54456E-02, -1.48869E-02, -1.43209E-02, -1.37540E-02, -1.31920E-02, -1.26393E-02, -1.20999E-02, -1.15767E-02, -1.10716E-02, -1.05862E-02, -1.01212E-02, -9.67706E-03, -9.25369E-03, -8.85078E-03, -8.46779E-03, -8.10403E-03, -7.75871E-03, -7.43097E-03, -7.11993E-03, -6.82469E-03, -6.54439E-03, -6.27817E-03,
 -6.28167E-03, -6.54237E-03, -6.81617E-03, -7.10377E-03, -7.40585E-03, -7.72307E-03, -8.05605E-03, -8.40537E-03, -8.77149E-03, -9.15473E-03, -9.55523E-03, -9.97288E-03, -1.04073E-02, -1.08576E-02, -1.13226E-02, -1.18005E-02, -1.22890E-02, -1.27850E-02, -1.32847E-02, -1.37839E-02, -1.42776E-02, -1.47602E-02, -1.52258E-02, -1.56687E-02, -1.60829E-02, -1.64631E-02, -1.68048E-02, -1.71043E-02, -1.73589E-02, -1.75672E-02, -1.77283E-02, -1.78420E-02, -1.79083E-02, -1.79274E-02, -1.78988E-02, -1.78220E-02, -1.76965E-02, -1.75218E-02, -1.72980E-02, -1.70263E-02, -1.67088E-02, -1.63486E-02, -1.59503E-02, -1.55192E-02, -1.50611E-02, -1.45822E-02, -1.40889E-02, -1.35869E-02, -1.30819E-02, -1.25786E-02, -1.20812E-02, -1.15932E-02, -1.11172E-02, -1.06556E-02, -1.02096E-02, -9.78039E-03, -9.36852E-03, -8.97421E-03, -8.59743E-03, -8.23792E-03, -7.89523E-03, -7.56884E-03, -7.25812E-03, -6.96239E-03, -6.68096E-03, -6.41312E-03, -6.15817E-03,
 -6.15374E-03, -6.40271E-03, -6.66361E-03, -6.93697E-03, -7.22332E-03, -7.52316E-03, -7.83693E-03, -8.16501E-03, -8.50765E-03, -8.86498E-03, -9.23692E-03, -9.62319E-03, -1.00232E-02, -1.04360E-02, -1.08604E-02, -1.12945E-02, -1.17361E-02, -1.21825E-02, -1.26303E-02, -1.30757E-02, -1.35146E-02, -1.39421E-02, -1.43536E-02, -1.47442E-02, -1.51092E-02, -1.54441E-02, -1.57454E-02, -1.60099E-02, -1.62353E-02, -1.64201E-02, -1.65633E-02, -1.66645E-02, -1.67234E-02, -1.67398E-02, -1.67136E-02, -1.66443E-02, -1.65318E-02, -1.63761E-02, -1.61776E-02, -1.59373E-02, -1.56573E-02, -1.53403E-02, -1.49899E-02, -1.46104E-02, -1.42066E-02, -1.37835E-02, -1.33461E-02, -1.28996E-02, -1.24484E-02, -1.19968E-02, -1.15485E-02, -1.11065E-02, -1.06734E-02, -1.02513E-02, -9.84171E-03, -9.44572E-03, -9.06409E-03, -8.69724E-03, -8.34532E-03, -8.00830E-03, -7.68594E-03, -7.37791E-03, -7.08379E-03, -6.80307E-03, -6.53523E-03, -6.27972E-03, -6.03595E-03,
 -6.02433E-03, -6.26178E-03, -6.51002E-03, -6.76948E-03, -7.04055E-03, -7.32360E-03, -7.61891E-03, -7.92669E-03, -8.24705E-03, -8.57995E-03, -8.92517E-03, -9.28229E-03, -9.65061E-03, -1.00292E-02, -1.04167E-02, -1.08114E-02, -1.12112E-02, -1.16137E-02, -1.20159E-02, -1.24145E-02, -1.28058E-02, -1.31861E-02, -1.35512E-02, -1.38972E-02, -1.42201E-02, -1.45165E-02, -1.47833E-02, -1.50177E-02, -1.52178E-02, -1.53821E-02, -1.55096E-02, -1.55997E-02, -1.56520E-02, -1.56663E-02, -1.56423E-02, -1.55799E-02, -1.54791E-02, -1.53401E-02, -1.51635E-02, -1.49504E-02, -1.47025E-02, -1.44222E-02, -1.41125E-02, -1.37769E-02, -1.34194E-02, -1.30440E-02, -1.26549E-02, -1.22564E-02, -1.18523E-02, -1.14463E-02, -1.10415E-02, -1.06407E-02, -1.02463E-02, -9.86020E-03, -9.48395E-03, -9.11870E-03, -8.76526E-03, -8.42420E-03, -8.09580E-03, -7.78018E-03, -7.47730E-03, -7.18698E-03, -6.90894E-03, -6.64285E-03, -6.38830E-03, -6.14489E-03, -5.91215E-03,
 -5.89405E-03, -6.12022E-03, -6.35613E-03, -6.60211E-03, -6.85844E-03, -7.12535E-03, -7.40301E-03, -7.69151E-03, -7.99082E-03, -8.30079E-03, -8.62110E-03, -8.95122E-03, -9.29043E-03, -9.63772E-03, -9.99181E-03, -1.03511E-02, -1.07137E-02, -1.10773E-02, -1.14394E-02, -1.17970E-02, -1.21471E-02, -1.24865E-02, -1.28117E-02, -1.31193E-02, -1.34063E-02, -1.36695E-02, -1.39065E-02, -1.41149E-02, -1.42930E-02, -1.44394E-02, -1.45531E-02, -1.46334E-02, -1.46800E-02, -1.46924E-02, -1.46706E-02, -1.46144E-02, -1.45240E-02, -1.43997E-02, -1.42422E-02, -1.40526E-02, -1.38324E-02, -1.35836E-02, -1.33087E-02, -1.30108E-02, -1.26930E-02, -1.23587E-02, -1.20114E-02, -1.16547E-02, -1.12919E-02, -1.09260E-02, -1.05598E-02, -1.01959E-02, -9.83638E-03, -9.48303E-03, -9.13733E-03, -8.80042E-03, -8.47317E-03, -8.15622E-03, -7.84997E-03, -7.55464E-03, -7.27032E-03, -6.99696E-03, -6.73442E-03, -6.48249E-03, -6.24087E-03, -6.00927E-03, -5.78734E-03,
