NA,NA,NA,NA,NA,NA,NA,NA,NA,NA,NA,NA,NA,NA,NA,NA,NA,NA,NA,NA,  4.48812E-03,  4.72135E-03,  4.95146E-03,  5.17573E-03,  5.39123E-03,  5.59484E-03,  5.78335E-03,  5.95357E-03,  6.10241E-03,  6.22701E-03,  6.32485E-03,  6.39389E-03,  6.43261E-03,  6.44016E-03,  6.41635E-03,  6.36166E-03,  6.27726E-03,  6.16491E-03,  6.02690E-03,  5.86593E-03,  5.68500E-03,  5.48730E-03,  5.27606E-03,  5.05448E-03,  4.82565E-03,  4.59244E-03,  4.35746E-03,NA,NA,NA,NA,NA,NA,NA,NA,NA,NA,NA,NA,NA,NA,NA,NA,NA,NA,NA,NA,
NA,NA,NA,NA,NA,NA,NA,NA,NA,NA,NA,NA,NA,NA,NA,NA,NA,  3.92878E-03,  4.18121E-03,  4.43862E-03,  4.69898E-03,  4.95986E-03,  5.21849E-03,  5.47173E-03,  5.71615E-03,  5.94806E-03,  6.16363E-03,  6.35898E-03,  6.53035E-03,  6.67422E-03,  6.78747E-03,  6.86753E-03,  6.91253E-03,  6.92139E-03,  6.89385E-03,  6.83054E-03,  6.73290E-03,  6.60314E-03,  6.44410E-03,  6.25911E-03,  6.05186E-03,  5.82621E-03,  5.58607E-03,  5.33526E-03,  5.07741E-03,  4.81585E-03,  4.55359E-03,  4.29326E-03,  4.03712E-03,NA,NA,NA,NA,NA,NA,NA,NA,NA,NA,NA,NA,NA,NA,NA,NA,NA,NA,
NA,NA,NA,NA,NA,NA,NA,NA,NA,NA,NA,NA,NA,NA,NA,NA,  3.79516E-03,  4.06473E-03,  4.34310E-03,  4.62849E-03,  4.91870E-03,  5.21105E-03,  5.50240E-03,  5.78914E-03,  6.06724E-03,  6.33236E-03,  6.57987E-03,  6.80509E-03,  7.00337E-03,  7.17035E-03,  7.30215E-03,  7.39555E-03,  7.44817E-03,  7.45862E-03,  7.42660E-03,  7.35289E-03,  7.23931E-03,  7.08863E-03,  6.90442E-03,  6.69081E-03,  6.45237E-03,  6.19381E-03,  5.91987E-03,  5.63512E-03,  5.34382E-03,  5.04985E-03,  4.75666E-03,  4.46719E-03,  4.18392E-03,  3.90885E-03,  3.64355E-03,NA,NA,NA,NA,NA,NA,NA,NA,NA,NA,NA,NA,NA,NA,NA,NA,
NA,NA,NA,NA,NA,NA,NA,NA,NA,NA,NA,NA,NA,NA,  3.35117E-03,  3.62037E-03,  3.90325E-03,  4.19890E-03,  4.50597E-03,  4.82263E-03,  5.14651E-03,  5.47469E-03,  5.80362E-03,  6.12917E-03,  6.44665E-03,  6.75087E-03,  7.03628E-03,  7.29715E-03,  7.52777E-03,  7.72268E-03,  7.87699E-03,  7.98662E-03,  8.04854E-03,  8.06097E-03,  8.02352E-03,  7.93717E-03,  7.80425E-03,  7.62827E-03,  7.41374E-03,  7.16585E-03,  6.89026E-03,  6.59279E-03,  6.27917E-03,  5.95488E-03,  5.62495E-03,  5.29390E-03,  4.96562E-03,  4.64342E-03,  4.32996E-03,  4.02738E-03,  3.73725E-03,  3.46070E-03,  3.19844E-03,NA,NA,NA,NA,NA,NA,NA,NA,NA,NA,NA,NA,NA,NA,
NA,NA,NA,NA,NA,NA,NA,NA,NA,NA,NA,NA,  2.87340E-03,  3.13074E-03,  3.40520E-03,  3.69672E-03,  4.00493E-03,  4.32905E-03,  4.66779E-03,  5.01932E-03,  5.38117E-03,  5.75014E-03,  6.12229E-03,  6.49290E-03,  6.85651E-03,  7.20695E-03,  7.53753E-03,  7.84123E-03,  8.11094E-03,  8.33981E-03,  8.52164E-03,  8.65120E-03,  8.72458E-03,  8.73948E-03,  8.69538E-03,  8.59354E-03,  8.43698E-03,  8.23018E-03,  7.97889E-03,  7.68969E-03,  7.36964E-03,  7.02593E-03,  6.66556E-03,  6.29511E-03,  5.92051E-03,  5.54698E-03,  5.17893E-03,  4.81999E-03,  4.47304E-03,  4.14026E-03,  3.82317E-03,  3.52281E-03,  3.23971E-03,  2.97405E-03,NA,NA,NA,NA,NA,NA,NA,NA,NA,NA,NA,NA,NA,
NA,NA,NA,NA,NA,NA,NA,NA,NA,NA,NA,  2.62200E-03,  2.87714E-03,  3.15189E-03,  3.44673E-03,  3.76190E-03,  4.09728E-03,  4.45231E-03,  4.82588E-03,  5.21621E-03,  5.62077E-03,  6.03617E-03,  6.45805E-03,  6.88106E-03,  7.29885E-03,  7.70413E-03,  8.08880E-03,  8.44421E-03,  8.76149E-03,  9.03198E-03,  9.24772E-03,  9.40194E-03,  9.48957E-03,  9.50759E-03,  9.45528E-03,  9.33432E-03,  9.14860E-03,  8.90397E-03,  8.60780E-03,  8.26848E-03,  7.89492E-03,  7.49605E-03,  7.08044E-03,  6.65597E-03,  6.22965E-03,  5.80745E-03,  5.39436E-03,  4.99430E-03,  4.61029E-03,  4.24450E-03,  3.89833E-03,  3.57260E-03,  3.26760E-03,  2.98323E-03,  2.71904E-03,NA,NA,NA,NA,NA,NA,NA,NA,NA,NA,NA,NA,
NA,NA,NA,NA,NA,NA,NA,NA,NA,NA,  2.34604E-03,  2.59431E-03,  2.86412E-03,  3.15654E-03,  3.47243E-03,  3.81240E-03,  4.17670E-03,  4.56510E-03,  4.97676E-03,  5.41009E-03,  5.86260E-03,  6.33075E-03,  6.80983E-03,  7.29384E-03,  7.77544E-03,  8.24600E-03,  8.69572E-03,  9.11393E-03,  9.48950E-03,  9.81138E-03,  1.00693E-02,  1.02543E-02,  1.03598E-02,  1.03818E-02,  1.03193E-02,  1.01745E-02,  9.95247E-03,  9.66100E-03,  9.30962E-03,  8.90914E-03,  8.47084E-03,  8.00589E-03,  7.52479E-03,  7.03700E-03,  6.55073E-03,  6.07284E-03,  5.60882E-03,  5.16287E-03,  4.73805E-03,  4.33638E-03,  3.95906E-03,  3.60657E-03,  3.27882E-03,  2.97532E-03,  2.69524E-03,  2.43754E-03,  2.20102E-03,NA,NA,NA,NA,NA,NA,NA,NA,NA,NA,
NA,NA,NA,NA,NA,NA,NA,NA,NA,  2.05034E-03,  2.28720E-03,  2.54689E-03,  2.83101E-03,  3.14105E-03,  3.47835E-03,  3.84402E-03,  4.23879E-03,  4.66291E-03,  5.11596E-03,  5.59669E-03,  6.10282E-03,  6.63079E-03,  7.17560E-03,  7.73063E-03,  8.28748E-03,  8.83598E-03,  9.36429E-03,  9.85922E-03,  1.03067E-02,  1.06925E-02,  1.10033E-02,  1.12272E-02,  1.13554E-02,  1.13825E-02,  1.13072E-02,  1.11323E-02,  1.08647E-02,  1.05148E-02,  1.00949E-02,  9.61930E-03,  9.10226E-03,  8.55782E-03,  7.99887E-03,  7.43676E-03,  6.88106E-03,  6.33951E-03,  5.81809E-03,  5.32116E-03,  4.85165E-03,  4.41132E-03,  4.00095E-03,  3.62053E-03,  3.26947E-03,  2.94677E-03,  2.65109E-03,  2.38092E-03,  2.13461E-03,  1.91051E-03,NA,NA,NA,NA,NA,NA,NA,NA,NA,
NA,NA,NA,NA,NA,NA,NA,NA,  1.74032E-03,  1.96156E-03,  2.20623E-03,  2.47636E-03,  2.77401E-03,  3.10121E-03,  3.45989E-03,  3.85176E-03,  4.27822E-03,  4.74016E-03,  5.23779E-03,  5.77043E-03,  6.33618E-03,  6.93171E-03,  7.55190E-03,  8.18957E-03,  8.83524E-03,  9.47704E-03,  1.01007E-02,  1.06898E-02,  1.12267E-02,  1.16928E-02,  1.20705E-02,  1.23441E-02,  1.25014E-02,  1.25351E-02,  1.24434E-02,  1.22302E-02,  1.19049E-02,  1.14812E-02,  1.09758E-02,  1.04072E-02,  9.79390E-03,  9.15351E-03,  8.50185E-03,  7.85247E-03,  7.21644E-03,  6.60235E-03,  6.01654E-03,  5.46331E-03,  4.94528E-03,  4.46368E-03,  4.01867E-03,  3.60956E-03,  3.23508E-03,  2.89353E-03,  2.58297E-03,  2.30130E-03,  2.04636E-03,  1.81602E-03,  1.60818E-03,NA,NA,NA,NA,NA,NA,NA,NA,
NA,NA,NA,NA,NA,NA,NA,  1.42172E-03,  1.62370E-03,  1.84895E-03,  2.09988E-03,  2.37898E-03,  2.68889E-03,  3.03225E-03,  3.41170E-03,  3.82973E-03,  4.28857E-03,  4.79000E-03,  5.33511E-03,  5.92404E-03,  6.55564E-03,  7.22706E-03,  7.93334E-03,  8.66698E-03,  9.41749E-03,  1.01711E-02,  1.09108E-02,  1.16163E-02,  1.22650E-02,  1.28328E-02,  1.32962E-02,  1.36338E-02,  1.38289E-02,  1.38714E-02,  1.37587E-02,  1.34961E-02,  1.30966E-02,  1.25790E-02,  1.19659E-02,  1.12815E-02,  1.05499E-02,  9.79334E-03,  9.03116E-03,  8.27941E-03,  7.55068E-03,  6.85430E-03,  6.19670E-03,  5.58183E-03,  5.01167E-03,  4.48662E-03,  4.00590E-03,  3.56791E-03,  3.17046E-03,  2.81102E-03,  2.48685E-03,  2.19517E-03,  1.93321E-03,  1.69829E-03,  1.48788E-03,  1.29960E-03,NA,NA,NA,NA,NA,NA,NA,
NA,NA,NA,NA,NA,NA,  1.10036E-03,  1.28009E-03,  1.48226E-03,  1.70948E-03,  1.96459E-03,  2.25065E-03,  2.57090E-03,  2.92874E-03,  3.32764E-03,  3.77104E-03,  4.26223E-03,  4.80412E-03,  5.39901E-03,  6.04825E-03,  6.75182E-03,  7.50783E-03,  8.31190E-03,  9.15658E-03,  1.00306E-02,  1.09184E-02,  1.17997E-02,  1.26496E-02,  1.34392E-02,  1.41369E-02,  1.47110E-02,  1.51323E-02,  1.53773E-02,  1.54315E-02,  1.52913E-02,  1.49642E-02,  1.44685E-02,  1.38301E-02,  1.30800E-02,  1.22505E-02,  1.13731E-02,  1.04756E-02,  9.58164E-03,  8.71007E-03,  7.87487E-03,  7.08577E-03,  6.34886E-03,  5.66729E-03,  5.04192E-03,  4.47190E-03,  3.95518E-03,  3.48891E-03,  3.06975E-03,  2.69409E-03,  2.35827E-03,  2.05869E-03,  1.79188E-03,  1.55456E-03,  1.34368E-03,  1.15645E-03,  9.90304E-04,NA,NA,NA,NA,NA,NA,
NA,NA,NA,NA,NA,  7.81840E-04,  9.37139E-04,  1.11340E-03,  1.31333E-03,  1.53995E-03,  1.79660E-03,  2.08692E-03,  2.41486E-03,  2.78465E-03,  3.20075E-03,  3.66775E-03,  4.19021E-03,  4.77252E-03,  5.41856E-03,  6.13135E-03,  6.91254E-03,  7.76180E-03,  8.67602E-03,  9.64839E-03,  1.06674E-02,  1.17159E-02,  1.27703E-02,  1.38000E-02,  1.47682E-02,  1.56335E-02,NA,NA,NA,NA,NA,NA,NA,  1.52594E-02,  1.43337E-02,  1.33215E-02,  1.22635E-02,  1.11950E-02,  1.01444E-02,  9.13320E-03,  8.17656E-03,  7.28397E-03,  6.46052E-03,  5.70788E-03,  5.02517E-03,  4.40975E-03,  3.85784E-03,  3.36497E-03,  2.92634E-03,  2.53707E-03,  2.19240E-03,  1.88778E-03,  1.61893E-03,  1.38193E-03,  1.17317E-03,  9.89412E-04,  8.27736E-04,NA,NA,NA,NA,NA,NA,
NA,NA,NA,NA,  4.71341E-04,  6.00839E-04,  7.49293E-04,  9.19390E-04,  1.11417E-03,  1.33708E-03,  1.59194E-03,  1.88304E-03,  2.21511E-03,  2.59332E-03,  3.02324E-03,  3.51079E-03,  4.06211E-03,  4.68338E-03,  5.38050E-03,  6.15874E-03,  7.02211E-03,  7.97268E-03,  9.00948E-03,  1.01274E-02,  1.13155E-02,  1.25559E-02,  1.38215E-02,NA,NA,NA,NA,NA,NA,NA,NA,NA,NA,NA,NA,  1.44985E-02,  1.32168E-02,  1.19410E-02,  1.07049E-02,  9.53238E-03,  8.43866E-03,  7.43214E-03,  6.51588E-03,  5.68912E-03,  4.94842E-03,  4.28870E-03,  3.70389E-03,  3.18749E-03,  2.73292E-03,  2.33379E-03,  1.98406E-03,  1.67811E-03,  1.41079E-03,  1.17745E-03,  9.73935E-04,  7.96527E-04,  6.41947E-04,  5.07303E-04,NA,NA,NA,NA,NA,
NA,NA,NA,NA,  2.76578E-04,  3.96272E-04,  5.35063E-04,  6.95879E-04,  8.82080E-04,  1.09750E-03,  1.34651E-03,  1.63405E-03,  1.96566E-03,  2.34753E-03,  2.78650E-03,  3.29000E-03,  3.86600E-03,  4.52285E-03,  5.26897E-03,  6.11252E-03,  7.06073E-03,  8.11908E-03,  9.29005E-03,  1.05716E-02,  1.19550E-02,NA,NA,NA,NA,NA,NA,NA,NA,NA,NA,NA,NA,NA,NA,NA,NA,  1.26953E-02,  1.12414E-02,  9.88433E-03,  8.63822E-03,  7.50865E-03,  6.49520E-03,  5.59340E-03,  4.79629E-03,  4.09549E-03,  3.48203E-03,  2.94694E-03,  2.48152E-03,  2.07764E-03,  1.72780E-03,  1.42522E-03,  1.16382E-03,  9.38204E-04,  7.43626E-04,  5.75918E-04,  4.31450E-04,  3.07065E-04,  2.00031E-04,NA,NA,NA,NA,
NA,NA,NA, -3.10611E-05,  5.98183E-05,  1.66882E-04,  2.92826E-04,  4.40791E-04,  6.14420E-04,  8.17936E-04,  1.05621E-03,  1.33484E-03,  1.66022E-03,  2.03962E-03,  2.48122E-03,  2.99415E-03,  3.58846E-03,  4.27502E-03,  5.06532E-03,  5.97112E-03,  7.00382E-03,  8.17359E-03,  9.48798E-03,  1.09500E-02,NA,NA,NA,NA,NA,NA,NA,NA,NA,NA,NA,NA,NA,NA,NA,NA,NA,NA,  1.17212E-02,  1.01569E-02,  8.74506E-03,  7.48613E-03,  6.37428E-03,  5.39980E-03,  4.55090E-03,  3.81505E-03,  3.17972E-03,  2.63296E-03,  2.16365E-03,  1.76169E-03,  1.41803E-03,  1.12463E-03,  8.74454E-04,  6.61361E-04,  4.80027E-04,  3.25863E-04,  1.94921E-04,  8.38192E-05, -1.03370E-05,NA,NA,NA,NA,
NA,NA,NA, -2.55585E-04, -1.79705E-04, -8.83882E-05,  2.11637E-05,  1.52249E-04,  3.08751E-04,  4.95225E-04,  7.17008E-04,  9.80324E-04,  1.29240E-03,  1.66161E-03,  2.09754E-03,  2.61112E-03,  3.21470E-03,  3.92200E-03,  4.74809E-03,  5.70904E-03,  6.82149E-03,  8.10176E-03,  9.56441E-03,NA,NA,NA,NA,NA,NA,NA,NA,NA,NA,NA,NA,NA,NA,NA,NA,NA,NA,NA,NA,  1.03070E-02,  8.72038E-03,  7.33069E-03,  6.12413E-03,  5.08386E-03,  4.19193E-03,  3.43066E-03,  2.78330E-03,  2.23450E-03,  1.77045E-03,  1.37891E-03,  1.04918E-03,  7.71975E-04,  5.39301E-04,  3.44307E-04,  1.81151E-04,  4.48710E-05, -6.87362E-05, -1.63225E-04, -2.41593E-04, -3.06369E-04,NA,NA,NA,
NA,NA, -5.46532E-04, -5.00459E-04, -4.42515E-04, -3.70328E-04, -2.81063E-04, -1.71329E-04, -3.70816E-05,  1.26496E-04,  3.25126E-04,  5.65590E-04,  8.55892E-04,  1.20544E-03,  1.62524E-03,  2.12810E-03,  2.72875E-03,  3.44407E-03,  4.29308E-03,  5.29687E-03,  6.47834E-03,  7.86146E-03,NA,NA,NA,NA,NA,NA,NA,NA,NA,NA,NA,NA,NA,NA,NA,NA,NA,NA,NA,NA,NA,NA,  8.51559E-03,  7.00137E-03,  5.71078E-03,  4.61775E-03,  3.69681E-03,  2.92419E-03,  2.27834E-03,  1.74016E-03,  1.29297E-03,  9.22325E-04,  6.15893E-04,  3.63174E-04,  1.55290E-04, -1.52304E-05, -1.54656E-04, -2.68227E-04, -3.60321E-04, -4.34580E-04, -4.94036E-04, -5.41208E-04, -5.78189E-04,NA,NA,
NA, -8.10700E-04, -7.92389E-04, -7.65730E-04, -7.28832E-04, -6.79395E-04, -6.14626E-04, -5.31134E-04, -4.24812E-04, -2.90695E-04, -1.22789E-04,  8.61172E-05,  3.44680E-04,  6.63249E-04,  1.05415E-03,  1.53198E-03,  2.11393E-03,  2.82010E-03,  3.67377E-03,  4.70158E-03,  5.93353E-03,  7.40264E-03,NA,NA,NA,NA,NA,NA,NA,NA,NA,NA,NA,NA,NA,NA,NA,NA,NA,NA,NA,NA,NA,NA,NA,  6.45021E-03,  5.09560E-03,  3.97069E-03,  3.04121E-03,  2.27657E-03,  1.65003E-03,  1.13855E-03,  7.22520E-04,  3.85397E-04,  1.13300E-04, -1.05344E-04, -2.80141E-04, -4.19039E-04, -5.28590E-04, -6.14186E-04, -6.80254E-04, -7.30423E-04, -7.67665E-04, -7.94409E-04, -8.12641E-04,NA,NA,
NA, -1.05371E-03, -1.05562E-03, -1.05113E-03, -1.03852E-03, -1.01564E-03, -9.79842E-04, -9.27848E-04, -8.55621E-04, -7.58193E-04, -6.29467E-04, -4.61978E-04, -2.46612E-04,  2.77191E-05,  3.74458E-04,  8.09829E-04,  1.35332E-03,  2.02819E-03,  2.86204E-03,  3.88726E-03,  5.14152E-03,NA,NA,NA,NA,NA,NA,NA,NA,NA,NA,NA,NA,NA,NA,NA,NA,NA,NA,NA,NA,NA,NA,NA,NA,NA,  4.23620E-03,  3.10982E-03,  2.19987E-03,  1.46856E-03,  8.83826E-04,  4.18793E-04,  5.11160E-05, -2.37663E-04, -4.62703E-04, -6.36401E-04, -7.68855E-04, -8.68264E-04, -9.41271E-04, -9.93241E-04, -1.02850E-03, -1.05053E-03, -1.06213E-03, -1.06554E-03, -1.06256E-03, -1.05463E-03,NA,
NA, -1.31107E-03, -1.33555E-03, -1.35603E-03, -1.37102E-03, -1.37863E-03, -1.37648E-03, -1.36153E-03, -1.32999E-03, -1.27707E-03, -1.19678E-03, -1.08166E-03, -9.22403E-04, -7.07494E-04, -4.22696E-04, -5.04988E-05,  4.30537E-04,  1.04653E-03,  1.82910E-03,  2.81629E-03,NA,NA,NA,NA,NA,NA,NA,NA,NA,NA,NA,NA,NA,NA,NA,NA,NA,NA,NA,NA,NA,NA,NA,NA,NA,NA,NA,  2.00152E-03,  1.14769E-03,  4.81610E-04, -3.37661E-05, -4.28760E-04, -7.28017E-04, -9.51458E-04, -1.11511E-03, -1.23180E-03, -1.31180E-03, -1.36324E-03, -1.39261E-03, -1.40501E-03, -1.40449E-03, -1.39422E-03, -1.37669E-03, -1.35384E-03, -1.32719E-03, -1.29791E-03,NA,
 -1.53213E-03, -1.58181E-03, -1.63119E-03, -1.67941E-03, -1.72532E-03, -1.76741E-03, -1.80367E-03, -1.83152E-03, -1.84755E-03, -1.84741E-03, -1.82550E-03, -1.77465E-03, -1.68576E-03, -1.54729E-03, -1.34468E-03, -1.05966E-03, -6.69410E-04, -1.45572E-04,  5.46902E-04,NA,NA,NA,NA,NA,NA,NA,NA,NA,NA,NA,NA,NA,NA,NA,NA,NA,NA,NA,NA,NA,NA,NA,NA,NA,NA,NA,NA,NA, -1.38804E-04, -7.00903E-04, -1.11427E-03, -1.41185E-03, -1.61984E-03, -1.75893E-03, -1.84542E-03, -1.89205E-03, -1.90878E-03, -1.90332E-03, -1.88166E-03, -1.84840E-03, -1.80705E-03, -1.76029E-03, -1.71016E-03, -1.65817E-03, -1.60545E-03, -1.55282E-03,NA,
 -1.79080E-03, -1.86469E-03, -1.94118E-03, -2.01981E-03, -2.09988E-03, -2.18037E-03, -2.25983E-03, -2.33626E-03, -2.40693E-03, -2.46815E-03, -2.51505E-03, -2.54115E-03, -2.53801E-03, -2.49460E-03, -2.39669E-03, -2.22598E-03, -1.95910E-03, -1.56637E-03,NA,NA,NA,NA,NA,NA,NA,NA,NA,NA,NA,NA,NA,NA,NA,NA,NA,NA,NA,NA,NA,NA,NA,NA,NA,NA,NA,NA,NA,NA,NA, -2.09235E-03, -2.36616E-03, -2.53546E-03, -2.62685E-03, -2.66089E-03, -2.65329E-03, -2.61606E-03, -2.55826E-03, -2.48673E-03, -2.40655E-03, -2.32150E-03, -2.23432E-03, -2.14699E-03, -2.06090E-03, -1.97701E-03, -1.89595E-03, -1.81810E-03, -1.74367E-03,
 -2.05836E-03, -2.15812E-03, -2.26377E-03, -2.37532E-03, -2.49262E-03, -2.61529E-03, -2.74258E-03, -2.87329E-03, -3.00561E-03, -3.13686E-03, -3.26324E-03, -3.37946E-03, -3.47826E-03, -3.54984E-03, -3.58108E-03, -3.55461E-03, -3.44761E-03,NA,NA,NA,NA,NA,NA,NA,NA,NA,NA,NA,NA,NA,NA,NA,NA,NA,NA,NA,NA,NA,NA,NA,NA,NA,NA,NA,NA,NA,NA,NA,NA, -3.70138E-03, -3.79375E-03, -3.80092E-03, -3.74845E-03, -3.65547E-03, -3.53615E-03, -3.40086E-03, -3.25715E-03, -3.11038E-03, -2.96432E-03, -2.82154E-03, -2.68375E-03, -2.55197E-03, -2.42678E-03, -2.30845E-03, -2.19697E-03, -2.09220E-03, -1.99390E-03,
 -2.33311E-03, -2.46022E-03, -2.59685E-03, -2.74357E-03, -2.90090E-03, -3.06921E-03, -3.24867E-03, -3.43909E-03, -3.63985E-03, -3.84960E-03, -4.06607E-03, -4.28567E-03, -4.50302E-03, -4.71034E-03, -4.89660E-03, -5.04655E-03, -5.13931E-03,NA,NA,NA,NA,NA,NA,NA,NA,NA,NA,NA,NA,NA,NA,NA,NA,NA,NA,NA,NA,NA,NA,NA,NA,NA,NA,NA,NA,NA,NA,NA,NA,NA, -5.39599E-03, -5.20506E-03, -4.98024E-03, -4.73771E-03, -4.48884E-03, -4.24141E-03, -4.00063E-03, -3.76980E-03, -3.55087E-03, -3.34482E-03, -3.15199E-03, -2.97225E-03, -2.80518E-03, -2.65015E-03, -2.50646E-03, -2.37333E-03, -2.24998E-03,
 -2.61315E-03, -2.76881E-03, -2.93792E-03, -3.12171E-03, -3.32148E-03, -3.53849E-03, -3.77399E-03, -4.02905E-03, -4.30451E-03, -4.60074E-03, -4.91747E-03, -5.25341E-03, -5.60579E-03, -5.96979E-03, -6.33767E-03, -6.69769E-03,NA,NA,NA,NA,NA,NA,NA,NA,NA,NA,NA,NA,NA,NA,NA,NA,NA,NA,NA,NA,NA,NA,NA,NA,NA,NA,NA,NA,NA,NA,NA,NA,NA,NA, -7.16534E-03, -6.73938E-03, -6.31348E-03, -5.89910E-03, -5.50335E-03, -5.13034E-03, -4.78206E-03, -4.45905E-03, -4.16092E-03, -3.88669E-03, -3.63499E-03, -3.40429E-03, -3.19297E-03, -2.99941E-03, -2.82205E-03, -2.65941E-03, -2.51011E-03,
 -2.89633E-03, -3.08141E-03, -3.28413E-03, -3.50646E-03, -3.75057E-03, -4.01877E-03, -4.31354E-03, -4.63745E-03, -4.99308E-03, -5.38293E-03, -5.80921E-03, -6.27356E-03, -6.77668E-03, -7.31776E-03, -7.89366E-03, -8.49788E-03,NA,NA,NA,NA,NA,NA,NA,NA,NA,NA,NA,NA,NA,NA,NA,NA,NA,NA,NA,NA,NA,NA,NA,NA,NA,NA,NA,NA,NA,NA,NA,NA,NA,NA,NA, -8.38927E-03, -7.73456E-03, -7.12724E-03, -6.56862E-03, -6.05788E-03, -5.59286E-03, -5.17067E-03, -4.78803E-03, -4.44157E-03, -4.12794E-03, -3.84394E-03, -3.58660E-03, -3.35316E-03, -3.14111E-03, -2.94818E-03, -2.77233E-03,
 -3.18032E-03, -3.39531E-03, -3.63232E-03, -3.89414E-03, -4.18388E-03, -4.50503E-03, -4.86147E-03, -5.25746E-03, -5.69766E-03, -6.18702E-03, -6.73076E-03, -7.33413E-03, -8.00215E-03, -8.73918E-03, -9.54822E-03,NA,NA,NA,NA,NA,NA,NA,NA,NA,NA,NA,NA,NA,NA,NA,NA,NA,NA,NA,NA,NA,NA,NA,NA,NA,NA,NA,NA,NA,NA,NA,NA,NA,NA,NA,NA, -1.01335E-02, -9.22466E-03, -8.40572E-03, -7.67045E-03, -7.01182E-03, -6.42262E-03, -5.89578E-03, -5.42464E-03, -5.00303E-03, -4.62536E-03, -4.28656E-03, -3.98212E-03, -3.70804E-03, -3.46076E-03, -3.23718E-03, -3.03453E-03,
 -3.46264E-03, -3.70759E-03, -3.97907E-03, -4.28070E-03, -4.61664E-03, -4.99165E-03, -5.41114E-03, -5.88126E-03, -6.40899E-03, -7.00212E-03, -7.66933E-03, -8.42015E-03, -9.26483E-03, -1.02141E-02, -1.12787E-02,NA,NA,NA,NA,NA,NA,NA,NA,NA,NA,NA,NA,NA,NA,NA,NA,NA,NA,NA,NA,NA,NA,NA,NA,NA,NA,NA,NA,NA,NA,NA,NA,NA,NA,NA,NA,NA, -1.07596E-02, -9.71404E-03, -8.79155E-03, -7.97765E-03, -7.25913E-03, -6.62414E-03, -6.06215E-03, -5.56389E-03, -5.12121E-03, -4.72705E-03, -4.37523E-03, -4.06041E-03, -3.77793E-03, -3.52379E-03, -3.29450E-03,
 -3.74070E-03, -4.01520E-03, -4.32075E-03, -4.66185E-03, -5.04374E-03, -5.47252E-03, -5.95525E-03, -6.50013E-03, -7.11664E-03, -7.81573E-03, -8.60999E-03, -9.51382E-03, -1.05436E-02, -1.17175E-02, -1.30559E-02,NA,NA,NA,NA,NA,NA,NA,NA,NA,NA,NA,NA,NA,NA,NA,NA,NA,NA,NA,NA,NA,NA,NA,NA,NA,NA,NA,NA,NA,NA,NA,NA,NA,NA,NA,NA,NA, -1.23100E-02, -1.10279E-02, -9.91182E-03, -8.93875E-03, -8.08870E-03, -7.34444E-03, -6.69120E-03, -6.11634E-03, -5.60903E-03, -5.16002E-03, -4.76143E-03, -4.40650E-03, -4.08945E-03, -3.80534E-03, -3.54996E-03,
 -4.01186E-03, -4.31502E-03, -4.65363E-03, -5.03312E-03, -5.45982E-03, -5.94120E-03, -6.48603E-03, -7.10464E-03, -7.80919E-03, -8.61400E-03, -9.53591E-03, -1.05947E-02, -1.18135E-02, -1.32194E-02,NA,NA,NA,NA,NA,NA,NA,NA,NA,NA,NA,NA,NA,NA,NA,NA,NA,NA,NA,NA,NA,NA,NA,NA,NA,NA,NA,NA,NA,NA,NA,NA,NA,NA,NA,NA,NA,NA, -1.38418E-02, -1.23196E-02, -1.10088E-02, -9.87688E-03, -8.89643E-03, -8.04450E-03, -7.30182E-03, -6.65221E-03, -6.08205E-03, -5.57990E-03, -5.13609E-03, -4.74245E-03, -4.39208E-03, -4.07913E-03, -3.79863E-03,
 -4.27353E-03, -4.60392E-03, -4.97399E-03, -5.39002E-03, -5.85944E-03, -6.39108E-03, -6.99542E-03, -7.68496E-03, -8.47458E-03, -9.38211E-03, -1.04288E-02, -1.16402E-02, -1.30469E-02, -1.46853E-02,NA,NA,NA,NA,NA,NA,NA,NA,NA,NA,NA,NA,NA,NA,NA,NA,NA,NA,NA,NA,NA,NA,NA,NA,NA,NA,NA,NA,NA,NA,NA,NA,NA,NA,NA,NA,NA,NA, -1.53172E-02, -1.35590E-02, -1.20584E-02, -1.07727E-02, -9.66674E-03, -8.71172E-03, -7.88378E-03, -7.16316E-03, -6.53348E-03, -5.98109E-03, -5.49459E-03, -5.06445E-03, -4.68267E-03, -4.34251E-03, -4.03831E-03,
 -4.52319E-03, -4.87891E-03, -5.27819E-03, -5.72814E-03, -6.23723E-03, -6.81558E-03, -7.47535E-03, -8.23111E-03, -9.10047E-03, -1.01047E-02, -1.12696E-02, -1.26264E-02, -1.42134E-02, -1.60773E-02,NA,NA,NA,NA,NA,NA,NA,NA,NA,NA,NA,NA,NA,NA,NA,NA,NA,NA,NA,NA,NA,NA,NA,NA,NA,NA,NA,NA,NA,NA,NA,NA,NA,NA,NA,NA,NA,NA, -1.66960E-02, -1.47146E-02, -1.30357E-02, -1.16064E-02, -1.03839E-02, -9.33351E-03, -8.42695E-03, -7.64103E-03, -6.95668E-03, -6.35819E-03, -5.83252E-03, -5.36886E-03, -4.95819E-03, -4.59297E-03, -4.26688E-03,
 -4.75852E-03, -5.13716E-03, -5.56281E-03, -6.04331E-03, -6.58808E-03, -7.20843E-03, -7.91802E-03, -8.73341E-03, -9.67471E-03, -1.07665E-02, -1.20388E-02, -1.35288E-02, -1.52820E-02, -1.73552E-02,NA,NA,NA,NA,NA,NA,NA,NA,NA,NA,NA,NA,NA,NA,NA,NA,NA,NA,NA,NA,NA,NA,NA,NA,NA,NA,NA,NA,NA,NA,NA,NA,NA,NA,NA,NA,NA,NA,NA, -1.57549E-02, -1.39162E-02, -1.23588E-02, -1.10327E-02, -9.89782E-03, -8.92172E-03, -8.07808E-03, -7.34542E-03, -6.70613E-03, -6.14574E-03, -5.65229E-03, -5.21586E-03, -4.82820E-03, -4.48242E-03,
 -4.97742E-03, -5.37615E-03, -5.82477E-03, -6.33177E-03, -6.90735E-03, -7.56385E-03, -8.31625E-03, -9.18281E-03, -1.01859E-02, -1.13530E-02, -1.27181E-02, -1.43235E-02, -1.62217E-02, -1.84789E-02,NA,NA,NA,NA,NA,NA,NA,NA,NA,NA,NA,NA,NA,NA,NA,NA,NA,NA,NA,NA,NA,NA,NA,NA,NA,NA,NA,NA,NA,NA,NA,NA,NA,NA,NA,NA,NA,NA,NA, -1.66501E-02, -1.46768E-02, -1.30119E-02, -1.15992E-02, -1.03936E-02, -9.35935E-03, -8.46736E-03, -7.69412E-03, -7.02043E-03, -6.43062E-03, -5.91178E-03, -5.45324E-03, -5.04619E-03, -4.68326E-03,
 -5.17812E-03, -5.59374E-03, -6.06148E-03, -6.59031E-03, -7.19106E-03, -7.87686E-03, -8.66375E-03, -9.57137E-03, -1.06239E-02, -1.18512E-02, -1.32906E-02, -1.49886E-02, -1.70038E-02, -1.94106E-02,NA,NA,NA,NA,NA,NA,NA,NA,NA,NA,NA,NA,NA,NA,NA,NA,NA,NA,NA,NA,NA,NA,NA,NA,NA,NA,NA,NA,NA,NA,NA,NA,NA,NA,NA,NA,NA,NA,NA, -1.73739E-02, -1.52976E-02, -1.35504E-02, -1.20712E-02, -1.08115E-02, -9.73244E-03, -8.80301E-03, -7.99811E-03, -7.29735E-03, -6.68414E-03, -6.14486E-03, -5.66831E-03, -5.24525E-03, -4.86800E-03,
 -5.35925E-03, -5.78825E-03, -6.27087E-03, -6.81639E-03, -7.43603E-03, -8.14348E-03, -8.95548E-03, -9.89263E-03, -1.09804E-02, -1.22504E-02, -1.37423E-02, -1.55057E-02, -1.76039E-02, -2.01172E-02,NA,NA,NA,NA,NA,NA,NA,NA,NA,NA,NA,NA,NA,NA,NA,NA,NA,NA,NA,NA,NA,NA,NA,NA,NA,NA,NA,NA,NA,NA,NA,NA,NA,NA,NA,NA,NA,NA, -2.04733E-02, -1.79053E-02, -1.57623E-02, -1.39619E-02, -1.24394E-02, -1.11441E-02, -1.00353E-02, -9.08054E-03, -8.25384E-03, -7.53405E-03, -6.90401E-03, -6.34968E-03, -5.85956E-03, -5.42415E-03, -5.03559E-03,
 -5.51986E-03, -5.95854E-03, -6.45155E-03, -7.00827E-03, -7.64010E-03, -8.36095E-03, -9.18791E-03, -1.01420E-02, -1.12494E-02, -1.25426E-02, -1.40626E-02, -1.58608E-02, -1.80029E-02, -2.05731E-02,NA,NA,NA,NA,NA,NA,NA,NA,NA,NA,NA,NA,NA,NA,NA,NA,NA,NA,NA,NA,NA,NA,NA,NA,NA,NA,NA,NA,NA,NA,NA,NA,NA,NA,NA,NA,NA,NA, -2.08309E-02, -1.82296E-02, -1.60600E-02, -1.42380E-02, -1.26975E-02, -1.13866E-02, -1.02641E-02, -9.29705E-03, -8.45905E-03, -7.72874E-03, -7.08880E-03, -6.52509E-03, -6.02603E-03, -5.58208E-03, -5.18535E-03,
 -5.65947E-03, -6.10406E-03, -6.60285E-03, -7.16513E-03, -7.80221E-03, -8.52791E-03, -9.35922E-03, -1.03171E-02, -1.14277E-02, -1.27235E-02, -1.42454E-02, -1.60454E-02, -1.81895E-02, -2.07626E-02,NA,NA,NA,NA,NA,NA,NA,NA,NA,NA,NA,NA,NA,NA,NA,NA,NA,NA,NA,NA,NA,NA,NA,NA,NA,NA,NA,NA,NA,NA,NA,NA,NA,NA,NA,NA,NA,NA, -2.09207E-02, -1.83397E-02, -1.61856E-02, -1.43749E-02, -1.28425E-02, -1.15369E-02, -1.04174E-02, -9.45143E-03, -8.61291E-03, -7.88080E-03, -7.23803E-03, -6.67069E-03, -6.16739E-03, -5.71875E-03, -5.31702E-03,
 -5.77811E-03, -6.22487E-03, -6.72486E-03, -7.28708E-03, -7.92249E-03, -8.64447E-03, -9.46950E-03, -1.04179E-02, -1.15150E-02, -1.27924E-02, -1.42898E-02, -1.60578E-02, -1.81606E-02, -2.06807E-02, -2.37249E-02,NA,NA,NA,NA,NA,NA,NA,NA,NA,NA,NA,NA,NA,NA,NA,NA,NA,NA,NA,NA,NA,NA,NA,NA,NA,NA,NA,NA,NA,NA,NA,NA,NA,NA,NA,NA,NA, -2.07440E-02, -1.82368E-02, -1.61401E-02, -1.43738E-02, -1.28756E-02, -1.15961E-02, -1.04961E-02, -9.54449E-03, -8.71610E-03, -7.99078E-03, -7.35215E-03, -6.78683E-03, -6.28391E-03, -5.83437E-03, -5.43075E-03,
 -5.87632E-03, -6.32166E-03, -6.81846E-03, -7.37522E-03, -8.00230E-03, -8.71231E-03, -9.52076E-03, -1.04468E-02, -1.15142E-02, -1.27527E-02, -1.41998E-02, -1.59028E-02, -1.79219E-02, -2.03344E-02, -2.32401E-02,NA,NA,NA,NA,NA,NA,NA,NA,NA,NA,NA,NA,NA,NA,NA,NA,NA,NA,NA,NA,NA,NA,NA,NA,NA,NA,NA,NA,NA,NA,NA,NA,NA,NA,NA,NA,NA, -2.03122E-02, -1.79300E-02, -1.59307E-02, -1.42406E-02, -1.28017E-02, -1.15681E-02, -1.05035E-02, -9.57890E-03, -8.77083E-03, -8.06049E-03, -7.43261E-03, -6.87469E-03, -6.37652E-03, -5.92964E-03, -5.52706E-03,
 -5.95510E-03, -6.39571E-03, -6.88527E-03, -7.43161E-03, -8.04421E-03, -8.73460E-03, -9.51695E-03, -1.04087E-02, -1.14314E-02, -1.26121E-02, -1.39847E-02, -1.55918E-02, -1.74879E-02, -1.97422E-02, -2.24439E-02,NA,NA,NA,NA,NA,NA,NA,NA,NA,NA,NA,NA,NA,NA,NA,NA,NA,NA,NA,NA,NA,NA,NA,NA,NA,NA,NA,NA,NA,NA,NA,NA,NA,NA,NA,NA,NA, -1.96467E-02, -1.74360E-02, -1.55709E-02, -1.39859E-02, -1.26292E-02, -1.14599E-02, -1.04453E-02, -9.55923E-03, -8.78076E-03, -8.09289E-03, -7.48179E-03, -6.93616E-03, -6.44672E-03, -6.00577E-03, -5.60691E-03,
 -6.01591E-03, -6.44887E-03, -6.92763E-03, -7.45917E-03, -8.05188E-03, -8.71596E-03, -9.46383E-03, -1.03108E-02, -1.12756E-02, -1.23818E-02, -1.36586E-02, -1.51429E-02, -1.68814E-02, -1.89332E-02, -2.13740E-02,NA,NA,NA,NA,NA,NA,NA,NA,NA,NA,NA,NA,NA,NA,NA,NA,NA,NA,NA,NA,NA,NA,NA,NA,NA,NA,NA,NA,NA,NA,NA,NA,NA,NA,NA,NA,NA, -1.87777E-02, -1.67786E-02, -1.50795E-02, -1.36249E-02, -1.23705E-02, -1.12812E-02, -1.03291E-02, -9.49175E-03, -8.75096E-03, -8.09202E-03, -7.50293E-03, -6.97384E-03, -6.49658E-03, -6.06439E-03, -5.67158E-03,
 -6.06059E-03, -6.48348E-03, -6.94849E-03, -7.46161E-03, -8.02999E-03, -8.66224E-03, -9.36878E-03, -1.01623E-02, -1.10584E-02, -1.20764E-02, -1.32401E-02, -1.45795E-02, -1.61323E-02, -1.79457E-02,NA,NA,NA,NA,NA,NA,NA,NA,NA,NA,NA,NA,NA,NA,NA,NA,NA,NA,NA,NA,NA,NA,NA,NA,NA,NA,NA,NA,NA,NA,NA,NA,NA,NA,NA,NA,NA,NA, -1.77424E-02, -1.59874E-02, -1.44803E-02, -1.31764E-02, -1.20405E-02, -1.10441E-02, -1.01648E-02, -9.38427E-03, -8.68765E-03, -8.06288E-03, -7.50003E-03, -6.99090E-03, -6.52863E-03, -6.10750E-03, -5.72266E-03,
 -6.09131E-03, -6.50227E-03, -6.95130E-03, -7.44329E-03, -7.98402E-03, -8.58034E-03, -9.24046E-03, -9.97425E-03, -1.07937E-02, -1.17134E-02, -1.27513E-02, -1.39297E-02, -1.52762E-02, -1.68252E-02,NA,NA,NA,NA,NA,NA,NA,NA,NA,NA,NA,NA,NA,NA,NA,NA,NA,NA,NA,NA,NA,NA,NA,NA,NA,NA,NA,NA,NA,NA,NA,NA,NA,NA,NA,NA,NA,NA, -1.65842E-02, -1.50972E-02, -1.38009E-02, -1.26627E-02, -1.16570E-02, -1.07629E-02, -9.96370E-03, -9.24582E-03, -8.59806E-03, -8.01123E-03, -7.47768E-03, -6.99100E-03, -6.54578E-03, -6.13741E-03, -5.76197E-03,
 -6.11044E-03, -6.50825E-03, -6.93985E-03, -7.40900E-03, -7.92002E-03, -8.47792E-03, -9.08855E-03, -9.75880E-03, -1.04968E-02, -1.13123E-02, -1.22170E-02, -1.32249E-02, -1.43532E-02, -1.56227E-02,NA,NA,NA,NA,NA,NA,NA,NA,NA,NA,NA,NA,NA,NA,NA,NA,NA,NA,NA,NA,NA,NA,NA,NA,NA,NA,NA,NA,NA,NA,NA,NA,NA,NA,NA,NA,NA,NA, -1.53512E-02, -1.41465E-02, -1.30720E-02, -1.21083E-02, -1.12396E-02, -1.04530E-02, -9.73821E-03, -9.08633E-03, -8.49011E-03, -7.94339E-03, -7.44091E-03, -6.97815E-03, -6.55120E-03, -6.15665E-03, -5.79150E-03,
 -6.12049E-03, -6.50458E-03, -6.91816E-03, -7.36381E-03, -7.84439E-03, -8.36304E-03, -8.92325E-03, -9.52887E-03, -1.01842E-02, -1.08939E-02, -1.16633E-02, -1.24984E-02, -1.34057E-02, -1.43924E-02,NA,NA,NA,NA,NA,NA,NA,NA,NA,NA,NA,NA,NA,NA,NA,NA,NA,NA,NA,NA,NA,NA,NA,NA,NA,NA,NA,NA,NA,NA,NA,NA,NA,NA,NA,NA,NA,NA, -1.40951E-02, -1.31765E-02, -1.23267E-02, -1.15394E-02, -1.08091E-02, -1.01312E-02, -9.50153E-03, -8.91629E-03, -8.37213E-03, -7.86597E-03, -7.39496E-03, -6.95650E-03, -6.54820E-03, -6.16782E-03, -5.81332E-03,
 -6.12397E-03, -6.49446E-03, -6.89025E-03, -7.31281E-03, -7.76358E-03, -8.24389E-03, -8.75491E-03, -9.29756E-03, -9.87235E-03, -1.04792E-02, -1.11173E-02, -1.17845E-02, -1.24771E-02, -1.31893E-02,NA,NA,NA,NA,NA,NA,NA,NA,NA,NA,NA,NA,NA,NA,NA,NA,NA,NA,NA,NA,NA,NA,NA,NA,NA,NA,NA,NA,NA,NA,NA,NA,NA,NA,NA,NA,NA,NA, -1.28692E-02, -1.22297E-02, -1.15987E-02, -1.09828E-02, -1.03869E-02, -9.81428E-03, -9.26703E-03, -8.74629E-03, -8.25251E-03, -7.78561E-03, -7.34510E-03, -6.93024E-03, -6.54008E-03, -6.17354E-03, -5.82949E-03,
 -6.12330E-03, -6.48095E-03, -6.86002E-03, -7.26094E-03, -7.68383E-03, -8.12835E-03, -8.59355E-03, -9.07760E-03, -9.57753E-03, -1.00888E-02, -1.06048E-02, -1.11162E-02, -1.16097E-02, -1.20673E-02, -1.24641E-02,NA,NA,NA,NA,NA,NA,NA,NA,NA,NA,NA,NA,NA,NA,NA,NA,NA,NA,NA,NA,NA,NA,NA,NA,NA,NA,NA,NA,NA,NA,NA,NA,NA,NA,NA,NA,NA, -1.17273E-02, -1.13488E-02, -1.09216E-02, -1.04650E-02, -9.99379E-03, -9.51869E-03, -9.04771E-03, -8.58660E-03, -8.13937E-03, -7.70873E-03, -7.29641E-03, -6.90336E-03, -6.53000E-03, -6.17630E-03, -5.84198E-03,
 -6.12070E-03, -6.46687E-03, -6.83103E-03, -7.21271E-03, -7.61088E-03, -8.02372E-03, -8.44840E-03, -8.88072E-03, -9.31464E-03, -9.74172E-03, -1.01503E-02, -1.05246E-02, -1.08430E-02, -1.10769E-02, -1.11877E-02,NA,NA,NA,NA,NA,NA,NA,NA,NA,NA,NA,NA,NA,NA,NA,NA,NA,NA,NA,NA,NA,NA,NA,NA,NA,NA,NA,NA,NA,NA,NA,NA,NA,NA,NA,NA,NA, -1.07218E-02, -1.05744E-02, -1.03273E-02, -1.00111E-02, -9.64940E-03, -9.25984E-03, -8.85568E-03, -8.44672E-03, -8.04018E-03, -7.64123E-03, -7.25352E-03, -6.87953E-03, -6.52084E-03, -6.17838E-03, -5.85256E-03,
 -6.11809E-03, -6.45464E-03, -6.80637E-03, -7.17206E-03, -7.54971E-03, -7.93633E-03, -8.32754E-03, -8.71719E-03, -9.09676E-03, -9.45460E-03, -9.77499E-03, -1.00368E-02, -1.02119E-02, -1.02628E-02, -1.01398E-02,NA,NA,NA,NA,NA,NA,NA,NA,NA,NA,NA,NA,NA,NA,NA,NA,NA,NA,NA,NA,NA,NA,NA,NA,NA,NA,NA,NA,NA,NA,NA,NA,NA,NA,NA,NA, -9.66124E-03, -9.90059E-03, -9.94391E-03, -9.84461E-03, -9.64340E-03, -9.37117E-03, -9.05134E-03, -8.70154E-03, -8.33497E-03, -7.96146E-03, -7.58820E-03, -7.22044E-03, -6.86188E-03, -6.51507E-03, -6.18170E-03, -5.86277E-03,
 -6.11699E-03, -6.44622E-03, -6.78852E-03, -7.14211E-03, -7.50432E-03, -7.87126E-03, -8.23745E-03, -8.59529E-03, -8.93445E-03, -9.24098E-03, -9.49619E-03, -9.67517E-03, -9.74491E-03, -9.66170E-03, -9.36787E-03,NA,NA,NA,NA,NA,NA,NA,NA,NA,NA,NA,NA,NA,NA,NA,NA,NA,NA,NA,NA,NA,NA,NA,NA,NA,NA,NA,NA,NA,NA,NA,NA,NA,NA,NA,NA,NA, -9.30543E-03, -9.48890E-03, -9.49789E-03, -9.38057E-03, -9.17350E-03, -8.90433E-03, -8.59395E-03, -8.25808E-03, -7.90844E-03, -7.55375E-03, -7.20037E-03, -6.85292E-03, -6.51465E-03, -6.18779E-03, -5.87378E-03,
 -6.11847E-03, -6.44296E-03, -6.77921E-03, -7.12510E-03, -7.47755E-03, -7.83215E-03, -8.18274E-03, -8.52092E-03, -8.83530E-03, -9.11058E-03, -9.32640E-03, -9.45572E-03, -9.46283E-03, -9.30060E-03, -8.90705E-03,NA,NA,NA,NA,NA,NA,NA,NA,NA,NA,NA,NA,NA,NA,NA,NA,NA,NA,NA,NA,NA,NA,NA,NA,NA,NA,NA,NA,NA,NA,NA,NA,NA,NA,NA,NA,NA, -8.96865E-03, -9.23361E-03, -9.30533E-03, -9.23646E-03, -9.06691E-03, -8.82686E-03, -8.53911E-03, -8.22081E-03, -7.88482E-03, -7.54071E-03, -7.19551E-03, -6.85435E-03, -6.52089E-03, -6.19768E-03, -5.88639E-03,
 -6.12310E-03, -6.44560E-03, -6.77937E-03, -7.12221E-03, -7.47092E-03, -7.82094E-03, -8.16595E-03, -8.49734E-03, -8.80348E-03, -9.06880E-03, -9.27263E-03, -9.38757E-03, -9.37753E-03, -9.19504E-03,NA,NA,NA,NA,NA,NA,NA,NA,NA,NA,NA,NA,NA,NA,NA,NA,NA,NA,NA,NA,NA,NA,NA,NA,NA,NA,NA,NA,NA,NA,NA,NA,NA,NA,NA,NA,NA,NA, -8.91077E-03, -9.19296E-03, -9.27786E-03, -9.21915E-03, -9.05744E-03, -8.82346E-03, -8.54040E-03, -8.22574E-03, -7.89255E-03, -7.55057E-03, -7.20699E-03, -6.86704E-03, -6.53446E-03, -6.21186E-03, -5.90098E-03,
 -6.13091E-03, -6.45418E-03, -6.78908E-03, -7.13356E-03, -7.48458E-03, -7.83784E-03, -8.18736E-03, -8.52494E-03, -8.83954E-03, -9.11642E-03, -9.33594E-03, -9.47221E-03, -9.49113E-03, -9.34802E-03,NA,NA,NA,NA,NA,NA,NA,NA,NA,NA,NA,NA,NA,NA,NA,NA,NA,NA,NA,NA,NA,NA,NA,NA,NA,NA,NA,NA,NA,NA,NA,NA,NA,NA,NA,NA,NA,NA, -9.13835E-03, -9.37113E-03, -9.41817E-03, -9.33033E-03, -9.14614E-03, -8.89477E-03, -8.59821E-03, -8.27306E-03, -7.93169E-03, -7.58334E-03, -7.23477E-03, -6.89091E-03, -6.55526E-03, -6.23024E-03, -5.91746E-03,
 -6.14140E-03, -6.46807E-03, -6.80755E-03, -7.15815E-03, -7.51730E-03, -7.88131E-03, -8.24500E-03, -8.60125E-03, -8.94039E-03, -9.24949E-03, -9.51137E-03, -9.70335E-03, -9.79569E-03, -9.74953E-03,NA,NA,NA,NA,NA,NA,NA,NA,NA,NA,NA,NA,NA,NA,NA,NA,NA,NA,NA,NA,NA,NA,NA,NA,NA,NA,NA,NA,NA,NA,NA,NA,NA,NA,NA,NA,NA,NA, -9.64262E-03, -9.76076E-03, -9.72013E-03, -9.56497E-03, -9.32889E-03, -9.03740E-03, -8.70978E-03, -8.36051E-03, -8.00043E-03, -7.63752E-03, -7.27764E-03, -6.92498E-03, -6.58250E-03, -6.25218E-03, -5.93528E-03,
 -6.15354E-03, -6.48599E-03, -6.83317E-03, -7.19395E-03, -7.56650E-03, -7.94809E-03, -8.33476E-03, -8.72102E-03, -9.09933E-03, -9.45952E-03, -9.78807E-03, -1.00671E-02, -1.02734E-02, -1.03767E-02,NA,NA,NA,NA,NA,NA,NA,NA,NA,NA,NA,NA,NA,NA,NA,NA,NA,NA,NA,NA,NA,NA,NA,NA,NA,NA,NA,NA,NA,NA,NA,NA,NA,NA,NA,NA,NA,NA,NA, -1.03429E-02, -1.01689E-02, -9.91135E-03, -9.59642E-03, -9.24404E-03, -8.86929E-03, -8.48350E-03, -8.09508E-03, -7.71018E-03, -7.33325E-03, -6.96738E-03, -6.61467E-03, -6.27646E-03, -5.95349E-03,
 -6.16588E-03, -6.50609E-03, -6.86359E-03, -7.23798E-03, -7.62840E-03, -8.03336E-03, -8.45053E-03, -8.87649E-03, -9.30645E-03, -9.73383E-03, -1.01498E-02, -1.05427E-02, -1.08975E-02, -1.11949E-02,NA,NA,NA,NA,NA,NA,NA,NA,NA,NA,NA,NA,NA,NA,NA,NA,NA,NA,NA,NA,NA,NA,NA,NA,NA,NA,NA,NA,NA,NA,NA,NA,NA,NA,NA,NA,NA,NA,NA, -1.10877E-02, -1.07414E-02, -1.03516E-02, -9.93479E-03, -9.50374E-03, -9.06814E-03, -8.63522E-03, -8.21027E-03, -7.79708E-03, -7.39823E-03, -7.01541E-03, -6.64964E-03, -6.30137E-03, -5.97072E-03,
 -6.17653E-03, -6.52599E-03, -6.89579E-03, -7.28643E-03, -7.69818E-03, -8.13101E-03, -8.58450E-03, -9.05772E-03, -9.54907E-03, -1.00562E-02, -1.05757E-02, -1.11033E-02, -1.16333E-02, -1.21593E-02,NA,NA,NA,NA,NA,NA,NA,NA,NA,NA,NA,NA,NA,NA,NA,NA,NA,NA,NA,NA,NA,NA,NA,NA,NA,NA,NA,NA,NA,NA,NA,NA,NA,NA,NA,NA,NA,NA,NA, -1.19562E-02, -1.14077E-02, -1.08625E-02, -1.03260E-02, -9.80244E-03, -9.29531E-03, -8.80701E-03, -8.33919E-03, -7.89281E-03, -7.46831E-03, -7.06571E-03, -6.68472E-03, -6.32480E-03, -5.98527E-03,
 -6.18331E-03, -6.54294E-03, -6.92630E-03, -7.33488E-03, -7.77020E-03, -8.23388E-03, -8.72758E-03, -9.25308E-03, -9.81234E-03, -1.04076E-02, -1.10414E-02, -1.17174E-02, -1.24404E-02, -1.32174E-02,NA,NA,NA,NA,NA,NA,NA,NA,NA,NA,NA,NA,NA,NA,NA,NA,NA,NA,NA,NA,NA,NA,NA,NA,NA,NA,NA,NA,NA,NA,NA,NA,NA,NA,NA,NA,NA,NA, -1.37372E-02, -1.29027E-02, -1.21327E-02, -1.14169E-02, -1.07488E-02, -1.01237E-02, -9.53790E-03, -8.98877E-03, -8.47388E-03, -7.99112E-03, -7.53856E-03, -7.11436E-03, -6.71681E-03, -6.34428E-03, -5.99521E-03,
 -6.18385E-03, -6.55391E-03, -6.95128E-03, -7.37847E-03, -7.83832E-03, -8.33414E-03, -8.86979E-03, -9.44987E-03, -1.00800E-02, -1.07672E-02, -1.15203E-02, -1.23509E-02, -1.32744E-02, -1.43120E-02,NA,NA,NA,NA,NA,NA,NA,NA,NA,NA,NA,NA,NA,NA,NA,NA,NA,NA,NA,NA,NA,NA,NA,NA,NA,NA,NA,NA,NA,NA,NA,NA,NA,NA,NA,NA,NA,NA, -1.50097E-02, -1.38772E-02, -1.28777E-02, -1.19850E-02, -1.11802E-02, -1.04493E-02, -9.78180E-03, -9.16941E-03, -8.60563E-03, -8.08515E-03, -7.60355E-03, -7.15708E-03, -6.74254E-03, -6.35713E-03, -5.99839E-03,
 -6.17567E-03, -6.55577E-03, -6.96676E-03, -7.41215E-03, -7.89612E-03, -8.42364E-03, -9.00076E-03, -9.63488E-03, -1.03352E-02, -1.11134E-02, -1.19845E-02, -1.29679E-02, -1.40895E-02, -1.53837E-02,NA,NA,NA,NA,NA,NA,NA,NA,NA,NA,NA,NA,NA,NA,NA,NA,NA,NA,NA,NA,NA,NA,NA,NA,NA,NA,NA,NA,NA,NA,NA,NA,NA,NA,NA,NA,NA,NA, -1.62531E-02, -1.48284E-02, -1.36032E-02, -1.25360E-02, -1.15961E-02, -1.07607E-02, -1.00123E-02, -9.33743E-03, -8.72541E-03, -8.16777E-03, -7.65766E-03, -7.18943E-03, -6.75838E-03, -6.36057E-03, -5.99263E-03,
 -6.15631E-03, -6.54541E-03, -6.96878E-03, -7.43092E-03, -7.93725E-03, -8.49434E-03, -9.11026E-03, -9.79505E-03, -1.05613E-02, -1.14251E-02, -1.24069E-02, -1.35337E-02, -1.48406E-02, -1.63746E-02, -1.81989E-02,NA,NA,NA,NA,NA,NA,NA,NA,NA,NA,NA,NA,NA,NA,NA,NA,NA,NA,NA,NA,NA,NA,NA,NA,NA,NA,NA,NA,NA,NA,NA,NA,NA,NA,NA,NA,NA, -1.74033E-02, -1.57064E-02, -1.42702E-02, -1.30394E-02, -1.19729E-02, -1.10393E-02, -1.02150E-02, -9.48145E-03, -8.82424E-03, -8.23193E-03, -7.69533E-03, -7.20701E-03, -6.76087E-03, -6.35186E-03, -5.97574E-03,
 -6.12344E-03, -6.51986E-03, -6.95361E-03, -7.43005E-03, -7.95573E-03, -8.53862E-03, -9.18864E-03, -9.91814E-03, -1.07427E-02, -1.16822E-02, -1.27621E-02, -1.40156E-02, -1.54861E-02, -1.72310E-02, -1.93272E-02,NA,NA,NA,NA,NA,NA,NA,NA,NA,NA,NA,NA,NA,NA,NA,NA,NA,NA,NA,NA,NA,NA,NA,NA,NA,NA,NA,NA,NA,NA,NA,NA,NA,NA,NA,NA,NA, -1.84013E-02, -1.64652E-02, -1.48428E-02, -1.34673E-02, -1.22884E-02, -1.12678E-02, -1.03762E-02, -9.59076E-03, -8.89370E-03, -8.27095E-03, -7.71129E-03, -7.20566E-03, -6.74670E-03, -6.32838E-03, -5.94568E-03,
 -6.07498E-03, -6.47650E-03, -6.91790E-03, -7.40530E-03, -7.94618E-03, -8.54971E-03, -9.22731E-03, -9.99326E-03, -1.08656E-02, -1.18672E-02, -1.30277E-02, -1.43851E-02, -1.59893E-02, -1.79061E-02, -2.02226E-02,NA,NA,NA,NA,NA,NA,NA,NA,NA,NA,NA,NA,NA,NA,NA,NA,NA,NA,NA,NA,NA,NA,NA,NA,NA,NA,NA,NA,NA,NA,NA,NA,NA,NA,NA,NA,NA, -1.91961E-02, -1.70645E-02, -1.52894E-02, -1.37948E-02, -1.25233E-02, -1.14309E-02, -1.04838E-02, -9.65580E-03, -8.92623E-03, -8.27888E-03, -7.70082E-03, -7.18165E-03, -6.71293E-03, -6.28781E-03, -5.90059E-03,
 -6.00917E-03, -6.41309E-03, -6.85883E-03, -7.35311E-03, -7.90411E-03, -8.52193E-03, -9.21912E-03, -1.00114E-02, -1.09185E-02, -1.19658E-02, -1.31854E-02, -1.46191E-02, -1.63211E-02, -1.83625E-02, -2.08373E-02,NA,NA,NA,NA,NA,NA,NA,NA,NA,NA,NA,NA,NA,NA,NA,NA,NA,NA,NA,NA,NA,NA,NA,NA,NA,NA,NA,NA,NA,NA,NA,NA,NA,NA,NA,NA,NA, -1.97467E-02, -1.74720E-02, -1.55843E-02, -1.40017E-02, -1.26615E-02, -1.15159E-02, -1.05279E-02, -9.66862E-03, -8.91552E-03, -8.25071E-03, -7.65995E-03, -7.13182E-03, -6.65707E-03, -6.22817E-03, -5.83893E-03,
 -5.92466E-03, -6.32790E-03, -6.77423E-03, -7.27073E-03, -7.82607E-03, -8.45095E-03, -9.15864E-03, -9.96574E-03, -1.08932E-02, -1.19674E-02, -1.32222E-02, -1.47012E-02, -1.64606E-02, -1.85741E-02,NA,NA,NA,NA,NA,NA,NA,NA,NA,NA,NA,NA,NA,NA,NA,NA,NA,NA,NA,NA,NA,NA,NA,NA,NA,NA,NA,NA,NA,NA,NA,NA,NA,NA,NA,NA,NA,NA, -2.00237E-02, -1.76643E-02, -1.57092E-02, -1.40731E-02, -1.26911E-02, -1.15133E-02, -1.05007E-02, -9.62317E-03, -8.85674E-03, -8.18258E-03, -7.58561E-03, -7.05374E-03, -6.57718E-03, -6.14795E-03, -5.75950E-03,
 -5.82056E-03, -6.21981E-03, -6.66265E-03, -7.15635E-03, -7.70980E-03, -8.33397E-03, -9.04242E-03, -9.85207E-03, -1.07842E-02, -1.18655E-02, -1.31302E-02, -1.46219E-02, -1.63967E-02, -1.85276E-02,NA,NA,NA,NA,NA,NA,NA,NA,NA,NA,NA,NA,NA,NA,NA,NA,NA,NA,NA,NA,NA,NA,NA,NA,NA,NA,NA,NA,NA,NA,NA,NA,NA,NA,NA,NA,NA,NA, -2.00112E-02, -1.76287E-02, -1.56532E-02, -1.40004E-02, -1.26051E-02, -1.14173E-02, -1.03977E-02, -9.51557E-03, -8.74676E-03, -8.07197E-03, -7.47578E-03, -6.94581E-03, -6.47199E-03, -6.04614E-03, -5.66153E-03,
 -5.69647E-03, -6.08830E-03, -6.52343E-03, -7.00914E-03, -7.55429E-03, -8.16977E-03, -8.86901E-03, -9.66871E-03, -1.05897E-02, -1.16583E-02, -1.29075E-02, -1.43794E-02, -1.61279E-02, -1.82222E-02,NA,NA,NA,NA,NA,NA,NA,NA,NA,NA,NA,NA,NA,NA,NA,NA,NA,NA,NA,NA,NA,NA,NA,NA,NA,NA,NA,NA,NA,NA,NA,NA,NA,NA,NA,NA,NA,NA, -1.97075E-02, -1.73626E-02, -1.54140E-02, -1.37810E-02, -1.24011E-02, -1.12257E-02, -1.02168E-02, -9.34420E-03, -8.58420E-03, -7.91774E-03, -7.32954E-03, -6.80727E-03, -6.34092E-03, -5.92229E-03, -5.54467E-03,
 -5.55252E-03, -5.93348E-03, -6.35671E-03, -6.82929E-03, -7.35978E-03, -7.95871E-03, -8.63899E-03, -9.41657E-03, -1.03113E-02, -1.13479E-02, -1.25573E-02, -1.39789E-02, -1.56620E-02, -1.76699E-02,NA,NA,NA,NA,NA,NA,NA,NA,NA,NA,NA,NA,NA,NA,NA,NA,NA,NA,NA,NA,NA,NA,NA,NA,NA,NA,NA,NA,NA,NA,NA,NA,NA,NA,NA,NA,NA,NA, -1.91246E-02, -1.68744E-02, -1.49970E-02, -1.34186E-02, -1.20814E-02, -1.09401E-02, -9.95901E-03, -9.10969E-03, -8.36947E-03, -7.72015E-03, -7.14705E-03, -6.63826E-03, -6.18407E-03, -5.77652E-03, -5.40904E-03,
 -5.38930E-03, -5.75609E-03, -6.16339E-03, -6.61791E-03, -7.12772E-03, -7.70269E-03, -8.35485E-03, -9.09899E-03, -9.95332E-03, -1.09404E-02, -1.20883E-02, -1.34320E-02, -1.50153E-02, -1.68934E-02,NA,NA,NA,NA,NA,NA,NA,NA,NA,NA,NA,NA,NA,NA,NA,NA,NA,NA,NA,NA,NA,NA,NA,NA,NA,NA,NA,NA,NA,NA,NA,NA,NA,NA,NA,NA,NA,NA, -1.82872E-02, -1.61817E-02, -1.44150E-02, -1.29225E-02, -1.16528E-02, -1.05655E-02, -9.62812E-03, -8.81479E-03, -8.10464E-03, -7.48080E-03, -6.92956E-03, -6.43976E-03, -6.00225E-03, -5.60947E-03, -5.25519E-03,
 -5.20790E-03, -5.55743E-03, -5.94508E-03, -6.37701E-03, -6.86064E-03, -7.40494E-03, -8.02077E-03, -8.72139E-03, -9.52299E-03, -1.04454E-02, -1.15129E-02, -1.27557E-02, -1.42107E-02, -1.59237E-02,NA,NA,NA,NA,NA,NA,NA,NA,NA,NA,NA,NA,NA,NA,NA,NA,NA,NA,NA,NA,NA,NA,NA,NA,NA,NA,NA,NA,NA,NA,NA,NA,NA,NA,NA,NA,NA,NA, -1.72302E-02, -1.53102E-02, -1.36871E-02, -1.23067E-02, -1.11259E-02, -1.01098E-02, -9.23013E-03, -8.46416E-03, -7.79332E-03, -7.20250E-03, -6.67930E-03, -6.21356E-03, -5.79689E-03, -5.42233E-03, -5.08410E-03,
 -5.00980E-03, -5.33932E-03, -5.70401E-03, -6.10938E-03, -6.56202E-03, -7.06983E-03, -7.64233E-03, -8.29095E-03, -9.02954E-03, -9.87483E-03, -1.08471E-02, -1.19709E-02, -1.32759E-02, -1.47982E-02, -1.65810E-02,NA,NA,NA,NA,NA,NA,NA,NA,NA,NA,NA,NA,NA,NA,NA,NA,NA,NA,NA,NA,NA,NA,NA,NA,NA,NA,NA,NA,NA,NA,NA,NA,NA,NA,NA,NA,NA, -1.59958E-02, -1.42913E-02, -1.28366E-02, -1.15892E-02, -1.05143E-02, -9.58342E-03, -8.77309E-03, -8.06403E-03, -7.44040E-03, -6.88911E-03, -6.39934E-03, -5.96213E-03, -5.57000E-03, -5.21674E-03, -4.89713E-03,
 -4.79685E-03, -5.10401E-03, -5.44293E-03, -5.81839E-03, -6.23607E-03, -6.70267E-03, -7.22619E-03, -7.81613E-03, -8.48381E-03, -9.24266E-03, -1.01087E-02, -1.11008E-02, -1.22414E-02, -1.35567E-02, -1.50769E-02,NA,NA,NA,NA,NA,NA,NA,NA,NA,NA,NA,NA,NA,NA,NA,NA,NA,NA,NA,NA,NA,NA,NA,NA,NA,NA,NA,NA,NA,NA,NA,NA,NA,NA,NA,NA,NA, -1.46299E-02, -1.31598E-02, -1.18901E-02, -1.07901E-02, -9.83362E-03, -8.99857E-03, -8.26648E-03, -7.62188E-03, -7.05178E-03, -6.54534E-03, -6.09346E-03, -5.68850E-03, -5.32406E-03, -4.99473E-03, -4.69596E-03,
 -4.57119E-03, -4.85407E-03, -5.16498E-03, -5.50792E-03, -5.88756E-03, -6.30937E-03, -6.77977E-03, -7.30625E-03, -7.89754E-03, -8.56381E-03, -9.31680E-03, -1.01700E-02, -1.11386E-02, -1.22397E-02, -1.34918E-02,NA,NA,NA,NA,NA,NA,NA,NA,NA,NA,NA,NA,NA,NA,NA,NA,NA,NA,NA,NA,NA,NA,NA,NA,NA,NA,NA,NA,NA,NA,NA,NA,NA,NA,NA,NA, -1.45802E-02, -1.31791E-02, -1.19514E-02, -1.08755E-02, -9.93119E-03, -9.10073E-03, -8.36845E-03, -7.72077E-03, -7.14599E-03, -6.63409E-03, -6.17651E-03, -5.76594E-03, -5.39618E-03, -5.06193E-03, -4.75866E-03, -4.48254E-03,
 -4.33514E-03, -4.59232E-03, -4.87359E-03, -5.18212E-03, -5.52160E-03, -5.89624E-03, -6.31087E-03, -6.77100E-03, -7.28286E-03, -7.85346E-03, -8.49052E-03, -9.20242E-03, -9.99796E-03, -1.08859E-02, -1.18743E-02,NA,NA,NA,NA,NA,NA,NA,NA,NA,NA,NA,NA,NA,NA,NA,NA,NA,NA,NA,NA,NA,NA,NA,NA,NA,NA,NA,NA,NA,NA,NA,NA,NA,NA,NA,NA, -1.27892E-02, -1.16878E-02, -1.07012E-02, -9.82006E-03, -9.03400E-03, -8.33279E-03, -7.70672E-03, -7.14684E-03, -6.64510E-03, -6.19435E-03, -5.78830E-03, -5.42143E-03, -5.08895E-03, -4.78671E-03, -4.51110E-03, -4.25901E-03,
 -4.09118E-03, -4.32172E-03, -4.57231E-03, -4.84532E-03, -5.14345E-03, -5.46968E-03, -5.82734E-03, -6.22005E-03, -6.65170E-03, -7.12638E-03, -7.64816E-03, -8.22089E-03, -8.84769E-03, -9.53031E-03, -1.02681E-02, -1.10564E-02,NA,NA,NA,NA,NA,NA,NA,NA,NA,NA,NA,NA,NA,NA,NA,NA,NA,NA,NA,NA,NA,NA,NA,NA,NA,NA,NA,NA,NA,NA,NA,NA,NA,NA,NA, -1.10138E-02, -1.01964E-02, -9.44143E-03, -8.74976E-03, -8.11933E-03, -7.54649E-03, -7.02681E-03, -6.55554E-03, -6.12801E-03, -5.73973E-03, -5.38655E-03, -5.06469E-03, -4.77075E-03, -4.50167E-03, -4.25476E-03, -4.02764E-03,
 -3.84181E-03, -4.04526E-03, -4.26473E-03, -4.50183E-03, -4.75830E-03, -5.03600E-03, -5.33683E-03, -5.66270E-03, -6.01539E-03, -6.39639E-03, -6.80660E-03, -7.24597E-03, -7.71290E-03, -8.20339E-03, -8.70988E-03, -9.21954E-03,NA,NA,NA,NA,NA,NA,NA,NA,NA,NA,NA,NA,NA,NA,NA,NA,NA,NA,NA,NA,NA,NA,NA,NA,NA,NA,NA,NA,NA,NA,NA,NA,NA,NA, -9.85483E-03, -9.29607E-03, -8.73960E-03, -8.20058E-03, -7.68791E-03, -7.20623E-03, -6.75738E-03, -6.34143E-03, -5.95728E-03, -5.60323E-03, -5.27722E-03, -4.97705E-03, -4.70053E-03, -4.44555E-03, -4.21012E-03, -3.99241E-03, -3.79075E-03,
 -3.58951E-03, -3.76589E-03, -3.95435E-03, -4.15581E-03, -4.37114E-03, -4.60115E-03, -4.84649E-03, -5.10754E-03, -5.38426E-03, -5.67591E-03, -5.98073E-03, -6.29551E-03, -6.61486E-03, -6.93035E-03, -7.22925E-03, -7.49286E-03, -7.69419E-03,NA,NA,NA,NA,NA,NA,NA,NA,NA,NA,NA,NA,NA,NA,NA,NA,NA,NA,NA,NA,NA,NA,NA,NA,NA,NA,NA,NA,NA,NA,NA,NA,NA, -7.95143E-03, -7.66950E-03, -7.34595E-03, -7.00271E-03, -6.65463E-03, -6.31146E-03, -5.97940E-03, -5.66215E-03, -5.36167E-03, -5.07876E-03, -4.81347E-03, -4.56532E-03, -4.33354E-03, -4.11721E-03, -3.91530E-03, -3.72679E-03, -3.55065E-03,
 -3.33670E-03, -3.48642E-03, -3.64451E-03, -3.81120E-03, -3.98661E-03, -4.17064E-03, -4.36284E-03, -4.56230E-03, -4.76744E-03, -4.97570E-03, -5.18323E-03, -5.38431E-03, -5.57075E-03, -5.73091E-03, -5.84850E-03, -5.90103E-03, -5.85764E-03,NA,NA,NA,NA,NA,NA,NA,NA,NA,NA,NA,NA,NA,NA,NA,NA,NA,NA,NA,NA,NA,NA,NA,NA,NA,NA,NA,NA,NA,NA,NA,NA, -6.14028E-03, -6.20520E-03, -6.15890E-03, -6.03745E-03, -5.86701E-03, -5.66645E-03, -5.44915E-03, -5.22455E-03, -4.99912E-03, -4.77726E-03, -4.56182E-03, -4.35456E-03, -4.15649E-03, -3.96808E-03, -3.78940E-03, -3.62032E-03, -3.46052E-03, -3.30960E-03,
 -3.08563E-03, -3.20951E-03, -3.33826E-03, -3.47158E-03, -3.60891E-03, -3.74936E-03, -3.89159E-03, -4.03362E-03, -4.17264E-03, -4.30469E-03, -4.42431E-03, -4.52402E-03, -4.59362E-03, -4.61942E-03, -4.58302E-03, -4.45991E-03, -4.21758E-03, -3.81316E-03,NA,NA,NA,NA,NA,NA,NA,NA,NA,NA,NA,NA,NA,NA,NA,NA,NA,NA,NA,NA,NA,NA,NA,NA,NA,NA,NA,NA,NA,NA, -3.87688E-03, -4.34822E-03, -4.63296E-03, -4.78095E-03, -4.82981E-03, -4.80786E-03, -4.73623E-03, -4.63064E-03, -4.50269E-03, -4.36089E-03, -4.21142E-03, -4.05871E-03, -3.90590E-03, -3.75520E-03, -3.60808E-03, -3.46551E-03, -3.32807E-03, -3.19609E-03, -3.06971E-03,
 -2.83838E-03, -2.93753E-03, -3.03838E-03, -3.14014E-03, -3.24171E-03, -3.34155E-03, -3.43760E-03, -3.52704E-03, -3.60615E-03, -3.66994E-03, -3.71183E-03, -3.72317E-03, -3.69259E-03, -3.60527E-03, -3.44191E-03, -3.17750E-03, -2.77969E-03, -2.20688E-03, -1.40567E-03,NA,NA,NA,NA,NA,NA,NA,NA,NA,NA,NA,NA,NA,NA,NA,NA,NA,NA,NA,NA,NA,NA,NA,NA,NA,NA,NA,NA,NA, -2.13440E-03, -2.78821E-03, -3.24244E-03, -3.54499E-03, -3.73297E-03, -3.83505E-03, -3.87325E-03, -3.86446E-03, -3.82156E-03, -3.75434E-03, -3.67021E-03, -3.57475E-03, -3.47213E-03, -3.36546E-03, -3.25704E-03, -3.14854E-03, -3.04116E-03, -2.93577E-03,NA,
NA, -2.67261E-03, -2.74728E-03, -2.81963E-03, -2.88812E-03, -2.95071E-03, -3.00478E-03, -3.04694E-03, -3.07278E-03, -3.07665E-03, -3.05130E-03, -2.98743E-03, -2.87316E-03, -2.69337E-03, -2.42882E-03, -2.05516E-03, -1.54161E-03, -8.49440E-04,  6.99366E-05,  1.27724E-03,NA,NA,NA,NA,NA,NA,NA,NA,NA,NA,NA,NA,NA,NA,NA,NA,NA,NA,NA,NA,NA,NA,NA,NA,NA,NA,NA,  3.61770E-04, -6.75529E-04, -1.45557E-03, -2.03372E-03, -2.45410E-03, -2.75171E-03, -2.95423E-03, -3.08346E-03, -3.15651E-03, -3.18677E-03, -3.18469E-03, -3.15840E-03, -3.11423E-03, -3.05707E-03, -2.99067E-03, -2.91795E-03, -2.84113E-03, -2.76191E-03, -2.68158E-03,NA,
NA, -2.41657E-03, -2.46700E-03, -2.51233E-03, -2.55066E-03, -2.57963E-03, -2.59620E-03, -2.59657E-03, -2.57595E-03, -2.52832E-03, -2.44612E-03, -2.31986E-03, -2.13769E-03, -1.88482E-03, -1.54283E-03, -1.08889E-03, -4.94749E-04,  2.74368E-04,  1.26109E-03,  2.51740E-03,  4.10631E-03,NA,NA,NA,NA,NA,NA,NA,NA,NA,NA,NA,NA,NA,NA,NA,NA,NA,NA,NA,NA,NA,NA,NA,NA,NA,  3.02665E-03,  1.62192E-03,  5.19638E-04, -3.38610E-04, -1.00082E-03, -1.50617E-03, -1.88649E-03, -2.16749E-03, -2.36988E-03, -2.51028E-03, -2.60197E-03, -2.65556E-03, -2.67947E-03, -2.68042E-03, -2.66372E-03, -2.63356E-03, -2.59329E-03, -2.54551E-03, -2.49229E-03, -2.43527E-03,NA,
NA, -2.17094E-03, -2.19921E-03, -2.22005E-03, -2.23132E-03, -2.23039E-03, -2.21401E-03, -2.17815E-03, -2.11783E-03, -2.02692E-03, -1.89785E-03, -1.72131E-03, -1.48590E-03, -1.17762E-03, -7.79423E-04, -2.70559E-04,  3.74082E-04,  1.18474E-03,  2.19757E-03,  3.45550E-03,  5.00896E-03,NA,NA,NA,NA,NA,NA,NA,NA,NA,NA,NA,NA,NA,NA,NA,NA,NA,NA,NA,NA,NA,NA,NA,NA,  5.71214E-03,  3.99121E-03,  2.59772E-03,  1.47626E-03,  5.79327E-04, -1.33238E-04, -6.95108E-04, -1.13428E-03, -1.47390E-03, -1.73300E-03, -1.92717E-03, -2.06911E-03, -2.16917E-03, -2.23574E-03, -2.27562E-03, -2.29430E-03, -2.29623E-03, -2.28499E-03, -2.26345E-03, -2.23394E-03,NA,NA,
NA,NA, -1.94521E-03, -1.94416E-03, -1.93149E-03, -1.90443E-03, -1.85961E-03, -1.79294E-03, -1.69942E-03, -1.57303E-03, -1.40642E-03, -1.19075E-03, -9.15339E-04, -5.67339E-04, -1.31381E-04,  4.10854E-04,  1.08107E-03,  1.90477E-03,  2.91168E-03,  4.13602E-03,  5.61652E-03,  7.39608E-03,NA,NA,NA,NA,NA,NA,NA,NA,NA,NA,NA,NA,NA,NA,NA,NA,NA,NA,NA,NA,NA,NA,  8.24784E-03,  6.29737E-03,  4.67260E-03,  3.32814E-03,  2.22233E-03,  1.31799E-03,  5.82595E-04, -1.19008E-05, -4.89425E-04, -8.70215E-04, -1.17127E-03, -1.40679E-03, -1.58859E-03, -1.72644E-03, -1.82844E-03, -1.90124E-03, -1.95032E-03, -1.98017E-03, -1.99450E-03, -1.99633E-03, -1.98814E-03,NA,NA,
NA,NA,NA, -1.68560E-03, -1.65209E-03, -1.60257E-03, -1.53368E-03, -1.44137E-03, -1.32078E-03, -1.16613E-03, -9.70515E-04, -7.25709E-04, -4.21972E-04, -4.77976E-05,  4.10326E-04,  9.68170E-04,  1.64400E-03,  2.45874E-03,  3.43607E-03,  4.60230E-03,  5.98599E-03,  7.61698E-03,  9.52476E-03,NA,NA,NA,NA,NA,NA,NA,NA,NA,NA,NA,NA,NA,NA,NA,NA,NA,NA,NA,NA,NA,  8.39736E-03,  6.62693E-03,  5.12189E-03,  3.85176E-03,  2.78667E-03,  1.89859E-03,  1.16205E-03,  5.54360E-04,  5.56203E-05, -3.51407E-04, -6.81526E-04, -9.47356E-04, -1.15959E-03, -1.32725E-03, -1.45791E-03, -1.55792E-03, -1.63258E-03, -1.68632E-03, -1.72282E-03, -1.74515E-03,NA,NA,NA,
NA,NA,NA, -1.44493E-03, -1.39358E-03, -1.32513E-03, -1.23629E-03, -1.12316E-03, -9.81139E-04, -8.04802E-04, -5.87778E-04, -3.22608E-04, -5.97232E-07,  3.88337E-04,  8.55808E-04,  1.41508E-03,  2.08113E-03,  2.87067E-03,  3.80198E-03,  4.89456E-03,  6.16848E-03,  7.64322E-03,  9.33586E-03,  1.12583E-02,NA,NA,NA,NA,NA,NA,NA,NA,NA,NA,NA,NA,NA,NA,NA,NA,NA,NA,NA,  1.01597E-02,  8.34591E-03,  6.75960E-03,  5.38556E-03,  4.20490E-03,  3.19731E-03,  2.34252E-03,  1.62123E-03,  1.01561E-03,  5.09563E-04,  8.87392E-05, -2.59454E-04, -5.45978E-04, -7.80304E-04, -9.70561E-04, -1.12369E-03, -1.24561E-03, -1.34133E-03, -1.41509E-03, -1.47048E-03,NA,NA,NA,NA,
NA,NA,NA,NA, -1.15603E-03, -1.07195E-03, -9.66987E-04, -8.37466E-04, -6.79097E-04, -4.86905E-04, -2.55127E-04,  2.28752E-05,  3.54710E-04,  7.49036E-04,  1.21562E-03,  1.76537E-03,  2.41029E-03,  3.16333E-03,  4.03815E-03,  5.04862E-03,  6.20805E-03,  7.52804E-03,  9.01680E-03,  1.06767E-02,  1.25014E-02,NA,NA,NA,NA,NA,NA,NA,NA,NA,NA,NA,NA,NA,NA,NA,NA,NA,  1.14858E-02,  9.73371E-03,  8.15291E-03,  6.74504E-03,  5.50432E-03,  4.42040E-03,  3.48039E-03,  2.67032E-03,  1.97610E-03,  1.38413E-03,  8.81697E-04,  4.57164E-04,  1.00041E-04, -1.99000E-04, -4.48176E-04, -6.54671E-04, -8.24723E-04, -9.63727E-04, -1.07633E-03, -1.16650E-03, -1.23767E-03,NA,NA,NA,NA,
NA,NA,NA,NA, -9.39155E-04, -8.42500E-04, -7.24909E-04, -5.82972E-04, -4.12770E-04, -2.09813E-04,  3.10176E-05,  3.15527E-04,  6.50251E-04,  1.04248E-03,  1.50028E-03,  2.03241E-03,  2.64824E-03,  3.35753E-03,  4.17012E-03,  5.09536E-03,  6.14140E-03,  7.31413E-03,  8.61570E-03,  1.00427E-02,  1.15838E-02,  1.32172E-02,NA,NA,NA,NA,NA,NA,NA,NA,NA,NA,NA,NA,NA,NA,  1.40040E-02,  1.23274E-02,  1.07284E-02,  9.23541E-03,  7.86486E-03,  6.62384E-03,  5.51266E-03,  4.52698E-03,  3.65946E-03,  2.90105E-03,  2.24189E-03,  1.67194E-03,  1.18143E-03,  7.61132E-04,  4.02497E-04,  9.77412E-05, -1.60133E-04, -3.77358E-04, -5.59440E-04, -7.11215E-04, -8.36904E-04, -9.40183E-04,NA,NA,NA,NA,NA,
NA,NA,NA,NA,NA, -6.35960E-04, -5.08870E-04, -3.58036E-04, -1.79930E-04,  2.94325E-05,  2.74529E-04,  5.60349E-04,  8.92413E-04,  1.27675E-03,  1.71988E-03,  2.22868E-03,  2.81028E-03,  3.47180E-03,  4.21997E-03,  5.06070E-03,  5.99831E-03,  7.03471E-03,  8.16818E-03,  9.39204E-03,  1.06930E-02,  1.20496E-02,  1.34305E-02,  1.47940E-02,NA,NA,NA,NA,NA,NA,NA,NA,NA,NA,  1.54215E-02,  1.40776E-02,  1.26916E-02,  1.13108E-02,  9.97198E-03,  8.70166E-03,  7.51714E-03,  6.42826E-03,  5.43903E-03,  4.54913E-03,  3.75520E-03,  3.05190E-03,  2.43269E-03,  1.89046E-03,  1.41792E-03,  1.00791E-03,  6.53624E-04,  3.48679E-04,  8.72263E-05, -1.36052E-04, -3.25934E-04, -4.86686E-04, -6.22088E-04,NA,NA,NA,NA,NA,NA,
NA,NA,NA,NA,NA,NA, -3.17444E-04, -1.60775E-04,  2.18688E-05,  2.33975E-04,  4.79397E-04,  7.62362E-04,  1.08745E-03,  1.45956E-03,  1.88385E-03,  2.36560E-03,  2.91006E-03,  3.52220E-03,  4.20638E-03,  4.96588E-03,  5.80233E-03,  6.71498E-03,  7.69984E-03,  8.74863E-03,  9.84783E-03,  1.09776E-02,  1.21112E-02,  1.32147E-02,  1.42480E-02,  1.51665E-02,  1.59246E-02,  1.64804E-02,  1.68000E-02,  1.68631E-02,  1.66653E-02,  1.62190E-02,  1.55516E-02,  1.47017E-02,  1.37137E-02,  1.26333E-02,  1.15036E-02,  1.03620E-02,  9.23899E-03,  8.15807E-03,  7.13590E-03,  6.18333E-03,  5.30636E-03,  4.50722E-03,  3.78529E-03,  3.13795E-03,  2.56121E-03,  2.05026E-03,  1.59983E-03,  1.20455E-03,  8.59088E-04,  5.58332E-04,  2.97467E-04,  7.20327E-05, -1.22057E-04, -2.88509E-04, -4.30657E-04,NA,NA,NA,NA,NA,NA,
NA,NA,NA,NA,NA,NA,NA,  1.08352E-05,  1.95187E-04,  4.07017E-04,  6.49598E-04,  9.26452E-04,  1.24132E-03,  1.59811E-03,  2.00080E-03,  2.45335E-03,  2.95947E-03,  3.52245E-03,  4.14482E-03,  4.82799E-03,  5.57173E-03,  6.37364E-03,  7.22850E-03,  8.12761E-03,  9.05809E-03,  1.00024E-02,  1.09380E-02,  1.18378E-02,  1.26706E-02,  1.34033E-02,  1.40026E-02,  1.44387E-02,  1.46882E-02,  1.47370E-02,  1.45821E-02,  1.42321E-02,  1.37059E-02,  1.30306E-02,  1.22382E-02,  1.13623E-02,  1.04355E-02,  9.48723E-03,  8.54263E-03,  7.62180E-03,  6.74001E-03,  5.90803E-03,  5.13275E-03,  4.41789E-03,  3.76463E-03,  3.17225E-03,  2.63866E-03,  2.16084E-03,  1.73516E-03,  1.35768E-03,  1.02435E-03,  7.31152E-04,  4.74188E-04,  2.49776E-04,  5.44756E-05, -1.14888E-04,NA,NA,NA,NA,NA,NA,NA,
NA,NA,NA,NA,NA,NA,NA,NA,  3.42612E-04,  5.51730E-04,  7.88986E-04,  1.05727E-03,  1.35958E-03,  1.69897E-03,  2.07845E-03,  2.50086E-03,  2.96872E-03,  3.48401E-03,  4.04792E-03,  4.66051E-03,  5.32038E-03,  6.02418E-03,  6.76621E-03,  7.53794E-03,  8.32763E-03,  9.12012E-03,  9.89677E-03,  1.06358E-02,  1.13132E-02,  1.19039E-02,  1.23834E-02,  1.27303E-02,  1.29279E-02,  1.29662E-02,  1.28431E-02,  1.25648E-02,  1.21446E-02,  1.16019E-02,  1.09600E-02,  1.02439E-02,  9.47854E-03,  8.68706E-03,  7.88983E-03,  7.10388E-03,  6.34273E-03,  5.61650E-03,  4.93227E-03,  4.29450E-03,  3.70550E-03,  3.16583E-03,  2.67478E-03,  2.23067E-03,  1.83114E-03,  1.47344E-03,  1.15457E-03,  8.71420E-04,  6.20917E-04,  4.00064E-04,  2.06006E-04,NA,NA,NA,NA,NA,NA,NA,NA,
NA,NA,NA,NA,NA,NA,NA,NA,NA,  6.71180E-04,  9.01220E-04,  1.15915E-03,  1.44732E-03,  1.76808E-03,  2.12361E-03,  2.51587E-03,  2.94645E-03,  3.41635E-03,  3.92578E-03,  4.47394E-03,  5.05867E-03,  5.67617E-03,  6.32072E-03,  6.98433E-03,  7.65660E-03,  8.32460E-03,  8.97298E-03,  9.58438E-03,  1.01401E-02,  1.06210E-02,  1.10090E-02,  1.12882E-02,  1.14466E-02,  1.14770E-02,  1.13781E-02,  1.11540E-02,  1.08145E-02,  1.03738E-02,  9.84897E-03,  9.25894E-03,  8.62281E-03,  7.95881E-03,  7.28344E-03,  6.61096E-03,  5.95308E-03,  5.31903E-03,  4.71563E-03,  4.14763E-03,  3.61793E-03,  3.12794E-03,  2.67790E-03,  2.26712E-03,  1.89423E-03,  1.55740E-03,  1.25449E-03,  9.83165E-04,  7.41038E-04,  5.25717E-04,NA,NA,NA,NA,NA,NA,NA,NA,NA,
NA,NA,NA,NA,NA,NA,NA,NA,NA,NA,  9.89716E-04,  1.23606E-03,  1.50914E-03,  1.81066E-03,  2.14219E-03,  2.50498E-03,  2.89988E-03,  3.32719E-03,  3.78646E-03,  4.27630E-03,  4.79416E-03,  5.33614E-03,  5.89672E-03,  6.46868E-03,  7.04291E-03,  7.60850E-03,  8.15287E-03,  8.66212E-03,  9.12162E-03,  9.51674E-03,  9.83377E-03,  1.00610E-02,  1.01894E-02,  1.02139E-02,  1.01334E-02,  9.95102E-03,  9.67393E-03,  9.31256E-03,  8.87981E-03,  8.39000E-03,  7.85794E-03,  7.29804E-03,  6.72365E-03,  6.14662E-03,  5.57699E-03,  5.02296E-03,  4.49091E-03,  3.98551E-03,  3.50997E-03,  3.06620E-03,  2.65505E-03,  2.27657E-03,  1.93010E-03,  1.61455E-03,  1.32845E-03,  1.07012E-03,  8.37737E-04,NA,NA,NA,NA,NA,NA,NA,NA,NA,NA,
NA,NA,NA,NA,NA,NA,NA,NA,NA,NA,NA,  1.29162E-03,  1.54912E-03,  1.83133E-03,  2.13930E-03,  2.47374E-03,  2.83496E-03,  3.22275E-03,  3.63621E-03,  4.07363E-03,  4.53230E-03,  5.00838E-03,  5.49677E-03,  5.99099E-03,  6.48321E-03,  6.96426E-03,  7.42383E-03,  7.85077E-03,  8.23358E-03,  8.56092E-03,  8.82235E-03,  9.00899E-03,  9.11422E-03,  9.13414E-03,  9.06797E-03,  8.91807E-03,  8.68975E-03,  8.39087E-03,  8.03119E-03,  7.62173E-03,  7.17403E-03,  6.69952E-03,  6.20904E-03,  5.71238E-03,  5.21810E-03,  4.73339E-03,  4.26404E-03,  3.81451E-03,  3.38804E-03,  2.98682E-03,  2.61211E-03,  2.26443E-03,  1.94368E-03,  1.64929E-03,  1.38035E-03,  1.13569E-03,NA,NA,NA,NA,NA,NA,NA,NA,NA,NA,NA,
NA,NA,NA,NA,NA,NA,NA,NA,NA,NA,NA,NA,  1.57087E-03,  1.83407E-03,  2.11928E-03,  2.42680E-03,  2.75655E-03,  3.10798E-03,  3.47990E-03,  3.87044E-03,  4.27688E-03,  4.69558E-03,  5.12191E-03,  5.55015E-03,  5.97360E-03,  6.38457E-03,  6.77461E-03,  7.13476E-03,  7.45589E-03,  7.72917E-03,  7.94654E-03,  8.10124E-03,  8.18823E-03,  8.20458E-03,  8.14971E-03,  8.02539E-03,  7.83565E-03,  7.58646E-03,  7.28533E-03,  6.94077E-03,  6.56188E-03,  6.15777E-03,  5.73722E-03,  5.30838E-03,  4.87846E-03,  4.45372E-03,  4.03933E-03,  3.63942E-03,  3.25717E-03,  2.89484E-03,  2.55394E-03,  2.23529E-03,  1.93918E-03,  1.66547E-03,NA,NA,NA,NA,NA,NA,NA,NA,NA,NA,NA,NA,NA,
NA,NA,NA,NA,NA,NA,NA,NA,NA,NA,NA,NA,NA,NA,  2.08579E-03,  2.36801E-03,  2.66861E-03,  2.98678E-03,  3.32121E-03,  3.66997E-03,  4.03043E-03,  4.39923E-03,  4.77218E-03,  5.14433E-03,  5.50993E-03,  5.86257E-03,  6.19529E-03,  6.50086E-03,  6.77201E-03,  7.00178E-03,  7.18390E-03,  7.31314E-03,  7.38565E-03,  7.39919E-03,  7.35331E-03,  7.24937E-03,  7.09047E-03,  6.88118E-03,  6.62733E-03,  6.33561E-03,  6.01319E-03,  5.66739E-03,  5.30538E-03,  4.93387E-03,  4.55898E-03,  4.18610E-03,  3.81981E-03,  3.46387E-03,  3.12127E-03,  2.79428E-03,  2.48450E-03,  2.19297E-03,  1.92023E-03,NA,NA,NA,NA,NA,NA,NA,NA,NA,NA,NA,NA,NA,NA,
NA,NA,NA,NA,NA,NA,NA,NA,NA,NA,NA,NA,NA,NA,NA,  2.30053E-03,  2.57427E-03,  2.86220E-03,  3.16292E-03,  3.47454E-03,  3.79458E-03,  4.11996E-03,  4.44699E-03,  4.77134E-03,  5.08813E-03,  5.39199E-03,  5.67721E-03,  5.93789E-03,  6.16822E-03,  6.36268E-03,  6.51633E-03,  6.62510E-03,  6.68600E-03,  6.69730E-03,  6.65865E-03,  6.57111E-03,  6.43707E-03,  6.26011E-03,  6.04477E-03,  5.79635E-03,  5.52056E-03,  5.22331E-03,  4.91045E-03,  4.58756E-03,  4.25980E-03,  3.93179E-03,  3.60755E-03,  3.29048E-03,  2.98335E-03,  2.68833E-03,  2.40705E-03,NA,NA,NA,NA,NA,NA,NA,NA,NA,NA,NA,NA,NA,NA,NA,NA,
NA,NA,NA,NA,NA,NA,NA,NA,NA,NA,NA,NA,NA,NA,NA,NA,NA,  2.73657E-03,  3.00707E-03,  3.28572E-03,  3.57024E-03,  3.85786E-03,  4.14530E-03,  4.42883E-03,  4.70430E-03,  4.96720E-03,  5.21283E-03,  5.43637E-03,  5.63313E-03,  5.79870E-03,  5.92917E-03,  6.02133E-03,  6.07283E-03,  6.08232E-03,  6.04954E-03,  5.97531E-03,  5.86151E-03,  5.71094E-03,  5.52721E-03,  5.31451E-03,  5.07745E-03,  4.82081E-03,  4.54939E-03,  4.26785E-03,  3.98051E-03,  3.69136E-03,  3.40390E-03,  3.12116E-03,  2.84567E-03,NA,NA,NA,NA,NA,NA,NA,NA,NA,NA,NA,NA,NA,NA,NA,NA,NA,NA,
NA,NA,NA,NA,NA,NA,NA,NA,NA,NA,NA,NA,NA,NA,NA,NA,NA,NA,NA,  3.10455E-03,  3.35787E-03,  3.61259E-03,  3.86585E-03,  4.11443E-03,  4.35478E-03,  4.58315E-03,  4.79561E-03,  4.98824E-03,  5.15721E-03,  5.29898E-03,  5.41042E-03,  5.48899E-03,  5.53282E-03,  5.54085E-03,  5.51287E-03,  5.44954E-03,  5.35233E-03,  5.22348E-03,  5.06585E-03,  4.88282E-03,  4.67810E-03,  4.45560E-03,  4.21927E-03,  3.97298E-03,  3.72042E-03,  3.46496E-03,  3.20967E-03,NA,NA,NA,NA,NA,NA,NA,NA,NA,NA,NA,NA,NA,NA,NA,NA,NA,NA,NA,NA,
