NA,NA,NA,NA,NA,NA,NA,NA,NA,NA,NA,NA,NA,NA,NA,NA,NA,NA,NA,NA,NA,NA,NA,NA,NA,NA,NA,NA,  1.42900E-03,  1.57759E-03,  1.71557E-03,  1.84038E-03,  1.94947E-03,  2.04041E-03,  2.11096E-03,  2.15917E-03,  2.18342E-03,  2.18257E-03,  2.15594E-03,  2.10340E-03,  2.02536E-03,  1.92278E-03,  1.79716E-03,  1.65044E-03,  1.48496E-03,  1.30338E-03,  1.10857E-03,  9.03547E-04,  6.91328E-04,  4.74891E-04,  2.57083E-04,  4.05582E-05, -1.72268E-04, -3.79252E-04, -5.78543E-04, -7.68587E-04, -9.48127E-04,NA,NA,NA,NA,NA,NA,NA,NA,NA,NA,NA,NA,NA,NA,NA,NA,NA,NA,NA,NA,NA,NA,NA,NA,NA,NA,NA,NA,NA,NA,NA,NA,
NA,NA,NA,NA,NA,NA,NA,NA,NA,NA,NA,NA,NA,NA,NA,NA,NA,NA,NA,NA,NA,NA,NA,NA,NA,NA,  1.32787E-03,  1.51436E-03,  1.69527E-03,  1.86776E-03,  2.02882E-03,  2.17537E-03,  2.30437E-03,  2.41283E-03,  2.49800E-03,  2.55746E-03,  2.58921E-03,  2.59177E-03,  2.56427E-03,  2.50649E-03,  2.41891E-03,  2.30266E-03,  2.15954E-03,  1.99192E-03,  1.80262E-03,  1.59488E-03,  1.37216E-03,  1.13807E-03,  8.96213E-04,  6.50130E-04,  4.03160E-04,  1.58392E-04, -8.13970E-05, -3.13773E-04, -5.36667E-04, -7.48374E-04, -9.47549E-04, -1.13318E-03, -1.30458E-03, -1.46132E-03,NA,NA,NA,NA,NA,NA,NA,NA,NA,NA,NA,NA,NA,NA,NA,NA,NA,NA,NA,NA,NA,NA,NA,NA,NA,NA,NA,NA,NA,
NA,NA,NA,NA,NA,NA,NA,NA,NA,NA,NA,NA,NA,NA,NA,NA,NA,NA,NA,NA,NA,NA,NA,NA,  1.13395E-03,  1.35030E-03,  1.56713E-03,  1.78169E-03,  1.99094E-03,  2.19154E-03,  2.37993E-03,  2.55244E-03,  2.70533E-03,  2.83500E-03,  2.93804E-03,  3.01142E-03,  3.05262E-03,  3.05977E-03,  3.03171E-03,  2.96813E-03,  2.86956E-03,  2.73735E-03,  2.57370E-03,  2.38147E-03,  2.16413E-03,  1.92562E-03,  1.67013E-03,  1.40202E-03,  1.12563E-03,  8.45144E-04,  5.64504E-04,  2.87306E-04,  1.67429E-05, -2.44430E-04, -4.93911E-04, -7.29845E-04, -9.50810E-04, -1.15578E-03, -1.34411E-03, -1.51544E-03, -1.66974E-03, -1.80719E-03,NA,NA,NA,NA,NA,NA,NA,NA,NA,NA,NA,NA,NA,NA,NA,NA,NA,NA,NA,NA,NA,NA,NA,NA,NA,NA,NA,
NA,NA,NA,NA,NA,NA,NA,NA,NA,NA,NA,NA,NA,NA,NA,NA,NA,NA,NA,NA,NA,NA,  8.57457E-04,  1.09264E-03,  1.33462E-03,  1.58115E-03,  1.82957E-03,  2.07676E-03,  2.31918E-03,  2.55294E-03,  2.77382E-03,  2.97738E-03,  3.15911E-03,  3.31456E-03,  3.43951E-03,  3.53017E-03,  3.58335E-03,  3.59663E-03,  3.56852E-03,  3.49852E-03,  3.38724E-03,  3.23631E-03,  3.04841E-03,  2.82706E-03,  2.57653E-03,  2.30163E-03,  2.00751E-03,  1.69944E-03,  1.38263E-03,  1.06210E-03,  7.42481E-04,  4.27969E-04,  1.22228E-04, -1.71633E-04, -4.51070E-04, -7.14086E-04, -9.59206E-04, -1.18542E-03, -1.39216E-03, -1.57921E-03, -1.74666E-03, -1.89488E-03, -2.02445E-03, -2.13611E-03,NA,NA,NA,NA,NA,NA,NA,NA,NA,NA,NA,NA,NA,NA,NA,NA,NA,NA,NA,NA,NA,NA,NA,NA,NA,
NA,NA,NA,NA,NA,NA,NA,NA,NA,NA,NA,NA,NA,NA,NA,NA,NA,NA,NA,NA,  5.15964E-04,  7.57456E-04,  1.01151E-03,  1.27667E-03,  1.55101E-03,  1.83211E-03,  2.11700E-03,  2.40215E-03,  2.68350E-03,  2.95647E-03,  3.21606E-03,  3.45693E-03,  3.67359E-03,  3.86053E-03,  4.01251E-03,  4.12474E-03,  4.19316E-03,  4.21463E-03,  4.18719E-03,  4.11012E-03,  3.98408E-03,  3.81107E-03,  3.59437E-03,  3.33835E-03,  3.04830E-03,  2.73016E-03,  2.39025E-03,  2.03500E-03,  1.67073E-03,  1.30341E-03,  9.38549E-04,  5.81011E-04,  2.34999E-04, -9.59956E-05, -4.09186E-04, -7.02457E-04, -9.74314E-04, -1.22382E-03, -1.45052E-03, -1.65439E-03, -1.83574E-03, -1.99517E-03, -2.13349E-03, -2.25169E-03, -2.35088E-03,NA,NA,NA,NA,NA,NA,NA,NA,NA,NA,NA,NA,NA,NA,NA,NA,NA,NA,NA,NA,NA,NA,NA,NA,
NA,NA,NA,NA,NA,NA,NA,NA,NA,NA,NA,NA,NA,NA,NA,NA,NA,NA,NA,  3.67214E-04,  6.19742E-04,  8.88837E-04,  1.17355E-03,  1.47243E-03,  1.78352E-03,  2.10419E-03,  2.43121E-03,  2.76060E-03,  3.08769E-03,  3.40716E-03,  3.71305E-03,  3.99893E-03,  4.25808E-03,  4.48371E-03,  4.66921E-03,  4.80852E-03,  4.89642E-03,  4.92885E-03,  4.90315E-03,  4.81832E-03,  4.67507E-03,  4.47585E-03,  4.22472E-03,  3.92715E-03,  3.58975E-03,  3.21991E-03,  2.82543E-03,  2.41423E-03,  1.99396E-03,  1.57181E-03,  1.15426E-03,  7.47007E-04,  3.54829E-04, -1.83777E-05, -3.69598E-04, -6.96636E-04, -9.98035E-04, -1.27299E-03, -1.52126E-03, -1.74306E-03, -1.93898E-03, -2.10993E-03, -2.25703E-03, -2.38157E-03, -2.48494E-03, -2.56862E-03, -2.63411E-03,NA,NA,NA,NA,NA,NA,NA,NA,NA,NA,NA,NA,NA,NA,NA,NA,NA,NA,NA,NA,NA,NA,
NA,NA,NA,NA,NA,NA,NA,NA,NA,NA,NA,NA,NA,NA,NA,NA,NA, -5.25746E-05,  1.86020E-04,  4.45008E-04,  7.24428E-04,  1.02394E-03,  1.34276E-03,  1.67952E-03,  2.03226E-03,  2.39824E-03,  2.77393E-03,  3.15493E-03,  3.53590E-03,  3.91064E-03,  4.27209E-03,  4.61251E-03,  4.92363E-03,  5.19702E-03,  5.42436E-03,  5.59790E-03,  5.71087E-03,  5.75795E-03,  5.73559E-03,  5.64232E-03,  5.47890E-03,  5.24835E-03,  4.95576E-03,  4.60805E-03,  4.21352E-03,  3.78145E-03,  3.32158E-03,  2.84365E-03,  2.35703E-03,  1.87035E-03,  1.39129E-03,  9.26452E-04,  4.81277E-04,  6.00598E-05, -3.33994E-04, -6.98671E-04, -1.03264E-03, -1.33532E-03, -1.60677E-03, -1.84755E-03, -2.05863E-03, -2.24130E-03, -2.39705E-03, -2.52754E-03, -2.63451E-03, -2.71977E-03, -2.78511E-03, -2.83231E-03,NA,NA,NA,NA,NA,NA,NA,NA,NA,NA,NA,NA,NA,NA,NA,NA,NA,NA,NA,NA,NA,
NA,NA,NA,NA,NA,NA,NA,NA,NA,NA,NA,NA,NA,NA,NA,NA, -2.62046E-04, -2.49488E-05,  2.35430E-04,  5.19755E-04,  8.28389E-04,  1.16129E-03,  1.51793E-03,  1.89714E-03,  2.29702E-03,  2.71481E-03,  3.14676E-03,  3.58801E-03,  4.03256E-03,  4.47319E-03,  4.90157E-03,  5.30834E-03,  5.68337E-03,  6.01612E-03,  6.29603E-03,  6.51313E-03,  6.65862E-03,  6.72539E-03,  6.70867E-03,  6.60632E-03,  6.41915E-03,  6.15089E-03,  5.80799E-03,  5.39925E-03,  4.93528E-03,  4.42779E-03,  3.88902E-03,  3.33108E-03,  2.76544E-03,  2.20251E-03,  1.65140E-03,  1.11973E-03,  6.13644E-04,  1.37803E-04, -3.04464E-04, -7.11030E-04, -1.08081E-03, -1.41357E-03, -1.70980E-03, -1.97053E-03, -2.19722E-03, -2.39161E-03, -2.55569E-03, -2.69154E-03, -2.80133E-03, -2.88724E-03, -2.95141E-03, -2.99592E-03, -3.02278E-03,NA,NA,NA,NA,NA,NA,NA,NA,NA,NA,NA,NA,NA,NA,NA,NA,NA,NA,NA,NA,
NA,NA,NA,NA,NA,NA,NA,NA,NA,NA,NA,NA,NA,NA,NA, -4.92642E-04, -2.61821E-04, -5.37704E-06,  2.77991E-04,  5.89373E-04,  9.29563E-04,  1.29894E-03,  1.69736E-03,  2.12397E-03,  2.57712E-03,  3.05410E-03,  3.55103E-03,  4.06269E-03,  4.58236E-03,  5.10176E-03,  5.61105E-03,  6.09897E-03,  6.55304E-03,  6.96003E-03,  7.30650E-03,  7.57952E-03,  7.76747E-03,  7.86087E-03,  7.85316E-03,  7.74126E-03,  7.52595E-03,  7.21190E-03,  6.80740E-03,  6.32378E-03,  5.77465E-03,  5.17504E-03,  4.54042E-03,  3.88593E-03,  3.22570E-03,  2.57231E-03,  1.93652E-03,  1.32712E-03,  7.50928E-04,  2.12928E-04, -2.83558E-04, -7.36651E-04, -1.14568E-03, -1.51093E-03, -1.83349E-03, -2.11500E-03, -2.35753E-03, -2.56345E-03, -2.73529E-03, -2.87567E-03, -2.98726E-03, -3.07265E-03, -3.13439E-03, -3.17492E-03, -3.19656E-03, -3.20147E-03, -3.19170E-03,NA,NA,NA,NA,NA,NA,NA,NA,NA,NA,NA,NA,NA,NA,NA,NA,NA,NA,
NA,NA,NA,NA,NA,NA,NA,NA,NA,NA,NA,NA,NA,NA, -7.39584E-04, -5.19694E-04, -2.72503E-04,  3.89364E-06,  3.11301E-04,  6.51349E-04,  1.02539E-03,  1.43439E-03,  1.87874E-03,  2.35812E-03,  2.87125E-03,  3.41572E-03,  3.98769E-03,  4.58164E-03,  5.19022E-03,  5.80402E-03,  6.41151E-03,  6.99914E-03,  7.55155E-03,  8.05209E-03,  8.48350E-03,  8.82889E-03,  9.07280E-03,  9.20242E-03,  9.20864E-03,  9.08701E-03,  8.83818E-03,  8.46805E-03,  7.98738E-03,  7.41095E-03,  6.75650E-03,  6.04340E-03,  5.29144E-03,  4.51968E-03,  3.74559E-03,  2.98439E-03,  2.24876E-03,  1.54873E-03,  8.91783E-04,  2.83056E-04, -2.74333E-04, -7.78978E-04, -1.23085E-03, -1.63102E-03, -1.98133E-03, -2.28426E-03, -2.54265E-03, -2.75961E-03, -2.93836E-03, -3.08216E-03, -3.19422E-03, -3.27767E-03, -3.33548E-03, -3.37051E-03, -3.38540E-03, -3.38262E-03, -3.36448E-03, -3.33305E-03,NA,NA,NA,NA,NA,NA,NA,NA,NA,NA,NA,NA,NA,NA,NA,NA,NA,
NA,NA,NA,NA,NA,NA,NA,NA,NA,NA,NA,NA,NA, -9.97521E-04, -7.92880E-04, -5.59989E-04, -2.96417E-04,  2.93248E-07,  3.32563E-04,  7.02695E-04,  1.11277E-03,  1.56450E-03,  2.05906E-03,  2.59687E-03,  3.17735E-03,  3.79859E-03,  4.45705E-03,  5.14719E-03,  5.86113E-03,  6.58833E-03,  7.31544E-03,  8.02620E-03,  8.70172E-03,  9.32097E-03,  9.86168E-03,  1.03016E-02,  1.06199E-02,  1.07992E-02,  1.08266E-02,  1.06956E-02,  1.04065E-02,  9.96702E-03,  9.39117E-03,  8.69855E-03,  7.91249E-03,  7.05832E-03,  6.16156E-03,  5.24638E-03,  4.33444E-03,  3.44417E-03,  2.59044E-03,  1.78455E-03,  1.03448E-03,  3.45310E-04, -2.80379E-04, -8.41981E-04, -1.34044E-03, -1.77787E-03, -2.15721E-03, -2.48194E-03, -2.75590E-03, -2.98309E-03, -3.16757E-03, -3.31333E-03, -3.42424E-03, -3.50400E-03, -3.55612E-03, -3.58385E-03, -3.59025E-03, -3.57810E-03, -3.54997E-03, -3.50818E-03, -3.45484E-03,NA,NA,NA,NA,NA,NA,NA,NA,NA,NA,NA,NA,NA,NA,NA,NA,
NA,NA,NA,NA,NA,NA,NA,NA,NA,NA,NA,NA, -1.26079E-03, -1.07519E-03, -8.61148E-04, -6.15800E-04, -3.36146E-04, -1.90785E-05,  3.38562E-04,  7.39907E-04,  1.18795E-03,  1.68539E-03,  2.23445E-03,  2.83661E-03,  3.49233E-03,  4.20060E-03,  4.95859E-03,  5.76107E-03,  6.59992E-03,  7.46365E-03,  8.33694E-03,  9.20048E-03,  1.00311E-02,  1.08021E-02,  1.14846E-02,  1.20491E-02,  1.24673E-02,  1.27150E-02,  1.27742E-02,  1.26351E-02,  1.22975E-02,  1.17712E-02,  1.10751E-02,  1.02354E-02,  9.28323E-03,  8.25207E-03,  7.17515E-03,  6.08331E-03,  5.00352E-03,  3.95804E-03,  2.96416E-03,  2.03438E-03,  1.17691E-03,  3.96298E-04, -3.05832E-04, -9.30147E-04, -1.47900E-03, -1.95595E-03, -2.36531E-03, -2.71191E-03, -3.00078E-03, -3.23703E-03, -3.42567E-03, -3.57157E-03, -3.67935E-03, -3.75337E-03, -3.79770E-03, -3.81610E-03, -3.81201E-03, -3.78858E-03, -3.74865E-03, -3.69481E-03, -3.62936E-03, -3.55434E-03,NA,NA,NA,NA,NA,NA,NA,NA,NA,NA,NA,NA,NA,NA,NA,
NA,NA,NA,NA,NA,NA,NA,NA,NA,NA,NA, -1.52368E-03, -1.36026E-03, -1.16891E-03, -9.46490E-04, -6.89574E-04, -3.94515E-04, -5.74470E-05,  3.25662E-04,  7.58944E-04,  1.24652E-03,  1.79237E-03,  2.40007E-03,  3.07261E-03,  3.81190E-03,  4.61843E-03,  5.49059E-03,  6.42406E-03,  7.41099E-03,  8.43927E-03,  9.49172E-03,  1.05456E-02,  1.15726E-02,  1.25388E-02,  1.34068E-02,  1.41368E-02,  1.46903E-02,  1.50333E-02,  1.51398E-02,  1.49953E-02,  1.45987E-02,  1.39627E-02,  1.31129E-02,  1.20848E-02,  1.09208E-02,  9.66548E-03,  8.36257E-03,  7.05164E-03,  5.76635E-03,  4.53348E-03,  3.37286E-03,  2.29791E-03,  1.31653E-03,  4.32129E-04, -3.55332E-04, -1.04843E-03, -1.65150E-03, -2.17001E-03, -2.61011E-03, -2.97825E-03, -3.28096E-03, -3.52464E-03, -3.71546E-03, -3.85927E-03, -3.96157E-03, -4.02744E-03, -4.06159E-03, -4.06831E-03, -4.05148E-03, -4.01463E-03, -3.96093E-03, -3.89318E-03, -3.81389E-03, -3.72530E-03,NA,NA,NA,NA,NA,NA,NA,NA,NA,NA,NA,NA,NA,NA,NA,
NA,NA,NA,NA,NA,NA,NA,NA,NA,NA, -1.78070E-03, -1.64181E-03, -1.47620E-03, -1.28052E-03, -1.05110E-03, -7.83903E-04, -4.74561E-04, -1.18340E-04,  2.89811E-04,  7.55215E-04,  1.28338E-03,  1.87985E-03,  2.55002E-03,  3.29882E-03,  4.13030E-03,  5.04710E-03,  6.04968E-03,  7.13547E-03,  8.29772E-03,  9.52437E-03,  1.07967E-02,  1.20886E-02,  1.33653E-02,  1.45843E-02,  1.56964E-02,NA,NA,NA,NA,NA,NA,NA,NA,NA,  1.28915E-02,  1.13498E-02,  9.76132E-03,  8.17705E-03,  6.63901E-03,  5.17915E-03,  3.81979E-03,  2.57465E-03,  1.45045E-03,  4.48472E-04, -4.33935E-04, -1.20212E-03, -1.86315E-03, -2.42502E-03, -2.89617E-03, -3.28510E-03, -3.60011E-03, -3.84914E-03, -4.03970E-03, -4.17878E-03, -4.27283E-03, -4.32778E-03, -4.34902E-03, -4.34142E-03, -4.30934E-03, -4.25672E-03, -4.18704E-03, -4.10336E-03, -4.00840E-03, -3.90455E-03, -3.79386E-03,NA,NA,NA,NA,NA,NA,NA,NA,NA,NA,NA,NA,NA,NA,
NA,NA,NA,NA,NA,NA,NA,NA,NA,NA, -1.91396E-03, -1.77622E-03, -1.61011E-03, -1.41185E-03, -1.17720E-03, -9.01475E-04, -5.79490E-04, -2.05544E-04,  2.26582E-04,  7.23605E-04,  1.29269E-03,  1.94133E-03,  2.67718E-03,  3.50775E-03,  4.43999E-03,  5.47963E-03,  6.63032E-03,  7.89245E-03,  9.26168E-03,  1.07271E-02,  1.22695E-02,  1.38590E-02,  1.54544E-02,NA,NA,NA,NA,NA,NA,NA,NA,NA,NA,NA,NA,NA,NA,  9.49002E-03,  7.64009E-03,  5.90481E-03,  4.30844E-03,  2.86395E-03,  1.57545E-03,  4.40691E-04, -5.46933E-04, -1.39668E-03, -2.11924E-03, -2.72592E-03, -3.22802E-03, -3.63650E-03, -3.96178E-03, -4.21361E-03, -4.40101E-03, -4.53226E-03, -4.61492E-03, -4.65580E-03, -4.66106E-03, -4.63620E-03, -4.58611E-03, -4.51513E-03, -4.42707E-03, -4.32528E-03, -4.21268E-03, -4.09178E-03, -3.96477E-03, -3.83352E-03,NA,NA,NA,NA,NA,NA,NA,NA,NA,NA,NA,NA,NA,
NA,NA,NA,NA,NA,NA,NA,NA,NA, -2.17143E-03, -2.06279E-03, -1.92805E-03, -1.76344E-03, -1.56469E-03, -1.32702E-03, -1.04501E-03, -7.12603E-04, -3.23032E-04,  1.31240E-04,  6.58533E-04,  1.26795E-03,  1.96935E-03,  2.77319E-03,  3.69028E-03,  4.73139E-03,  5.90657E-03,  7.22410E-03,  8.68907E-03,  1.03014E-02,  1.20533E-02,  1.39263E-02,NA,NA,NA,NA,NA,NA,NA,NA,NA,NA,NA,NA,NA,NA,NA,NA,NA,  8.79028E-03,  6.72091E-03,  4.84237E-03,  3.16497E-03,  1.68815E-03,  4.04077E-04, -6.99554E-04, -1.63735E-03, -2.42482E-03, -3.07737E-03, -3.60985E-03, -4.03617E-03, -4.36922E-03, -4.62081E-03, -4.80171E-03, -4.92164E-03, -4.98933E-03, -5.01264E-03, -4.99854E-03, -4.95319E-03, -4.88206E-03, -4.78992E-03, -4.68092E-03, -4.55868E-03, -4.42632E-03, -4.28650E-03, -4.14151E-03, -3.99328E-03, -3.84344E-03,NA,NA,NA,NA,NA,NA,NA,NA,NA,NA,NA,NA,
NA,NA,NA,NA,NA,NA,NA,NA, -2.40965E-03, -2.33049E-03, -2.22791E-03, -2.09829E-03, -1.93747E-03, -1.74073E-03, -1.50268E-03, -1.21717E-03, -8.77210E-04, -4.74864E-04, -1.15150E-06,  5.54054E-04,  1.20210E-03,  1.95561E-03,  2.82845E-03,  3.83556E-03,  4.99265E-03,  6.31552E-03,  7.81898E-03,  9.51510E-03,  1.14107E-02,  1.35039E-02,NA,NA,NA,NA,NA,NA,NA,NA,NA,NA,NA,NA,NA,NA,NA,NA,NA,NA,NA,  7.63783E-03,  5.42478E-03,  3.47667E-03,  1.78521E-03,  3.34234E-04, -8.96513E-04, -1.92879E-03, -2.78421E-03, -3.48334E-03, -4.04522E-03, -4.48724E-03, -4.82513E-03, -5.07306E-03, -5.24371E-03, -5.34841E-03, -5.39724E-03, -5.39914E-03, -5.36197E-03, -5.29265E-03, -5.19721E-03, -5.08089E-03, -4.94821E-03, -4.80305E-03, -4.64872E-03, -4.48802E-03, -4.32333E-03, -4.15661E-03, -3.98952E-03, -3.82340E-03,NA,NA,NA,NA,NA,NA,NA,NA,NA,NA,NA,
NA,NA,NA,NA,NA,NA,NA, -2.62492E-03, -2.57483E-03, -2.50429E-03, -2.40990E-03, -2.28775E-03, -2.13334E-03, -1.94147E-03, -1.70616E-03, -1.42048E-03, -1.07651E-03, -6.65053E-04, -1.75581E-04,  4.04027E-04,  1.08765E-03,  1.89109E-03,  2.83223E-03,  3.93106E-03,  5.20946E-03,  6.69073E-03,  8.39846E-03,  1.03546E-02,  1.25765E-02,NA,NA,NA,NA,NA,NA,NA,NA,NA,NA,NA,NA,NA,NA,NA,NA,NA,NA,NA,NA,NA,NA,  3.79784E-03,  1.86373E-03,  2.27683E-04, -1.14135E-03, -2.27433E-03, -3.20051E-03, -3.94660E-03, -4.53660E-03, -4.99189E-03, -5.33141E-03, -5.57193E-03, -5.72828E-03, -5.81356E-03, -5.83931E-03, -5.81566E-03, -5.75147E-03, -5.65443E-03, -5.53122E-03, -5.38754E-03, -5.22829E-03, -5.05762E-03, -4.87902E-03, -4.69542E-03, -4.50926E-03, -4.32254E-03, -4.13689E-03, -3.95364E-03,NA,NA,NA,NA,NA,NA,NA,NA,NA,NA,NA,
NA,NA,NA,NA,NA,NA,NA, -2.79231E-03, -2.75286E-03, -2.69299E-03, -2.60911E-03, -2.49703E-03, -2.35193E-03, -2.16815E-03, -1.93912E-03, -1.65720E-03, -1.31344E-03, -8.97398E-04, -3.96892E-04,  2.02336E-04,  9.16930E-04,  1.76629E-03,  2.77292E-03,  3.96273E-03,  5.36513E-03,  7.01280E-03,  8.94078E-03,  1.11845E-02,NA,NA,NA,NA,NA,NA,NA,NA,NA,NA,NA,NA,NA,NA,NA,NA,NA,NA,NA,NA,NA,NA,NA,  4.12746E-03,  1.92209E-03,  8.28043E-05, -1.43545E-03, -2.67517E-03, -3.67475E-03, -4.46812E-03, -5.08493E-03, -5.55099E-03, -5.88882E-03, -6.11805E-03, -6.25588E-03, -6.31734E-03, -6.31558E-03, -6.26205E-03, -6.16667E-03, -6.03799E-03, -5.88335E-03, -5.70899E-03, -5.52016E-03, -5.32131E-03, -5.11608E-03, -4.90753E-03, -4.69813E-03, -4.48988E-03, -4.28440E-03, -4.08295E-03, -3.88650E-03,NA,NA,NA,NA,NA,NA,NA,NA,NA,NA,
NA,NA,NA,NA,NA,NA, -2.98043E-03, -2.97046E-03, -2.94357E-03, -2.89654E-03, -2.82563E-03, -2.72642E-03, -2.59378E-03, -2.42165E-03, -2.20290E-03, -1.92917E-03, -1.59053E-03, -1.17528E-03, -6.69544E-04, -5.68225E-05,  6.82478E-04,  1.57166E-03,  2.63839E-03,  3.91536E-03,  5.44080E-03,  7.25874E-03,  9.41849E-03,NA,NA,NA,NA,NA,NA,NA,NA,NA,NA,NA,NA,NA,NA,NA,NA,NA,NA,NA,NA,NA,NA,NA,NA,NA,  1.96121E-03, -9.87626E-05, -1.77682E-03, -3.12925E-03, -4.20507E-03, -5.04636E-03, -5.68898E-03, -6.16362E-03, -6.49665E-03, -6.71085E-03, -6.82596E-03, -6.85917E-03, -6.82538E-03, -6.73749E-03, -6.60661E-03, -6.44223E-03, -6.25240E-03, -6.04392E-03, -5.82245E-03, -5.59268E-03, -5.35846E-03, -5.12289E-03, -4.88848E-03, -4.65723E-03, -4.43067E-03, -4.20999E-03, -3.99608E-03,NA,NA,NA,NA,NA,NA,NA,NA,NA,NA,
NA,NA,NA,NA,NA,NA, -3.15499E-03, -3.15889E-03, -3.14652E-03, -3.11460E-03, -3.05924E-03, -2.97587E-03, -2.85907E-03, -2.70243E-03, -2.49833E-03, -2.23771E-03, -1.90974E-03, -1.50147E-03, -9.97333E-04, -3.78590E-04,  3.77412E-04,  1.29809E-03,  2.41667E-03,  3.77328E-03,  5.41614E-03,  7.40243E-03,  9.79854E-03,NA,NA,NA,NA,NA,NA,NA,NA,NA,NA,NA,NA,NA,NA,NA,NA,NA,NA,NA,NA,NA,NA,NA,NA,NA,NA, -3.10083E-04, -2.15830E-03, -3.62990E-03, -4.78568E-03, -5.67649E-03, -6.34488E-03, -6.82670E-03, -7.15245E-03, -7.34827E-03, -7.43675E-03, -7.43741E-03, -7.36712E-03, -7.24039E-03, -7.06966E-03, -6.86545E-03, -6.63662E-03, -6.39056E-03, -6.13334E-03, -5.86993E-03, -5.60433E-03, -5.33972E-03, -5.07860E-03, -4.82292E-03, -4.57412E-03, -4.33328E-03, -4.10116E-03, -3.87825E-03,NA,NA,NA,NA,NA,NA,NA,NA,NA,
NA,NA,NA,NA,NA, -3.30539E-03, -3.33739E-03, -3.35687E-03, -3.36102E-03, -3.34651E-03, -3.30938E-03, -3.24492E-03, -3.14751E-03, -3.01043E-03, -2.82564E-03, -2.58347E-03, -2.27224E-03, -1.87784E-03, -1.38310E-03, -7.67057E-04, -4.03799E-06,  9.37556E-04,  2.09668E-03,  3.52135E-03,  5.27053E-03,  7.41594E-03,NA,NA,NA,NA,NA,NA,NA,NA,NA,NA,NA,NA,NA,NA,NA,NA,NA,NA,NA,NA,NA,NA,NA,NA,NA,NA,NA,NA,NA, -4.16431E-03, -5.40570E-03, -6.34963E-03, -7.04551E-03, -7.53456E-03, -7.85166E-03, -8.02661E-03, -8.08510E-03, -8.04926E-03, -7.93821E-03, -7.76828E-03, -7.55340E-03, -7.30527E-03, -7.03364E-03, -6.74655E-03, -6.45052E-03, -6.15079E-03, -5.85151E-03, -5.55591E-03, -5.26647E-03, -4.98503E-03, -4.71294E-03, -4.45111E-03, -4.20014E-03, -3.96038E-03,NA,NA,NA,NA,NA,NA,NA,NA,NA,
NA,NA,NA,NA,NA, -3.47857E-03, -3.52667E-03, -3.56344E-03, -3.58610E-03, -3.59132E-03, -3.57511E-03, -3.53269E-03, -3.45830E-03, -3.34500E-03, -3.18439E-03, -2.96628E-03, -2.67828E-03, -2.30520E-03, -1.82840E-03, -1.22486E-03, -4.65984E-04,  4.83860E-04,  1.66929E-03,  3.14624E-03,  4.98467E-03,  7.27154E-03,NA,NA,NA,NA,NA,NA,NA,NA,NA,NA,NA,NA,NA,NA,NA,NA,NA,NA,NA,NA,NA,NA,NA,NA,NA,NA,NA,NA,NA,NA, -6.04822E-03, -7.05219E-03, -7.78009E-03, -8.27867E-03, -8.58747E-03, -8.74029E-03, -8.76629E-03, -8.69062E-03, -8.53493E-03, -8.31770E-03, -8.05455E-03, -7.75853E-03, -7.44041E-03, -7.10894E-03, -6.77113E-03, -6.43252E-03, -6.09739E-03, -5.76899E-03, -5.44975E-03, -5.14138E-03, -4.84508E-03, -4.56157E-03, -4.29128E-03, -4.03435E-03, -3.79072E-03,NA,NA,NA,NA,NA,NA,NA,NA,
NA,NA,NA,NA, -3.58286E-03, -3.65607E-03, -3.72166E-03, -3.77736E-03, -3.82046E-03, -3.84769E-03, -3.85508E-03, -3.83783E-03, -3.79011E-03, -3.70484E-03, -3.57337E-03, -3.38510E-03, -3.12702E-03, -2.78306E-03, -2.33327E-03, -1.75277E-03, -1.01034E-03, -6.65923E-05,  1.12838E-03,  2.63800E-03,  4.54284E-03,NA,NA,NA,NA,NA,NA,NA,NA,NA,NA,NA,NA,NA,NA,NA,NA,NA,NA,NA,NA,NA,NA,NA,NA,NA,NA,NA,NA,NA,NA,NA,NA, -7.76545E-03, -8.53398E-03, -9.04753E-03, -9.35069E-03, -9.48179E-03, -9.47399E-03, -9.35597E-03, -9.15234E-03, -8.88410E-03, -8.56885E-03, -8.22122E-03, -7.85311E-03, -7.47410E-03, -7.09174E-03, -6.71187E-03, -6.33890E-03, -5.97610E-03, -5.62577E-03, -5.28949E-03, -4.96825E-03, -4.66257E-03, -4.37264E-03, -4.09838E-03, -3.83950E-03,NA,NA,NA,NA,NA,NA,NA,NA,
NA,NA,NA,NA, -3.74616E-03, -3.83658E-03, -3.92095E-03, -3.99713E-03, -4.06253E-03, -4.11395E-03, -4.14751E-03, -4.15846E-03, -4.14099E-03, -4.08794E-03, -3.99053E-03, -3.83786E-03, -3.61645E-03, -3.30950E-03, -2.89599E-03, -2.34943E-03, -1.63634E-03, -7.14083E-04,  4.71913E-04,  1.99170E-03,  3.93532E-03,NA,NA,NA,NA,NA,NA,NA,NA,NA,NA,NA,NA,NA,NA,NA,NA,NA,NA,NA,NA,NA,NA,NA,NA,NA,NA,NA,NA,NA,NA,NA,NA,NA,NA, -9.82672E-03, -1.01298E-02, -1.02416E-02, -1.02002E-02, -1.00383E-02, -9.78417E-03, -9.46174E-03, -9.09100E-03, -8.68837E-03, -8.26710E-03, -7.83769E-03, -7.40828E-03, -6.98505E-03, -6.57253E-03, -6.17395E-03, -5.79151E-03, -5.42659E-03, -5.07992E-03, -4.75179E-03, -4.44212E-03, -4.15056E-03, -3.87660E-03, -3.61959E-03,NA,NA,NA,NA,NA,NA,NA,
NA,NA,NA,NA, -3.90998E-03, -4.01857E-03, -4.12291E-03, -4.22100E-03, -4.31039E-03, -4.38803E-03, -4.45019E-03, -4.49223E-03, -4.50841E-03, -4.49161E-03, -4.43298E-03, -4.32148E-03, -4.14329E-03, -3.88106E-03, -3.51291E-03, -3.01108E-03, -2.34023E-03, -1.45505E-03, -2.97185E-04,  1.20883E-03,  3.16074E-03,NA,NA,NA,NA,NA,NA,NA,NA,NA,NA,NA,NA,NA,NA,NA,NA,NA,NA,NA,NA,NA,NA,NA,NA,NA,NA,NA,NA,NA,NA,NA,NA,NA,NA, -1.05993E-02, -1.09111E-02, -1.10085E-02, -1.09352E-02, -1.07291E-02, -1.04227E-02, -1.00436E-02, -9.61455E-03, -9.15401E-03, -8.67683E-03, -8.19456E-03, -7.71600E-03, -7.24767E-03, -6.79423E-03, -6.35887E-03, -5.94361E-03, -5.54961E-03, -5.17732E-03, -4.82673E-03, -4.49745E-03, -4.18887E-03, -3.90018E-03, -3.63049E-03,NA,NA,NA,NA,NA,NA,NA,
NA,NA,NA, -3.94435E-03, -4.07278E-03, -4.20037E-03, -4.32570E-03, -4.44694E-03, -4.56183E-03, -4.66754E-03, -4.76050E-03, -4.83626E-03, -4.88923E-03, -4.91241E-03, -4.89699E-03, -4.83187E-03, -4.70304E-03, -4.49276E-03, -4.17852E-03, -3.73157E-03, -3.11513E-03, -2.28186E-03, -1.17054E-03,  2.98272E-04,  2.22788E-03,NA,NA,NA,NA,NA,NA,NA,NA,NA,NA,NA,NA,NA,NA,NA,NA,NA,NA,NA,NA,NA,NA,NA,NA,NA,NA,NA,NA,NA,NA,NA,NA,NA,NA,NA, -1.16793E-02, -1.17694E-02, -1.16676E-02, -1.14182E-02, -1.10589E-02, -1.06214E-02, -1.01318E-02, -9.61109E-03, -9.07582E-03, -8.53876E-03, -8.00944E-03, -7.49475E-03, -6.99948E-03, -6.52674E-03, -6.07836E-03, -5.65521E-03, -5.25743E-03, -4.88467E-03, -4.53623E-03, -4.21114E-03, -3.90832E-03, -3.62659E-03,NA,NA,NA,NA,NA,NA,NA,
NA,NA,NA, -4.08672E-03, -4.23284E-03, -4.38009E-03, -4.52723E-03, -4.67267E-03, -4.81436E-03, -4.94971E-03, -5.07539E-03, -5.18719E-03, -5.27975E-03, -5.34625E-03, -5.37800E-03, -5.36395E-03, -5.29000E-03, -5.13818E-03, -4.88548E-03, -4.50245E-03, -3.95121E-03, -3.18293E-03, -2.13440E-03, -7.23591E-04,  1.15622E-03,NA,NA,NA,NA,NA,NA,NA,NA,NA,NA,NA,NA,NA,NA,NA,NA,NA,NA,NA,NA,NA,NA,NA,NA,NA,NA,NA,NA,NA,NA,NA,NA,NA,NA,NA,NA, -1.25098E-02, -1.23846E-02, -1.20940E-02, -1.16820E-02, -1.11854E-02, -1.06338E-02, -1.00514E-02, -9.45657E-03, -8.86346E-03, -8.28240E-03, -7.72070E-03, -7.18325E-03, -6.67305E-03, -6.19171E-03, -5.73977E-03, -5.31703E-03, -4.92277E-03, -4.55590E-03, -4.21513E-03, -3.89903E-03, -3.60612E-03, -3.33493E-03,NA,NA,NA,NA,NA,NA,
NA,NA,NA, -4.22418E-03, -4.38834E-03, -4.55570E-03, -4.72527E-03, -4.89569E-03, -5.06519E-03, -5.23145E-03, -5.39145E-03, -5.54124E-03, -5.67576E-03, -5.78842E-03, -5.87074E-03, -5.91178E-03, -5.89745E-03, -5.80961E-03, -5.62492E-03, -5.31332E-03, -4.83611E-03, -4.14332E-03, -3.17042E-03, -1.83378E-03,NA,NA,NA,NA,NA,NA,NA,NA,NA,NA,NA,NA,NA,NA,NA,NA,NA,NA,NA,NA,NA,NA,NA,NA,NA,NA,NA,NA,NA,NA,NA,NA,NA,NA,NA,NA,NA,NA, -1.30717E-02, -1.27432E-02, -1.22798E-02, -1.17241E-02, -1.11103E-02, -1.04655E-02, -9.81051E-03, -9.16094E-03, -8.52797E-03, -7.91932E-03, -7.33999E-03, -6.79287E-03, -6.27929E-03, -5.79944E-03, -5.35273E-03, -4.93801E-03, -4.55383E-03, -4.19850E-03, -3.87025E-03, -3.56730E-03, -3.28788E-03,NA,NA,NA,NA,NA,NA,
NA,NA, -4.17860E-03, -4.35499E-03, -4.53730E-03, -4.72501E-03, -4.91737E-03, -5.11329E-03, -5.31131E-03, -5.50942E-03, -5.70491E-03, -5.89421E-03, -6.07254E-03, -6.23364E-03, -6.36927E-03, -6.46866E-03, -6.51777E-03, -6.49834E-03, -6.38671E-03, -6.15231E-03, -5.75562E-03, -5.14573E-03, -4.25696E-03, -3.00466E-03,NA,NA,NA,NA,NA,NA,NA,NA,NA,NA,NA,NA,NA,NA,NA,NA,NA,NA,NA,NA,NA,NA,NA,NA,NA,NA,NA,NA,NA,NA,NA,NA,NA,NA,NA,NA,NA,NA, -1.37127E-02, -1.33506E-02, -1.28382E-02, -1.22247E-02, -1.15493E-02, -1.08427E-02, -1.01281E-02, -9.42263E-03, -8.73850E-03, -8.08384E-03, -7.46374E-03, -6.88095E-03, -6.33648E-03, -5.83015E-03, -5.36094E-03, -4.92728E-03, -4.52728E-03, -4.15886E-03, -3.81991E-03, -3.50830E-03, -3.22198E-03,NA,NA,NA,NA,NA,NA,
NA,NA, -4.28484E-03, -4.47728E-03, -4.67766E-03, -4.88572E-03, -5.10095E-03, -5.32259E-03, -5.54949E-03, -5.77998E-03, -6.01174E-03, -6.24154E-03, -6.46499E-03, -6.67617E-03, -6.86713E-03, -7.02728E-03, -7.14264E-03, -7.19485E-03, -7.15990E-03, -7.00659E-03, -6.69452E-03, -6.17163E-03, -5.37097E-03,NA,NA,NA,NA,NA,NA,NA,NA,NA,NA,NA,NA,NA,NA,NA,NA,NA,NA,NA,NA,NA,NA,NA,NA,NA,NA,NA,NA,NA,NA,NA,NA,NA,NA,NA,NA,NA,NA,NA,NA, -1.38993E-02, -1.33414E-02, -1.26727E-02, -1.19378E-02, -1.11711E-02, -1.03986E-02, -9.63911E-03, -8.90569E-03, -8.20698E-03, -7.54812E-03, -6.93170E-03, -6.35842E-03, -5.82769E-03, -5.33802E-03, -4.88740E-03, -4.47349E-03, -4.09384E-03, -3.74593E-03, -3.42733E-03, -3.13568E-03,NA,NA,NA,NA,NA,NA,
NA,NA, -4.38102E-03, -4.58915E-03, -4.80729E-03, -5.03541E-03, -5.27332E-03, -5.52056E-03, -5.77632E-03, -6.03932E-03, -6.30762E-03, -6.57841E-03, -6.84769E-03, -7.10991E-03, -7.35742E-03, -7.57986E-03, -7.76329E-03, -7.88918E-03, -7.93307E-03, -7.86298E-03, -7.63737E-03, -7.20262E-03, -6.48990E-03,NA,NA,NA,NA,NA,NA,NA,NA,NA,NA,NA,NA,NA,NA,NA,NA,NA,NA,NA,NA,NA,NA,NA,NA,NA,NA,NA,NA,NA,NA,NA,NA,NA,NA,NA,NA,NA,NA,NA,NA, -1.43700E-02, -1.37715E-02, -1.30517E-02, -1.22609E-02, -1.14376E-02, -1.06106E-02, -9.80022E-03, -9.02068E-03, -8.28101E-03, -7.58644E-03, -6.93936E-03, -6.34013E-03, -5.78774E-03, -5.28024E-03, -4.81516E-03, -4.38973E-03, -4.00106E-03, -3.64629E-03, -3.32264E-03, -3.02749E-03, -2.75836E-03,NA,NA,NA,NA,NA,
NA,NA, -4.46538E-03, -4.68864E-03, -4.92397E-03, -5.17161E-03, -5.43168E-03, -5.70405E-03, -5.98827E-03, -6.28346E-03, -6.58809E-03, -6.89977E-03, -7.21495E-03, -7.52844E-03, -7.83295E-03, -8.11830E-03, -8.37059E-03, -8.57105E-03, -8.69465E-03, -8.70841E-03, -8.56925E-03, -8.22144E-03,NA,NA,NA,NA,NA,NA,NA,NA,NA,NA,NA,NA,NA,NA,NA,NA,NA,NA,NA,NA,NA,NA,NA,NA,NA,NA,NA,NA,NA,NA,NA,NA,NA,NA,NA,NA,NA,NA,NA,NA,NA, -1.47413E-02, -1.41086E-02, -1.33437E-02, -1.25026E-02, -1.16281E-02, -1.07515E-02, -9.89519E-03, -9.07415E-03, -8.29793E-03, -7.57181E-03, -6.89802E-03, -6.27656E-03, -5.70600E-03, -5.18394E-03, -4.70744E-03, -4.27330E-03, -3.87823E-03, -3.51902E-03, -3.19257E-03, -2.89597E-03, -2.62652E-03,NA,NA,NA,NA,NA,
NA,NA, -4.53619E-03, -4.77378E-03, -5.02548E-03, -5.29182E-03, -5.57321E-03, -5.86987E-03, -6.18173E-03, -6.50831E-03, -6.84851E-03, -7.20041E-03, -7.56089E-03, -7.92517E-03, -8.28630E-03, -8.63430E-03, -8.95527E-03, -9.23014E-03, -9.43320E-03, -9.53021E-03, -9.47621E-03, -9.21273E-03,NA,NA,NA,NA,NA,NA,NA,NA,NA,NA,NA,NA,NA,NA,NA,NA,NA,NA,NA,NA,NA,NA,NA,NA,NA,NA,NA,NA,NA,NA,NA,NA,NA,NA,NA,NA,NA,NA,NA,NA,NA,NA, -1.43310E-02, -1.35291E-02, -1.26457E-02, -1.17275E-02, -1.08085E-02, -9.91286E-03, -9.05656E-03, -8.24960E-03, -7.49733E-03, -6.80181E-03, -6.16274E-03, -5.57825E-03, -5.04553E-03, -4.56119E-03, -4.12163E-03, -3.72318E-03, -3.36229E-03, -3.03555E-03, -2.73981E-03, -2.47214E-03,NA,NA,NA,NA,NA,
NA, -4.35603E-03, -4.59169E-03, -4.84259E-03, -5.10959E-03, -5.39351E-03, -5.69505E-03, -6.01479E-03, -6.35303E-03, -6.70973E-03, -7.08422E-03, -7.47505E-03, -7.87954E-03, -8.29338E-03, -8.70992E-03, -9.11942E-03, -9.50796E-03, -9.85614E-03, -1.01374E-02, -1.03163E-02, -1.03454E-02, -1.01631E-02,NA,NA,NA,NA,NA,NA,NA,NA,NA,NA,NA,NA,NA,NA,NA,NA,NA,NA,NA,NA,NA,NA,NA,NA,NA,NA,NA,NA,NA,NA,NA,NA,NA,NA,NA,NA,NA,NA,NA,NA,NA,NA, -1.44148E-02, -1.35873E-02, -1.26722E-02, -1.17203E-02, -1.07683E-02, -9.84198E-03, -8.95839E-03, -8.12797E-03, -7.35622E-03, -6.64504E-03, -5.99386E-03, -5.40046E-03, -4.86163E-03, -4.37359E-03, -3.93235E-03, -3.53392E-03, -3.17442E-03, -2.85019E-03, -2.55785E-03, -2.29426E-03,NA,NA,NA,NA,NA,
NA, -4.38413E-03, -4.63018E-03, -4.89314E-03, -5.17412E-03, -5.47418E-03, -5.79437E-03, -6.13559E-03, -6.49854E-03, -6.88358E-03, -7.29052E-03, -7.71836E-03, -8.16491E-03, -8.62628E-03, -9.09621E-03, -9.56518E-03, -1.00193E-02, -1.04387E-02, -1.07963E-02, -1.10548E-02, -1.11648E-02,NA,NA,NA,NA,NA,NA,NA,NA,NA,NA,NA,NA,NA,NA,NA,NA,NA,NA,NA,NA,NA,NA,NA,NA,NA,NA,NA,NA,NA,NA,NA,NA,NA,NA,NA,NA,NA,NA,NA,NA,NA,NA,NA, -1.43351E-02, -1.34966E-02, -1.25637E-02, -1.15909E-02, -1.06177E-02, -9.67152E-03, -8.77040E-03, -7.92535E-03, -7.14205E-03, -6.42235E-03, -5.76548E-03, -5.16893E-03, -4.62916E-03, -4.14206E-03, -3.70332E-03, -3.30866E-03, -2.95394E-03, -2.63528E-03, -2.34908E-03, -2.09205E-03,NA,NA,NA,NA,NA,
NA, -4.39492E-03, -4.65000E-03, -4.92355E-03, -5.21691E-03, -5.53142E-03, -5.86840E-03, -6.22913E-03, -6.61467E-03, -7.02579E-03, -7.46278E-03, -7.92509E-03, -8.41102E-03, -8.91715E-03, -9.43760E-03, -9.96310E-03, -1.04798E-02, -1.09677E-02, -1.13987E-02, -1.17344E-02, -1.19228E-02,NA,NA,NA,NA,NA,NA,NA,NA,NA,NA,NA,NA,NA,NA,NA,NA,NA,NA,NA,NA,NA,NA,NA,NA,NA,NA,NA,NA,NA,NA,NA,NA,NA,NA,NA,NA,NA,NA,NA,NA,NA,NA,NA, -1.40664E-02, -1.32357E-02, -1.23022E-02, -1.13245E-02, -1.03444E-02, -9.39116E-03, -8.48405E-03, -7.63467E-03, -6.84899E-03, -6.12893E-03, -5.47362E-03, -4.88038E-03, -4.34542E-03, -3.86438E-03, -3.43273E-03, -3.04592E-03, -2.69964E-03, -2.38981E-03, -2.11268E-03, -1.86485E-03, -1.64322E-03,NA,NA,NA,NA,
NA, -4.38704E-03, -4.64959E-03, -4.93203E-03, -5.23592E-03, -5.56287E-03, -5.91448E-03, -6.29236E-03, -6.69793E-03, -7.13240E-03, -7.59647E-03, -8.09008E-03, -8.61202E-03, -9.15934E-03, -9.72658E-03, -1.03048E-02, -1.08802E-02, -1.14328E-02, -1.19337E-02, -1.23433E-02, -1.26077E-02,NA,NA,NA,NA,NA,NA,NA,NA,NA,NA,NA,NA,NA,NA,NA,NA,NA,NA,NA,NA,NA,NA,NA,NA,NA,NA,NA,NA,NA,NA,NA,NA,NA,NA,NA,NA,NA,NA,NA,NA,NA,NA,NA, -1.35843E-02, -1.27843E-02, -1.18713E-02, -1.09072E-02, -9.93704E-03, -8.99174E-03, -8.09185E-03, -7.24980E-03, -6.47203E-03, -5.76069E-03, -5.11496E-03, -4.53209E-03, -4.00820E-03, -3.53877E-03, -3.11911E-03, -2.74453E-03, -2.41057E-03, -2.11304E-03, -1.84810E-03, -1.61223E-03, -1.40229E-03,NA,NA,NA,NA,
NA, -4.35918E-03, -4.62745E-03, -4.91688E-03, -5.22923E-03, -5.56633E-03, -5.93009E-03, -6.32239E-03, -6.74504E-03, -7.19961E-03, -7.68726E-03, -8.20838E-03, -8.76225E-03, -9.34640E-03, -9.95583E-03, -1.05820E-02, -1.12113E-02, -1.18236E-02, -1.23898E-02, -1.28694E-02, -1.32069E-02,NA,NA,NA,NA,NA,NA,NA,NA,NA,NA,NA,NA,NA,NA,NA,NA,NA,NA,NA,NA,NA,NA,NA,NA,NA,NA,NA,NA,NA,NA,NA,NA,NA,NA,NA,NA,NA,NA,NA,NA,NA,NA,NA,NA, -1.21248E-02, -1.12565E-02, -1.03278E-02, -9.38649E-03, -8.46578E-03, -7.58774E-03, -6.76585E-03, -6.00723E-03, -5.31445E-03, -4.68692E-03, -4.12202E-03, -3.61586E-03, -3.16392E-03, -2.76144E-03, -2.40369E-03, -2.08613E-03, -1.80453E-03, -1.55499E-03, -1.33397E-03, -1.13828E-03,NA,NA,NA,NA,
NA, -4.31018E-03, -4.58225E-03, -4.87656E-03, -5.19504E-03, -5.53976E-03, -5.91286E-03, -6.31652E-03, -6.75288E-03, -7.22387E-03, -7.73106E-03, -8.27529E-03, -8.85632E-03, -9.47217E-03, -1.01183E-02, -1.07866E-02, -1.14638E-02, -1.21299E-02, -1.27558E-02, -1.33002E-02, -1.37069E-02,NA,NA,NA,NA,NA,NA,NA,NA,NA,NA,NA,NA,NA,NA,NA,NA,NA,NA,NA,NA,NA,NA,NA,NA,NA,NA,NA,NA,NA,NA,NA,NA,NA,NA,NA,NA,NA,NA,NA,NA,NA,NA,NA,NA, -1.12434E-02, -1.04472E-02, -9.57768E-03, -8.68598E-03, -7.80795E-03, -6.96749E-03, -6.17945E-03, -5.45191E-03, -4.78809E-03, -4.18785E-03, -3.64885E-03, -3.16740E-03, -2.73907E-03, -2.35917E-03, -2.02300E-03, -1.72606E-03, -1.46411E-03, -1.23329E-03, -1.03006E-03, -8.51257E-04,NA,NA,NA,NA,
NA, -4.23897E-03, -4.51277E-03, -4.80966E-03, -5.13176E-03, -5.48130E-03, -5.86067E-03, -6.27231E-03, -6.71863E-03, -7.20192E-03, -7.72411E-03, -8.28648E-03, -8.88923E-03, -9.53085E-03, -1.02073E-02, -1.09110E-02, -1.16290E-02, -1.23417E-02, -1.30200E-02, -1.36228E-02, -1.40931E-02,NA,NA,NA,NA,NA,NA,NA,NA,NA,NA,NA,NA,NA,NA,NA,NA,NA,NA,NA,NA,NA,NA,NA,NA,NA,NA,NA,NA,NA,NA,NA,NA,NA,NA,NA,NA,NA,NA,NA,NA,NA,NA,NA,NA, -1.01320E-02, -9.43726E-03, -8.65214E-03, -7.83191E-03, -7.01545E-03, -6.22895E-03, -5.48895E-03, -4.80481E-03, -4.18066E-03, -3.61705E-03, -3.11211E-03, -2.66249E-03, -2.26403E-03, -1.91221E-03, -1.60248E-03, -1.33044E-03, -1.09195E-03, -8.83209E-04, -7.00760E-04, -5.41499E-04, -4.02654E-04,NA,NA,NA,
NA, -4.14465E-03, -4.41796E-03, -4.71497E-03, -5.03796E-03, -5.38933E-03, -5.77164E-03, -6.18755E-03, -6.63976E-03, -7.13082E-03, -7.66302E-03, -8.23802E-03, -8.85642E-03, -9.51719E-03, -1.02168E-02, -1.09480E-02, -1.16986E-02, -1.24493E-02, -1.31713E-02, -1.38239E-02, -1.43502E-02,NA,NA,NA,NA,NA,NA,NA,NA,NA,NA,NA,NA,NA,NA,NA,NA,NA,NA,NA,NA,NA,NA,NA,NA,NA,NA,NA,NA,NA,NA,NA,NA,NA,NA,NA,NA,NA,NA,NA,NA,NA,NA,NA,NA,NA, -8.22574E-03, -7.55078E-03, -6.82414E-03, -6.08831E-03, -5.37224E-03, -4.69456E-03, -4.06618E-03, -3.49246E-03, -2.97484E-03, -2.51213E-03, -2.10151E-03, -1.73920E-03, -1.42100E-03, -1.14259E-03, -8.99753E-04, -6.88529E-04, -5.05246E-04, -3.46572E-04, -2.09511E-04, -9.13900E-05,NA,NA,NA,
NA, -4.02648E-03, -4.29693E-03, -4.59147E-03, -4.91246E-03, -5.26244E-03, -5.64414E-03, -6.06039E-03, -6.51409E-03, -7.00807E-03, -7.54487E-03, -8.12649E-03, -8.75392E-03, -9.42653E-03, -1.01412E-02, -1.08914E-02, -1.16651E-02, -1.24438E-02, -1.31992E-02, -1.38911E-02, -1.44632E-02,NA,NA,NA,NA,NA,NA,NA,NA,NA,NA,NA,NA,NA,NA,NA,NA,NA,NA,NA,NA,NA,NA,NA,NA,NA,NA,NA,NA,NA,NA,NA,NA,NA,NA,NA,NA,NA,NA,NA,NA,NA,NA,NA,NA,NA, -6.81772E-03, -6.27784E-03, -5.66619E-03, -5.02947E-03, -4.39982E-03, -3.79830E-03, -3.23776E-03, -2.72498E-03, -2.26253E-03, -1.85009E-03, -1.48552E-03, -1.16557E-03, -8.86456E-04, -6.44186E-04, -4.34832E-04, -2.54652E-04, -1.00177E-04,  3.17528E-05,  1.43982E-04,  2.39043E-04,NA,NA,NA,
NA, -3.88387E-03, -4.14901E-03, -4.43834E-03, -4.75430E-03, -5.09953E-03, -5.47687E-03, -5.88928E-03, -6.33984E-03, -6.83156E-03, -7.36721E-03, -7.94906E-03, -8.57840E-03, -9.25497E-03, -9.97609E-03, -1.07355E-02, -1.15221E-02, -1.23175E-02, -1.30944E-02, -1.38131E-02, -1.44182E-02,NA,NA,NA,NA,NA,NA,NA,NA,NA,NA,NA,NA,NA,NA,NA,NA,NA,NA,NA,NA,NA,NA,NA,NA,NA,NA,NA,NA,NA,NA,NA,NA,NA,NA,NA,NA,NA,NA,NA,NA,NA,NA,NA,NA,NA, -5.22401E-03, -4.84201E-03, -4.36507E-03, -3.84458E-03, -3.31626E-03, -2.80395E-03, -2.32264E-03, -1.88080E-03, -1.48232E-03, -1.12790E-03, -8.16214E-04, -5.44658E-04, -3.09958E-04, -1.08555E-04,  6.31369E-05,  2.08564E-04,  3.30945E-04,  4.33220E-04,  5.18035E-04,  5.87749E-04,NA,NA,NA,
NA, -3.71642E-03, -3.97370E-03, -4.25499E-03, -4.56277E-03, -4.89975E-03, -5.26882E-03, -5.67306E-03, -6.11562E-03, -6.59967E-03, -7.12814E-03, -7.70349E-03, -8.32724E-03, -8.99943E-03, -9.71771E-03, -1.04763E-02, -1.12643E-02, -1.20643E-02, -1.28493E-02, -1.35806E-02, -1.42036E-02, -1.46436E-02,NA,NA,NA,NA,NA,NA,NA,NA,NA,NA,NA,NA,NA,NA,NA,NA,NA,NA,NA,NA,NA,NA,NA,NA,NA,NA,NA,NA,NA,NA,NA,NA,NA,NA,NA,NA,NA,NA,NA,NA,NA,NA,NA,NA,NA, -3.25581E-03, -2.93071E-03, -2.54156E-03, -2.12793E-03, -1.71665E-03, -1.32505E-03, -9.63443E-04, -6.37170E-04, -3.48100E-04, -9.58065E-05,  1.21569E-04,  3.06705E-04,  4.62670E-04,  5.92640E-04,  6.99713E-04,  7.86806E-04,  8.56594E-04,  9.11490E-04,  9.53640E-04,NA,NA,NA,
NA,NA, -3.77073E-03, -4.04107E-03, -4.33744E-03, -4.66255E-03, -5.01934E-03, -5.41091E-03, -5.84048E-03, -6.31128E-03, -6.82633E-03, -7.38821E-03, -7.99861E-03, -8.65775E-03, -9.36354E-03, -1.01105E-02, -1.08882E-02, -1.16796E-02, -1.24586E-02, -1.31869E-02, -1.38110E-02, -1.42571E-02,NA,NA,NA,NA,NA,NA,NA,NA,NA,NA,NA,NA,NA,NA,NA,NA,NA,NA,NA,NA,NA,NA,NA,NA,NA,NA,NA,NA,NA,NA,NA,NA,NA,NA,NA,NA,NA,NA,NA,NA,NA,NA,NA,NA,NA, -1.53447E-03, -1.37507E-03, -1.12989E-03, -8.42389E-04, -5.42497E-04, -2.49958E-04,  2.29691E-05,  2.69420E-04,  4.86302E-04,  6.73056E-04,  8.30745E-04,  9.61395E-04,  1.06753E-03,  1.15187E-03,  1.21712E-03,  1.26584E-03,  1.30041E-03,  1.32298E-03,  1.33544E-03,  1.33946E-03,NA,NA,
NA,NA, -3.54001E-03, -3.79644E-03, -4.07810E-03, -4.38767E-03, -4.72807E-03, -5.10241E-03, -5.51388E-03, -5.96573E-03, -6.46100E-03, -7.00231E-03, -7.59143E-03, -8.22867E-03, -8.91212E-03, -9.63649E-03, -1.03917E-02, -1.11612E-02, -1.19192E-02, -1.26284E-02, -1.32359E-02,NA,NA,NA,NA,NA,NA,NA,NA,NA,NA,NA,NA,NA,NA,NA,NA,NA,NA,NA,NA,NA,NA,NA,NA,NA,NA,NA,NA,NA,NA,NA,NA,NA,NA,NA,NA,NA,NA,NA,NA,NA,NA,NA,NA,NA,NA,  3.05805E-04,  2.89164E-04,  3.80475E-04,  5.32440E-04,  7.12127E-04,  8.97387E-04,  1.07404E-03,  1.23370E-03,  1.37203E-03,  1.48746E-03,  1.58024E-03,  1.65170E-03,  1.70381E-03,  1.73876E-03,  1.75885E-03,  1.76625E-03,  1.76301E-03,  1.75095E-03,  1.73169E-03,  1.70666E-03,NA,NA,
NA,NA, -3.28171E-03, -3.52123E-03, -3.78483E-03, -4.07515E-03, -4.39502E-03, -4.74748E-03, -5.13570E-03, -5.56284E-03, -6.03191E-03, -6.54551E-03, -7.10537E-03, -7.71184E-03, -8.36306E-03, -9.05391E-03, -9.77454E-03, -1.05086E-02, -1.12310E-02, -1.19048E-02, -1.24780E-02,NA,NA,NA,NA,NA,NA,NA,NA,NA,NA,NA,NA,NA,NA,NA,NA,NA,NA,NA,NA,NA,NA,NA,NA,NA,NA,NA,NA,NA,NA,NA,NA,NA,NA,NA,NA,NA,NA,NA,NA,NA,NA,NA,NA,NA,NA,  2.24991E-03,  2.05030E-03,  1.98035E-03,  1.98925E-03,  2.04128E-03,  2.11204E-03,  2.18556E-03,  2.25197E-03,  2.30576E-03,  2.34438E-03,  2.36725E-03,  2.37503E-03,  2.36906E-03,  2.35103E-03,  2.32276E-03,  2.28603E-03,  2.24249E-03,  2.19363E-03,  2.14076E-03,  2.08503E-03,  2.02738E-03,NA,
NA,NA, -2.99617E-03, -3.21578E-03, -3.45798E-03, -3.72529E-03, -4.02046E-03, -4.34641E-03, -4.70619E-03, -5.10286E-03, -5.53933E-03, -6.01807E-03, -6.54076E-03, -7.10767E-03, -7.71695E-03, -8.36350E-03, -9.03766E-03, -9.72332E-03, -1.03958E-02, -1.10187E-02, -1.15409E-02,NA,NA,NA,NA,NA,NA,NA,NA,NA,NA,NA,NA,NA,NA,NA,NA,NA,NA,NA,NA,NA,NA,NA,NA,NA,NA,NA,NA,NA,NA,NA,NA,NA,NA,NA,NA,NA,NA,NA,NA,NA,NA,NA,NA,NA,NA,  4.28641E-03,  3.89957E-03,  3.66287E-03,  3.52253E-03,  3.44036E-03,  3.39001E-03,  3.35392E-03,  3.32090E-03,  3.28436E-03,  3.24083E-03,  3.18893E-03,  3.12864E-03,  3.06067E-03,  2.98619E-03,  2.90652E-03,  2.82296E-03,  2.73678E-03,  2.64909E-03,  2.56085E-03,  2.47288E-03,  2.38585E-03,NA,
NA,NA, -2.68396E-03, -2.88067E-03, -3.09812E-03, -3.33870E-03, -3.60500E-03, -3.89980E-03, -4.22598E-03, -4.58645E-03, -4.98394E-03, -5.42078E-03, -5.89849E-03, -6.41725E-03, -6.97511E-03, -7.56700E-03, -8.18334E-03, -8.80828E-03, -9.41749E-03, -9.97536E-03, -1.04315E-02,NA,NA,NA,NA,NA,NA,NA,NA,NA,NA,NA,NA,NA,NA,NA,NA,NA,NA,NA,NA,NA,NA,NA,NA,NA,NA,NA,NA,NA,NA,NA,NA,NA,NA,NA,NA,NA,NA,NA,NA,NA,NA,NA,NA,NA,NA,  6.41036E-03,  5.83332E-03,  5.42519E-03,  5.12979E-03,  4.90700E-03,  4.72890E-03,  4.57661E-03,  4.43786E-03,  4.30509E-03,  4.17400E-03,  4.04245E-03,  3.90971E-03,  3.77591E-03,  3.64159E-03,  3.50756E-03,  3.37464E-03,  3.24362E-03,  3.11521E-03,  2.98998E-03,  2.86840E-03,  2.75082E-03,NA,
NA,NA, -2.34587E-03, -2.51670E-03, -2.70608E-03, -2.91621E-03, -3.14950E-03, -3.40853E-03, -3.69599E-03, -4.01456E-03, -4.36678E-03, -4.75476E-03, -5.17985E-03, -5.64208E-03, -6.13939E-03, -6.66671E-03, -7.21456E-03, -7.76735E-03, -8.30124E-03, -8.78139E-03, -9.15848E-03,NA,NA,NA,NA,NA,NA,NA,NA,NA,NA,NA,NA,NA,NA,NA,NA,NA,NA,NA,NA,NA,NA,NA,NA,NA,NA,NA,NA,NA,NA,NA,NA,NA,NA,NA,NA,NA,NA,NA,NA,NA,NA,NA,NA,NA,NA,  8.62630E-03,  7.85539E-03,  7.27021E-03,  6.81289E-03,  6.44200E-03,  6.12851E-03,  5.85261E-03,  5.60115E-03,  5.36575E-03,  5.14133E-03,  4.92503E-03,  4.71539E-03,  4.51186E-03,  4.31439E-03,  4.12315E-03,  3.93844E-03,  3.76054E-03,  3.58968E-03,  3.42601E-03,  3.26961E-03,  3.12046E-03,  2.97849E-03,
NA,NA, -1.98286E-03, -2.12489E-03, -2.28291E-03, -2.45891E-03, -2.65508E-03, -2.87376E-03, -3.11739E-03, -3.38841E-03, -3.68911E-03, -4.02138E-03, -4.38634E-03, -4.78386E-03, -5.21181E-03, -5.66511E-03, -6.13444E-03, -6.60459E-03, -7.05234E-03, -7.44383E-03, -7.73125E-03, -7.84855E-03,NA,NA,NA,NA,NA,NA,NA,NA,NA,NA,NA,NA,NA,NA,NA,NA,NA,NA,NA,NA,NA,NA,NA,NA,NA,NA,NA,NA,NA,NA,NA,NA,NA,NA,NA,NA,NA,NA,NA,NA,NA,NA,NA,NA,NA,NA,  9.97943E-03,  9.20829E-03,  8.57920E-03,  8.05008E-03,  7.59137E-03,  7.18265E-03,  6.81014E-03,  6.46472E-03,  6.14054E-03,  5.83394E-03,  5.54270E-03,  5.26549E-03,  5.00153E-03,  4.75033E-03,  4.51154E-03,  4.28487E-03,  4.07002E-03,  3.86664E-03,  3.67438E-03,  3.49283E-03,  3.32155E-03,
NA,NA, -1.59612E-03, -1.70646E-03, -1.82988E-03, -1.96812E-03, -2.12309E-03, -2.29685E-03, -2.49157E-03, -2.70940E-03, -2.95235E-03, -3.22206E-03, -3.51944E-03, -3.84420E-03, -4.19416E-03, -4.56432E-03, -4.94561E-03, -5.32336E-03, -5.67522E-03, -5.96867E-03, -6.15780E-03, -6.17937E-03,NA,NA,NA,NA,NA,NA,NA,NA,NA,NA,NA,NA,NA,NA,NA,NA,NA,NA,NA,NA,NA,NA,NA,NA,NA,NA,NA,NA,NA,NA,NA,NA,NA,NA,NA,NA,NA,NA,NA,NA,NA,NA,NA,NA,NA,NA,  1.22311E-02,  1.12588E-02,  1.04425E-02,  9.74042E-03,  9.12291E-03,  8.56930E-03,  8.06524E-03,  7.60089E-03,  7.16948E-03,  6.76641E-03,  6.38849E-03,  6.03348E-03,  5.69970E-03,  5.38586E-03,  5.09087E-03,  4.81373E-03,  4.55354E-03,  4.30940E-03,  4.08046E-03,  3.86587E-03,  3.66478E-03,
NA,NA, -1.18703E-03, -1.26287E-03, -1.34850E-03, -1.44537E-03, -1.55508E-03, -1.67937E-03, -1.82007E-03, -1.97902E-03, -2.15793E-03, -2.35817E-03, -2.58043E-03, -2.82430E-03, -3.08760E-03, -3.36551E-03, -3.64940E-03, -3.92536E-03, -4.17221E-03, -4.35916E-03, -4.44282E-03, -4.36344E-03,NA,NA,NA,NA,NA,NA,NA,NA,NA,NA,NA,NA,NA,NA,NA,NA,NA,NA,NA,NA,NA,NA,NA,NA,NA,NA,NA,NA,NA,NA,NA,NA,NA,NA,NA,NA,NA,NA,NA,NA,NA,NA,NA,NA,NA,NA,NA,  1.34510E-02,  1.24235E-02,  1.15267E-02,  1.07313E-02,  1.00166E-02,  9.36760E-03,  8.77335E-03,  8.22591E-03,  7.71938E-03,  7.24929E-03,  6.81218E-03,  6.40526E-03,  6.02623E-03,  5.67306E-03,  5.34398E-03,  5.03734E-03,  4.75164E-03,  4.48543E-03,  4.23738E-03,  4.00622E-03,
NA,NA, -7.57170E-04, -7.95770E-04, -8.40485E-04, -8.92419E-04, -9.52817E-04, -1.02305E-03, -1.10457E-03, -1.19885E-03, -1.30726E-03, -1.43086E-03, -1.57016E-03, -1.72464E-03, -1.89219E-03, -2.06833E-03, -2.24504E-03, -2.40945E-03, -2.54196E-03, -2.61403E-03, -2.58536E-03, -2.40049E-03,NA,NA,NA,NA,NA,NA,NA,NA,NA,NA,NA,NA,NA,NA,NA,NA,NA,NA,NA,NA,NA,NA,NA,NA,NA,NA,NA,NA,NA,NA,NA,NA,NA,NA,NA,NA,NA,NA,NA,NA,NA,NA,NA,NA,NA,NA,NA,NA,  1.45491E-02,  1.34262E-02,  1.24267E-02,  1.15296E-02,  1.07185E-02,  9.98093E-03,  9.30713E-03,  8.68926E-03,  8.12106E-03,  7.59743E-03,  7.11410E-03,  6.66749E-03,  6.25445E-03,  5.87223E-03,  5.51834E-03,  5.19053E-03,  4.88674E-03,  4.60508E-03,  4.34380E-03,
NA,NA,NA, -3.07029E-04, -3.07764E-04, -3.11241E-04, -3.18285E-04, -3.29825E-04, -3.46876E-04, -3.70478E-04, -4.01602E-04, -4.40985E-04, -4.88888E-04, -5.44724E-04, -6.06535E-04, -6.70265E-04, -7.28770E-04, -7.70527E-04, -7.77960E-04, -7.25348E-04, -5.76233E-04, -2.80264E-04,NA,NA,NA,NA,NA,NA,NA,NA,NA,NA,NA,NA,NA,NA,NA,NA,NA,NA,NA,NA,NA,NA,NA,NA,NA,NA,NA,NA,NA,NA,NA,NA,NA,NA,NA,NA,NA,NA,NA,NA,NA,NA,NA,NA,NA,NA,NA,NA,NA,  1.54583E-02,  1.42197E-02,  1.31125E-02,  1.21181E-02,  1.12213E-02,  1.04093E-02,  9.67148E-03,  8.99893E-03,  8.38435E-03,  7.82154E-03,  7.30526E-03,  6.83099E-03,  6.39479E-03,  5.99319E-03,  5.62309E-03,  5.28172E-03,  4.96658E-03,  4.67539E-03,
NA,NA,  1.57482E-04,  2.01247E-04,  2.47477E-04,  2.95938E-04,  3.46308E-04,  3.98177E-04,  4.51064E-04,  5.04454E-04,  5.57868E-04,  6.10987E-04,  6.63850E-04,  7.17154E-04,  7.72691E-04,  8.33974E-04,  9.07094E-04,  1.00187E-03,  1.13338E-03,  1.32383E-03,  1.60503E-03,  2.02126E-03,  2.63283E-03,NA,NA,NA,NA,NA,NA,NA,NA,NA,NA,NA,NA,NA,NA,NA,NA,NA,NA,NA,NA,NA,NA,NA,NA,NA,NA,NA,NA,NA,NA,NA,NA,NA,NA,NA,NA,NA,NA,NA,NA,NA,NA,NA,NA,NA,NA,NA,NA,NA,  1.61185E-02,  1.47673E-02,  1.35646E-02,  1.24903E-02,  1.15270E-02,  1.06600E-02,  9.87688E-03,  9.16718E-03,  8.52221E-03,  7.93464E-03,  7.39825E-03,  6.90769E-03,  6.45835E-03,  6.04617E-03,  5.66757E-03,  5.31939E-03,  4.99879E-03,
NA,NA,  6.38045E-04,  7.26705E-04,  8.22789E-04,  9.26618E-04,  1.03847E-03,  1.15857E-03,  1.28710E-03,  1.42421E-03,  1.57007E-03,  1.72493E-03,  1.88929E-03,  2.06407E-03,  2.25098E-03,  2.45300E-03,  2.67504E-03,  2.92492E-03,  3.21469E-03,  3.56231E-03,  3.99391E-03,  4.54653E-03,  5.27149E-03,NA,NA,NA,NA,NA,NA,NA,NA,NA,NA,NA,NA,NA,NA,NA,NA,NA,NA,NA,NA,NA,NA,NA,NA,NA,NA,NA,NA,NA,NA,NA,NA,NA,NA,NA,NA,NA,NA,NA,NA,NA,NA,NA,NA,NA,NA,NA,NA,NA,NA,  1.64910E-02,  1.50516E-02,  1.37800E-02,  1.26520E-02,  1.16469E-02,  1.07474E-02,  9.93907E-03,  9.20994E-03,  8.55012E-03,  7.95136E-03,  7.40666E-03,  6.91007E-03,  6.45648E-03,  6.04142E-03,  5.66101E-03,  5.31181E-03,
NA,  1.00696E-03,  1.13088E-03,  1.26672E-03,  1.41542E-03,  1.57797E-03,  1.75537E-03,  1.94864E-03,  2.15879E-03,  2.38686E-03,  2.63388E-03,  2.90097E-03,  3.18934E-03,  3.50045E-03,  3.83620E-03,  4.19919E-03,  4.59321E-03,  5.02395E-03,  5.49994E-03,  6.03406E-03,  6.64550E-03,  7.36247E-03,  8.22554E-03,  9.29167E-03,NA,NA,NA,NA,NA,NA,NA,NA,NA,NA,NA,NA,NA,NA,NA,NA,NA,NA,NA,NA,NA,NA,NA,NA,NA,NA,NA,NA,NA,NA,NA,NA,NA,NA,NA,NA,NA,NA,NA,NA,NA,NA,NA,NA,NA,NA,NA,NA,NA,  1.82722E-02,  1.65669E-02,  1.50783E-02,  1.37729E-02,  1.26218E-02,  1.16013E-02,  1.06919E-02,  9.87770E-03,  9.14564E-03,  8.48508E-03,  7.88716E-03,  7.34445E-03,  6.85064E-03,  6.40033E-03,  5.98888E-03,  5.61222E-03,
NA,  1.46534E-03,  1.63327E-03,  1.81837E-03,  2.02228E-03,  2.24679E-03,  2.49376E-03,  2.76522E-03,  3.06325E-03,  3.39006E-03,  3.74793E-03,  4.13922E-03,  4.56639E-03,  5.03194E-03,  5.53851E-03,  6.08886E-03,  6.68608E-03,  7.33380E-03,  8.03681E-03,  8.80204E-03,  9.64020E-03,  1.05684E-02,NA,NA,NA,NA,NA,NA,NA,NA,NA,NA,NA,NA,NA,NA,NA,NA,NA,NA,NA,NA,NA,NA,NA,NA,NA,NA,NA,NA,NA,NA,NA,NA,NA,NA,NA,NA,NA,NA,NA,NA,NA,NA,NA,NA,NA,NA,NA,NA,NA,NA,NA,NA,  1.80898E-02,  1.63673E-02,  1.48742E-02,  1.35716E-02,  1.24276E-02,  1.14165E-02,  1.05176E-02,  9.71457E-03,  8.99383E-03,  8.34447E-03,  7.75745E-03,  7.22521E-03,  6.74138E-03,  6.30048E-03,  5.89785E-03,
  1.73606E-03,  1.92885E-03,  2.14221E-03,  2.37840E-03,  2.63989E-03,  2.92939E-03,  3.24987E-03,  3.60455E-03,  3.99695E-03,  4.43084E-03,  4.91024E-03,  5.43943E-03,  6.02282E-03,  6.66489E-03,  7.37001E-03,  8.14217E-03,  8.98469E-03,  9.89991E-03,  1.08890E-02,  1.19524E-02,NA,NA,NA,NA,NA,NA,NA,NA,NA,NA,NA,NA,NA,NA,NA,NA,NA,NA,NA,NA,NA,NA,NA,NA,NA,NA,NA,NA,NA,NA,NA,NA,NA,NA,NA,NA,NA,NA,NA,NA,NA,NA,NA,NA,NA,NA,NA,NA,NA,NA,NA,NA,NA,NA,NA,  1.76227E-02,  1.59364E-02,  1.44804E-02,  1.32132E-02,  1.21022E-02,  1.11213E-02,  1.02499E-02,  9.47180E-03,  8.77375E-03,  8.14504E-03,  7.57681E-03,  7.06167E-03,  6.59337E-03,  6.16660E-03,
  2.16042E-03,  2.39450E-03,  2.65441E-03,  2.94321E-03,  3.26433E-03,  3.62159E-03,  4.01927E-03,  4.46214E-03,  4.95551E-03,  5.50526E-03,  6.11787E-03,  6.80039E-03,  7.56035E-03,  8.40559E-03,  9.34386E-03,  1.03822E-02,  1.15262E-02,  1.27786E-02,NA,NA,NA,NA,NA,NA,NA,NA,NA,NA,NA,NA,NA,NA,NA,NA,NA,NA,NA,NA,NA,NA,NA,NA,NA,NA,NA,NA,NA,NA,NA,NA,NA,NA,NA,NA,NA,NA,NA,NA,NA,NA,NA,NA,NA,NA,NA,NA,NA,NA,NA,NA,NA,NA,NA,NA,NA,  1.88140E-02,  1.69359E-02,  1.53299E-02,  1.39441E-02,  1.27379E-02,  1.16795E-02,  1.07444E-02,  9.91314E-03,  9.17023E-03,  8.50328E-03,  7.90215E-03,  7.35847E-03,  6.86522E-03,  6.41650E-03,
  2.58325E-03,  2.85909E-03,  3.16629E-03,  3.50882E-03,  3.89121E-03,  4.31858E-03,  4.79679E-03,  5.33252E-03,  5.93338E-03,  6.60803E-03,  7.36628E-03,  8.21920E-03,  9.17901E-03,  1.02589E-02,  1.14727E-02,  1.28335E-02,  1.43525E-02,NA,NA,NA,NA,NA,NA,NA,NA,NA,NA,NA,NA,NA,NA,NA,NA,NA,NA,NA,NA,NA,NA,NA,NA,NA,NA,NA,NA,NA,NA,NA,NA,NA,NA,NA,NA,NA,NA,NA,NA,NA,NA,NA,NA,NA,NA,NA,NA,NA,NA,NA,NA,NA,NA,NA,NA,NA,NA,  1.99060E-02,  1.78464E-02,  1.61004E-02,  1.46051E-02,  1.33119E-02,  1.21834E-02,  1.11910E-02,  1.03122E-02,  9.52933E-03,  8.82844E-03,  8.19817E-03,  7.62923E-03,  7.11392E-03,  6.64577E-03,
  3.00153E-03,  3.31920E-03,  3.67399E-03,  4.07088E-03,  4.51563E-03,  5.01490E-03,  5.57640E-03,  6.20915E-03,  6.92361E-03,  7.73204E-03,  8.64873E-03,  9.69030E-03,  1.08758E-02,  1.22267E-02,  1.37664E-02,  1.55189E-02,NA,NA,NA,NA,NA,NA,NA,NA,NA,NA,NA,NA,NA,NA,NA,NA,NA,NA,NA,NA,NA,NA,NA,NA,NA,NA,NA,NA,NA,NA,NA,NA,NA,NA,NA,NA,NA,NA,NA,NA,NA,NA,NA,NA,NA,NA,NA,NA,NA,NA,NA,NA,NA,NA,NA,NA,NA,NA,NA,NA,  1.86406E-02,  1.67718E-02,  1.51812E-02,  1.38129E-02,  1.26244E-02,  1.15830E-02,  1.06637E-02,  9.84688E-03,  9.11717E-03,  8.46215E-03,  7.87173E-03,  7.33761E-03,  6.85285E-03,
  3.41211E-03,  3.77124E-03,  4.17338E-03,  4.62466E-03,  5.13220E-03,  5.70440E-03,  6.35114E-03,  7.08419E-03,  7.91754E-03,  8.86796E-03,  9.95556E-03,  1.12044E-02,  1.26431E-02,  1.43051E-02,  1.62285E-02,NA,NA,NA,NA,NA,NA,NA,NA,NA,NA,NA,NA,NA,NA,NA,NA,NA,NA,NA,NA,NA,NA,NA,NA,NA,NA,NA,NA,NA,NA,NA,NA,NA,NA,NA,NA,NA,NA,NA,NA,NA,NA,NA,NA,NA,NA,NA,NA,NA,NA,NA,NA,NA,NA,NA,NA,NA,NA,NA,NA,NA,  1.92922E-02,  1.73251E-02,  1.56587E-02,  1.42309E-02,  1.29947E-02,  1.19145E-02,  1.09631E-02,  1.01194E-02,  9.36667E-03,  8.69182E-03,  8.08410E-03,  7.53475E-03,  7.03646E-03,
  3.81176E-03,  4.21145E-03,  4.66013E-03,  5.16512E-03,  5.73505E-03,  6.38025E-03,  7.11307E-03,  7.94847E-03,  8.90464E-03,  1.00038E-02,  1.12735E-02,  1.27473E-02,  1.44667E-02,  1.64817E-02,NA,NA,NA,NA,NA,NA,NA,NA,NA,NA,NA,NA,NA,NA,NA,NA,NA,NA,NA,NA,NA,NA,NA,NA,NA,NA,NA,NA,NA,NA,NA,NA,NA,NA,NA,NA,NA,NA,NA,NA,NA,NA,NA,NA,NA,NA,NA,NA,NA,NA,NA,NA,NA,NA,NA,NA,NA,NA,NA,NA,NA,NA,  1.97792E-02,  1.77449E-02,  1.60264E-02,  1.45575E-02,  1.32883E-02,  1.21810E-02,  1.12070E-02,  1.03440E-02,  9.57478E-03,  8.88546E-03,  8.26496E-03,  7.70420E-03,  7.19565E-03,
  4.19719E-03,  4.63600E-03,  5.12974E-03,  5.68695E-03,  6.31792E-03,  7.03502E-03,  7.85335E-03,  8.79146E-03,  9.87237E-03,  1.11249E-02,  1.25852E-02,  1.42990E-02,  1.63241E-02,NA,NA,NA,NA,NA,NA,NA,NA,NA,NA,NA,NA,NA,NA,NA,NA,NA,NA,NA,NA,NA,NA,NA,NA,NA,NA,NA,NA,NA,NA,NA,NA,NA,NA,NA,NA,NA,NA,NA,NA,NA,NA,NA,NA,NA,NA,NA,NA,NA,NA,NA,NA,NA,NA,NA,NA,NA,NA,NA,NA,NA,NA,NA,  2.00861E-02,  1.80203E-02,  1.62767E-02,  1.47874E-02,  1.35012E-02,  1.23795E-02,  1.13931E-02,  1.05192E-02,  9.74014E-03,  9.04199E-03,  8.41344E-03,  7.84525E-03,  7.32983E-03,
  4.56515E-03,  5.04106E-03,  5.57763E-03,  6.18472E-03,  6.87424E-03,  7.66078E-03,  8.56234E-03,  9.60140E-03,  1.08063E-02,  1.22133E-02,  1.38687E-02,  1.58327E-02,  1.81829E-02,NA,NA,NA,NA,NA,NA,NA,NA,NA,NA,NA,NA,NA,NA,NA,NA,NA,NA,NA,NA,NA,NA,NA,NA,NA,NA,NA,NA,NA,NA,NA,NA,NA,NA,NA,NA,NA,NA,NA,NA,NA,NA,NA,NA,NA,NA,NA,NA,NA,NA,NA,NA,NA,NA,NA,NA,NA,NA,NA,NA,NA,NA,NA,  2.02062E-02,  1.81465E-02,  1.64062E-02,  1.49181E-02,  1.36317E-02,  1.25089E-02,  1.15205E-02,  1.06441E-02,  9.86227E-03,  9.16104E-03,  8.52922E-03,  7.95765E-03,  7.43876E-03,
  4.91247E-03,  5.42285E-03,  5.99931E-03,  6.65296E-03,  7.39738E-03,  8.24937E-03,  9.22992E-03,  1.03656E-02,  1.16905E-02,  1.32487E-02,  1.50981E-02,  1.73150E-02,NA,NA,NA,NA,NA,NA,NA,NA,NA,NA,NA,NA,NA,NA,NA,NA,NA,NA,NA,NA,NA,NA,NA,NA,NA,NA,NA,NA,NA,NA,NA,NA,NA,NA,NA,NA,NA,NA,NA,NA,NA,NA,NA,NA,NA,NA,NA,NA,NA,NA,NA,NA,NA,NA,NA,NA,NA,NA,NA,NA,NA,NA,NA,NA,  2.01421E-02,  1.81258E-02,  1.64166E-02,  1.49510E-02,  1.36810E-02,  1.25699E-02,  1.15899E-02,  1.07194E-02,  9.94161E-03,  9.24296E-03,  8.61259E-03,  8.04161E-03,  7.52264E-03,
  5.23619E-03,  5.77781E-03,  6.39044E-03,  7.08638E-03,  7.88079E-03,  8.79261E-03,  9.84576E-03,  1.10709E-02,  1.25078E-02,  1.42090E-02,  1.62441E-02,  1.87067E-02,NA,NA,NA,NA,NA,NA,NA,NA,NA,NA,NA,NA,NA,NA,NA,NA,NA,NA,NA,NA,NA,NA,NA,NA,NA,NA,NA,NA,NA,NA,NA,NA,NA,NA,NA,NA,NA,NA,NA,NA,NA,NA,NA,NA,NA,NA,NA,NA,NA,NA,NA,NA,NA,NA,NA,NA,NA,NA,NA,NA,NA,NA,NA,NA,  1.99060E-02,  1.79666E-02,  1.63142E-02,  1.48908E-02,  1.36524E-02,  1.25652E-02,  1.16034E-02,  1.07468E-02,  9.97948E-03,  9.28879E-03,  8.66440E-03,  8.09782E-03,  7.58200E-03,
  5.53361E-03,  6.10268E-03,  6.74705E-03,  7.48006E-03,  8.31833E-03,  9.28272E-03,  1.03999E-02,  1.17043E-02,  1.32412E-02,  1.50711E-02,  1.72753E-02,  1.99647E-02,NA,NA,NA,NA,NA,NA,NA,NA,NA,NA,NA,NA,NA,NA,NA,NA,NA,NA,NA,NA,NA,NA,NA,NA,NA,NA,NA,NA,NA,NA,NA,NA,NA,NA,NA,NA,NA,NA,NA,NA,NA,NA,NA,NA,NA,NA,NA,NA,NA,NA,NA,NA,NA,NA,NA,NA,NA,NA,NA,NA,NA,NA,NA,  2.16786E-02,  1.95180E-02,  1.76835E-02,  1.61094E-02,  1.47452E-02,  1.35519E-02,  1.24994E-02,  1.15645E-02,  1.07289E-02,  9.97804E-03,  9.30028E-03,  8.68603E-03,  8.12739E-03,  7.61775E-03,
  5.80237E-03,  6.39461E-03,  7.06562E-03,  7.82965E-03,  8.70449E-03,  9.71266E-03,  1.08831E-02,  1.22537E-02,  1.38744E-02,  1.58127E-02,  1.81607E-02,  2.10451E-02,NA,NA,NA,NA,NA,NA,NA,NA,NA,NA,NA,NA,NA,NA,NA,NA,NA,NA,NA,NA,NA,NA,NA,NA,NA,NA,NA,NA,NA,NA,NA,NA,NA,NA,NA,NA,NA,NA,NA,NA,NA,NA,NA,NA,NA,NA,NA,NA,NA,NA,NA,NA,NA,NA,NA,NA,NA,NA,NA,NA,NA,NA,NA,  2.09968E-02,  1.90039E-02,  1.72951E-02,  1.58161E-02,  1.45245E-02,  1.33872E-02,  1.23784E-02,  1.14778E-02,  1.06694E-02,  9.94018E-03,  9.27972E-03,  8.67934E-03,  8.13184E-03,  7.63113E-03,
  6.04058E-03,  6.65128E-03,  7.34332E-03,  8.13158E-03,  9.03474E-03,  1.00766E-02,  1.12878E-02,  1.27087E-02,  1.43932E-02,  1.64143E-02,  1.88724E-02,NA,NA,NA,NA,NA,NA,NA,NA,NA,NA,NA,NA,NA,NA,NA,NA,NA,NA,NA,NA,NA,NA,NA,NA,NA,NA,NA,NA,NA,NA,NA,NA,NA,NA,NA,NA,NA,NA,NA,NA,NA,NA,NA,NA,NA,NA,NA,NA,NA,NA,NA,NA,NA,NA,NA,NA,NA,NA,NA,NA,NA,NA,NA,NA,  2.02029E-02,  1.83927E-02,  1.68226E-02,  1.54499E-02,  1.42405E-02,  1.31674E-02,  1.22092E-02,  1.13488E-02,  1.05726E-02,  9.86934E-03,  9.22989E-03,  8.64658E-03,  8.11299E-03,  7.62363E-03,
  6.24684E-03,  6.87101E-03,  7.57805E-03,  8.38324E-03,  9.30575E-03,  1.03701E-02,  1.16081E-02,  1.30615E-02,  1.47868E-02,  1.68603E-02,  1.93882E-02,NA,NA,NA,NA,NA,NA,NA,NA,NA,NA,NA,NA,NA,NA,NA,NA,NA,NA,NA,NA,NA,NA,NA,NA,NA,NA,NA,NA,NA,NA,NA,NA,NA,NA,NA,NA,NA,NA,NA,NA,NA,NA,NA,NA,NA,NA,NA,NA,NA,NA,NA,NA,NA,NA,NA,NA,NA,NA,NA,NA,NA,NA,NA,  2.11950E-02,  1.93365E-02,  1.77137E-02,  1.62881E-02,  1.50275E-02,  1.39060E-02,  1.29023E-02,  1.19995E-02,  1.11836E-02,  1.04434E-02,  9.76941E-03,  9.15393E-03,  8.59031E-03,  8.07294E-03,  7.59697E-03,
  6.42033E-03,  7.05281E-03,  7.76862E-03,  8.58311E-03,  9.51558E-03,  1.05907E-02,  1.18406E-02,  1.33076E-02,  1.50486E-02,  1.71414E-02,  1.96939E-02,NA,NA,NA,NA,NA,NA,NA,NA,NA,NA,NA,NA,NA,NA,NA,NA,NA,NA,NA,NA,NA,NA,NA,NA,NA,NA,NA,NA,NA,NA,NA,NA,NA,NA,NA,NA,NA,NA,NA,NA,NA,NA,NA,NA,NA,NA,NA,NA,NA,NA,NA,NA,NA,NA,NA,NA,NA,NA,NA,NA,NA,NA,NA,  2.00574E-02,  1.84342E-02,  1.69947E-02,  1.57127E-02,  1.45653E-02,  1.35337E-02,  1.26020E-02,  1.17572E-02,  1.09885E-02,  1.02868E-02,  9.64450E-03,  9.05519E-03,  8.51327E-03,  8.01395E-03,  7.55303E-03,
  6.56082E-03,  7.19642E-03,  7.91473E-03,  8.73087E-03,  9.66383E-03,  1.07379E-02,  1.19847E-02,  1.34457E-02,  1.51771E-02,  1.72551E-02,  1.97859E-02,NA,NA,NA,NA,NA,NA,NA,NA,NA,NA,NA,NA,NA,NA,NA,NA,NA,NA,NA,NA,NA,NA,NA,NA,NA,NA,NA,NA,NA,NA,NA,NA,NA,NA,NA,NA,NA,NA,NA,NA,NA,NA,NA,NA,NA,NA,NA,NA,NA,NA,NA,NA,NA,NA,NA,NA,NA,NA,NA,NA,NA,NA,  2.04946E-02,  1.89323E-02,  1.75267E-02,  1.62600E-02,  1.51156E-02,  1.40785E-02,  1.31357E-02,  1.22760E-02,  1.14901E-02,  1.07697E-02,  1.01079E-02,  9.49879E-03,  8.93710E-03,  8.41830E-03,  7.93837E-03,  7.49377E-03,
  6.66865E-03,  7.30233E-03,  8.01705E-03,  8.82740E-03,  9.75168E-03,  1.08132E-02,  1.20423E-02,  1.34787E-02,  1.51758E-02,  1.72064E-02,  1.96707E-02,NA,NA,NA,NA,NA,NA,NA,NA,NA,NA,NA,NA,NA,NA,NA,NA,NA,NA,NA,NA,NA,NA,NA,NA,NA,NA,NA,NA,NA,NA,NA,NA,NA,NA,NA,NA,NA,NA,NA,NA,NA,NA,NA,NA,NA,NA,NA,NA,NA,NA,NA,NA,NA,NA,NA,NA,NA,NA,NA,NA,NA,  2.06106E-02,  1.91708E-02,  1.78493E-02,  1.66386E-02,  1.55297E-02,  1.45133E-02,  1.35804E-02,  1.27229E-02,  1.19334E-02,  1.12055E-02,  1.05333E-02,  9.91176E-03,  9.33638E-03,  8.80309E-03,  8.30825E-03,  7.84860E-03,  7.42120E-03,
  6.74477E-03,  7.37175E-03,  8.07714E-03,  8.87473E-03,  9.78176E-03,  1.08202E-02,  1.20182E-02,  1.34128E-02,  1.50534E-02,  1.70070E-02,  1.93651E-02,  2.22553E-02,NA,NA,NA,NA,NA,NA,NA,NA,NA,NA,NA,NA,NA,NA,NA,NA,NA,NA,NA,NA,NA,NA,NA,NA,NA,NA,NA,NA,NA,NA,NA,NA,NA,NA,NA,NA,NA,NA,NA,NA,NA,NA,NA,NA,NA,NA,NA,NA,NA,NA,NA,NA,NA,NA,NA,NA,NA,NA,NA,  2.04043E-02,  1.91373E-02,  1.79447E-02,  1.68286E-02,  1.57879E-02,  1.48194E-02,  1.39190E-02,  1.30823E-02,  1.23048E-02,  1.15820E-02,  1.09100E-02,  1.02848E-02,  9.70296E-03,  9.16118E-03,  8.65643E-03,  8.18589E-03,  7.74698E-03,  7.33731E-03,
  6.79062E-03,  7.40654E-03,  8.09738E-03,  8.87591E-03,  9.75807E-03,  1.07639E-02,  1.19192E-02,  1.32573E-02,  1.48226E-02,  1.66746E-02,  1.88943E-02,  2.15929E-02,NA,NA,NA,NA,NA,NA,NA,NA,NA,NA,NA,NA,NA,NA,NA,NA,NA,NA,NA,NA,NA,NA,NA,NA,NA,NA,NA,NA,NA,NA,NA,NA,NA,NA,NA,NA,NA,NA,NA,NA,NA,NA,NA,NA,NA,NA,NA,NA,NA,NA,NA,NA,NA,NA,NA,NA,NA,NA,  1.99167E-02,  1.88509E-02,  1.78182E-02,  1.68270E-02,  1.58824E-02,  1.49866E-02,  1.41404E-02,  1.33430E-02,  1.25932E-02,  1.18891E-02,  1.12286E-02,  1.06094E-02,  1.00292E-02,  9.48572E-03,  8.97679E-03,  8.50020E-03,  8.05384E-03,  7.63574E-03,  7.24401E-03,
  6.80812E-03,  7.40910E-03,  8.08082E-03,  8.83488E-03,  9.68565E-03,  1.06511E-02,  1.17540E-02,  1.30238E-02,  1.44991E-02,  1.62311E-02,  1.82887E-02,  2.07656E-02,NA,NA,NA,NA,NA,NA,NA,NA,NA,NA,NA,NA,NA,NA,NA,NA,NA,NA,NA,NA,NA,NA,NA,NA,NA,NA,NA,NA,NA,NA,NA,NA,NA,NA,NA,NA,NA,NA,NA,NA,NA,NA,NA,NA,NA,NA,NA,NA,NA,NA,NA,NA,NA,NA,NA,NA,  2.00794E-02,  1.92263E-02,  1.83630E-02,  1.75012E-02,  1.66510E-02,  1.58206E-02,  1.50161E-02,  1.42417E-02,  1.35000E-02,  1.27926E-02,  1.21200E-02,  1.14822E-02,  1.08787E-02,  1.03085E-02,  9.77068E-03,  9.26378E-03,  8.78644E-03,  8.33718E-03,  7.91452E-03,  7.51698E-03,  7.14311E-03,
  6.79954E-03,  7.38229E-03,  8.03106E-03,  8.75620E-03,  9.57037E-03,  1.04893E-02,  1.15326E-02,  1.27255E-02,  1.41006E-02,  1.57005E-02,  1.75818E-02,  1.98204E-02,NA,NA,NA,NA,NA,NA,NA,NA,NA,NA,NA,NA,NA,NA,NA,NA,NA,NA,NA,NA,NA,NA,NA,NA,NA,NA,NA,NA,NA,NA,NA,NA,NA,NA,NA,NA,NA,NA,NA,NA,NA,NA,NA,NA,NA,NA,NA,NA,NA,NA,NA,NA,NA,NA,  1.97406E-02,  1.90996E-02,  1.84352E-02,  1.77491E-02,  1.70472E-02,  1.63371E-02,  1.56265E-02,  1.49224E-02,  1.42307E-02,  1.35562E-02,  1.29026E-02,  1.22724E-02,  1.16673E-02,  1.10886E-02,  1.05366E-02,  1.00115E-02,  9.51292E-03,  9.04032E-03,  8.59294E-03,  8.16988E-03,  7.77012E-03,  7.39262E-03,NA,
  6.76742E-03,  7.32926E-03,  7.95206E-03,  8.64485E-03,  9.41855E-03,  1.02866E-02,  1.12655E-02,  1.23762E-02,  1.36453E-02,  1.51072E-02,  1.68068E-02,  1.88031E-02,  2.11736E-02,NA,NA,NA,NA,NA,NA,NA,NA,NA,NA,NA,NA,NA,NA,NA,NA,NA,NA,NA,NA,NA,NA,NA,NA,NA,NA,NA,NA,NA,NA,NA,NA,NA,NA,NA,NA,NA,NA,NA,NA,NA,NA,NA,NA,NA,NA,NA,NA,NA,NA,NA,  1.92736E-02,  1.87244E-02,  1.81901E-02,  1.76507E-02,  1.70965E-02,  1.65248E-02,  1.59371E-02,  1.53377E-02,  1.47320E-02,  1.41255E-02,  1.35234E-02,  1.29302E-02,  1.23498E-02,  1.17851E-02,  1.12385E-02,  1.07116E-02,  1.02057E-02,  9.72133E-03,  9.25877E-03,  8.81799E-03,  8.39871E-03,  8.00043E-03,  7.62256E-03,  7.26436E-03,NA,
  6.71448E-03,  7.25337E-03,  7.84797E-03,  8.50600E-03,  9.23670E-03,  1.00512E-02,  1.09631E-02,  1.19892E-02,  1.31507E-02,  1.44744E-02,  1.59944E-02,  1.77549E-02,  1.98127E-02,NA,NA,NA,NA,NA,NA,NA,NA,NA,NA,NA,NA,NA,NA,NA,NA,NA,NA,NA,NA,NA,NA,NA,NA,NA,NA,NA,NA,NA,NA,NA,NA,NA,NA,NA,NA,NA,NA,NA,NA,NA,NA,NA,NA,NA,NA,NA,NA,NA,NA,  1.85388E-02,  1.79672E-02,  1.74548E-02,  1.69697E-02,  1.64909E-02,  1.60063E-02,  1.55103E-02,  1.50015E-02,  1.44814E-02,  1.39534E-02,  1.34213E-02,  1.28894E-02,  1.23616E-02,  1.18413E-02,  1.13317E-02,  1.08351E-02,  1.03534E-02,  9.88818E-03,  9.44032E-03,  9.01047E-03,  8.59892E-03,  8.20571E-03,  7.83068E-03,  7.47350E-03,NA,NA,
  6.64350E-03,  7.15802E-03,  7.72297E-03,  8.34482E-03,  9.03119E-03,  9.79112E-03,  1.06355E-02,  1.15774E-02,  1.26331E-02,  1.38226E-02,  1.51712E-02,  1.67103E-02,  1.84797E-02,  2.05288E-02,NA,NA,NA,NA,NA,NA,NA,NA,NA,NA,NA,NA,NA,NA,NA,NA,NA,NA,NA,NA,NA,NA,NA,NA,NA,NA,NA,NA,NA,NA,NA,NA,NA,NA,NA,NA,NA,NA,NA,NA,NA,NA,NA,NA,NA,NA,NA,NA,  1.82234E-02,  1.75410E-02,  1.69710E-02,  1.64699E-02,  1.60066E-02,  1.55599E-02,  1.51163E-02,  1.46682E-02,  1.42121E-02,  1.37476E-02,  1.32761E-02,  1.28001E-02,  1.23227E-02,  1.18468E-02,  1.13757E-02,  1.09119E-02,  1.04577E-02,  1.00151E-02,  9.58548E-03,  9.17009E-03,  8.76968E-03,  8.38474E-03,  8.01553E-03,  7.66211E-03,  7.32434E-03,NA,NA,
  6.55727E-03,  7.04656E-03,  7.58111E-03,  8.16625E-03,  8.80809E-03,  9.51379E-03,  1.02917E-02,  1.11519E-02,  1.21063E-02,  1.31694E-02,  1.43588E-02,  1.56961E-02,  1.72076E-02,  1.89251E-02,  2.08860E-02,NA,NA,NA,NA,NA,NA,NA,NA,NA,NA,NA,NA,NA,NA,NA,NA,NA,NA,NA,NA,NA,NA,NA,NA,NA,NA,NA,NA,NA,NA,NA,NA,NA,NA,NA,NA,NA,NA,NA,NA,NA,NA,NA,NA,NA,NA,  1.83809E-02,  1.75000E-02,  1.67956E-02,  1.62106E-02,  1.57033E-02,  1.52432E-02,  1.48090E-02,  1.43864E-02,  1.39665E-02,  1.35442E-02,  1.31176E-02,  1.26865E-02,  1.22522E-02,  1.18165E-02,  1.13818E-02,  1.09504E-02,  1.05244E-02,  1.01060E-02,  9.69686E-03,  9.29835E-03,  8.91163E-03,  8.53754E-03,  8.17667E-03,  7.82940E-03,  7.49591E-03,NA,NA,NA,
  6.45847E-03,  6.92219E-03,  7.42624E-03,  7.97488E-03,  8.57291E-03,  9.22584E-03,  9.93995E-03,  1.07225E-02,  1.15821E-02,  1.25285E-02,  1.35736E-02,  1.47313E-02,  1.60180E-02,  1.74526E-02,  1.90567E-02,NA,NA,NA,NA,NA,NA,NA,NA,NA,NA,NA,NA,NA,NA,NA,NA,NA,NA,NA,NA,NA,NA,NA,NA,NA,NA,NA,NA,NA,NA,NA,NA,NA,NA,NA,NA,NA,NA,NA,NA,NA,NA,NA,NA,NA,NA,  1.78988E-02,  1.69774E-02,  1.62393E-02,  1.56283E-02,  1.51032E-02,  1.46340E-02,  1.41992E-02,  1.37839E-02,  1.33784E-02,  1.29764E-02,  1.25746E-02,  1.21719E-02,  1.17681E-02,  1.13643E-02,  1.09618E-02,  1.05624E-02,  1.01676E-02,  9.77921E-03,  9.39858E-03,  9.02698E-03,  8.66543E-03,  8.31475E-03,  7.97554E-03,  7.64821E-03,  7.33301E-03,NA,NA,NA,
  6.34962E-03,  6.78791E-03,  7.26188E-03,  7.77486E-03,  8.33055E-03,  8.93302E-03,  9.58684E-03,  1.02971E-02,  1.10694E-02,  1.19104E-02,  1.28272E-02,  1.38283E-02,  1.49228E-02,  1.61212E-02,  1.74343E-02,  1.88731E-02,NA,NA,NA,NA,NA,NA,NA,NA,NA,NA,NA,NA,NA,NA,NA,NA,NA,NA,NA,NA,NA,NA,NA,NA,NA,NA,NA,NA,NA,NA,NA,NA,NA,NA,NA,NA,NA,NA,NA,NA,NA,NA,NA,NA,  1.88090E-02,  1.75705E-02,  1.66009E-02,  1.58224E-02,  1.51788E-02,  1.46290E-02,  1.41430E-02,  1.36992E-02,  1.32823E-02,  1.28817E-02,  1.24905E-02,  1.21043E-02,  1.17208E-02,  1.13392E-02,  1.09594E-02,  1.05821E-02,  1.02083E-02,  9.83915E-03,  9.47583E-03,  9.11948E-03,  8.77112E-03,  8.43161E-03,  8.10167E-03,  7.78185E-03,  7.47256E-03,NA,NA,NA,NA,
  6.23307E-03,  6.64641E-03,  7.09115E-03,  7.56983E-03,  8.08520E-03,  8.64017E-03,  9.23788E-03,  9.88169E-03,  1.05752E-02,  1.13222E-02,  1.21268E-02,  1.29934E-02,  1.39265E-02,  1.49308E-02,  1.60106E-02,  1.71699E-02,  1.84112E-02,  1.97351E-02,NA,NA,NA,NA,NA,NA,NA,NA,NA,NA,NA,NA,NA,NA,NA,NA,NA,NA,NA,NA,NA,NA,NA,NA,NA,NA,NA,NA,NA,NA,NA,NA,NA,NA,NA,NA,NA,NA,NA,NA,NA,NA,  1.86433E-02,  1.73461E-02,  1.63262E-02,  1.55051E-02,  1.48262E-02,  1.42483E-02,  1.37414E-02,  1.32838E-02,  1.28597E-02,  1.24580E-02,  1.20711E-02,  1.16939E-02,  1.13233E-02,  1.09575E-02,  1.05957E-02,  1.02380E-02,  9.88479E-03,  9.53660E-03,  9.19424E-03,  8.85852E-03,  8.53019E-03,  8.20993E-03,  7.89832E-03,  7.59583E-03,  7.30283E-03,NA,NA,NA,NA,
  6.11089E-03,  6.50009E-03,  6.91679E-03,  7.36289E-03,  7.84034E-03,  8.35114E-03,  8.89733E-03,  9.48094E-03,  1.01040E-02,  1.07685E-02,  1.14762E-02,  1.22289E-02,  1.30281E-02,  1.38750E-02,  1.47703E-02,  1.57139E-02,  1.67052E-02,  1.77421E-02,  1.88216E-02,NA,NA,NA,NA,NA,NA,NA,NA,NA,NA,NA,NA,NA,NA,NA,NA,NA,NA,NA,NA,NA,NA,NA,NA,NA,NA,NA,NA,NA,NA,NA,NA,NA,NA,NA,NA,NA,NA,NA,NA,  2.02771E-02,  1.85335E-02,  1.71834E-02,  1.61168E-02,  1.52552E-02,  1.45417E-02,  1.39354E-02,  1.34064E-02,  1.29327E-02,  1.24984E-02,  1.20920E-02,  1.17053E-02,  1.13327E-02,  1.09703E-02,  1.06157E-02,  1.02676E-02,  9.92517E-03,  9.58841E-03,  9.25744E-03,  8.93263E-03,  8.61445E-03,  8.30340E-03,  7.99995E-03,  7.70453E-03,  7.41751E-03,NA,NA,NA,NA,NA,
  5.98496E-03,  6.35102E-03,  6.74112E-03,  7.15659E-03,  7.59877E-03,  8.06894E-03,  8.56830E-03,  9.09792E-03,  9.65872E-03,  1.02514E-02,  1.08763E-02,  1.15335E-02,  1.22228E-02,  1.29433E-02,  1.36938E-02,  1.44727E-02,  1.52778E-02,  1.61067E-02,  1.69573E-02,  1.78287E-02,  1.87229E-02,NA,NA,NA,NA,NA,NA,NA,NA,NA,NA,NA,NA,NA,NA,NA,NA,NA,NA,NA,NA,NA,NA,NA,NA,NA,NA,NA,NA,NA,NA,NA,NA,NA,NA,NA,NA,NA,NA,  2.02227E-02,  1.84384E-02,  1.70479E-02,  1.59430E-02,  1.50462E-02,  1.43019E-02,  1.36694E-02,  1.31191E-02,  1.26293E-02,  1.21838E-02,  1.17710E-02,  1.13823E-02,  1.10115E-02,  1.06542E-02,  1.03076E-02,  9.96969E-03,  9.63933E-03,  9.31590E-03,  8.99916E-03,  8.68910E-03,  8.38590E-03,  8.08979E-03,  7.80104E-03,  7.51994E-03,NA,NA,NA,NA,NA,NA,
  5.85686E-03,  6.20098E-03,  6.56605E-03,  6.95299E-03,  7.36265E-03,  7.79577E-03,  8.25293E-03,  8.73455E-03,  9.24076E-03,  9.77143E-03,  1.03261E-02,  1.09038E-02,  1.15034E-02,  1.21232E-02,  1.27610E-02,  1.34147E-02,  1.40820E-02,  1.47609E-02,  1.54505E-02,  1.61519E-02,  1.68697E-02,  1.76144E-02,NA,NA,NA,NA,NA,NA,NA,NA,NA,NA,NA,NA,NA,NA,NA,NA,NA,NA,NA,NA,NA,NA,NA,NA,NA,NA,NA,NA,NA,NA,NA,NA,NA,NA,NA,NA,NA,  2.01255E-02,  1.83258E-02,  1.69120E-02,  1.57806E-02,  1.48572E-02,  1.40880E-02,  1.34334E-02,  1.28647E-02,  1.23602E-02,  1.19041E-02,  1.14846E-02,  1.10928E-02,  1.07222E-02,  1.03682E-02,  1.00274E-02,  9.69744E-03,  9.37670E-03,  9.06420E-03,  8.75933E-03,  8.46178E-03,  8.17144E-03,  7.88831E-03,  7.61248E-03,NA,NA,NA,NA,NA,NA,NA,
  5.72795E-03,  6.05141E-03,  6.39312E-03,  6.75367E-03,  7.13356E-03,  7.53313E-03,  7.95254E-03,  8.39174E-03,  8.85040E-03,  9.32790E-03,  9.82327E-03,  1.03352E-02,  1.08620E-02,  1.14016E-02,  1.19520E-02,  1.25109E-02,  1.30763E-02,  1.36472E-02,  1.42237E-02,  1.48083E-02,  1.54073E-02,  1.60318E-02,NA,NA,NA,NA,NA,NA,NA,NA,NA,NA,NA,NA,NA,NA,NA,NA,NA,NA,NA,NA,NA,NA,NA,NA,NA,NA,NA,NA,NA,NA,NA,NA,NA,NA,NA,NA,NA,  1.99594E-02,  1.81724E-02,  1.67551E-02,  1.56114E-02,  1.46718E-02,  1.38853E-02,  1.32143E-02,  1.26310E-02,  1.21146E-02,  1.16495E-02,  1.12240E-02,  1.08292E-02,  1.04584E-02,  1.01066E-02,  9.77030E-03,  9.44666E-03,  9.13383E-03,  8.83046E-03,  8.53565E-03,  8.24883E-03,  7.96964E-03,  7.69788E-03,  7.43347E-03,NA,NA,NA,NA,NA,NA,NA,
  5.59934E-03,  5.90346E-03,  6.22351E-03,  6.55981E-03,  6.91261E-03,  7.28196E-03,  7.66775E-03,  8.06966E-03,  8.48708E-03,  8.91914E-03,  9.36467E-03,  9.82220E-03,  1.02900E-02,  1.07661E-02,  1.12486E-02,  1.17356E-02,  1.22258E-02,  1.27188E-02,  1.32156E-02,  1.37199E-02,  1.42383E-02,  1.47821E-02,  1.53687E-02,NA,NA,NA,NA,NA,NA,NA,NA,NA,NA,NA,NA,NA,NA,NA,NA,NA,NA,NA,NA,NA,NA,NA,NA,NA,NA,NA,NA,NA,NA,NA,NA,NA,NA,NA,NA,  1.97105E-02,  1.79637E-02,  1.65631E-02,  1.54223E-02,  1.44778E-02,  1.36825E-02,  1.30015E-02,  1.24085E-02,  1.18837E-02,  1.14121E-02,  1.09821E-02,  1.05851E-02,  1.02142E-02,  9.86449E-03,  9.53194E-03,  9.21370E-03,  8.90761E-03,  8.61209E-03,  8.32600E-03,  8.04853E-03,  7.77913E-03,  7.51743E-03,NA,NA,NA,NA,NA,NA,NA,NA,
NA,  5.75807E-03,  6.05811E-03,  6.37223E-03,  6.70047E-03,  7.04272E-03,  7.39870E-03,  7.76792E-03,  8.14965E-03,  8.54295E-03,  8.94662E-03,  9.35922E-03,  9.77916E-03,  1.02048E-02,  1.06344E-02,  1.10668E-02,  1.15011E-02,  1.19376E-02,  1.23782E-02,  1.28267E-02,  1.32901E-02,  1.37792E-02,  1.43098E-02,  1.49037E-02,NA,NA,NA,NA,NA,NA,NA,NA,NA,NA,NA,NA,NA,NA,NA,NA,NA,NA,NA,NA,NA,NA,NA,NA,NA,NA,NA,NA,NA,NA,NA,NA,NA,NA,  2.14740E-02,  1.93750E-02,  1.76931E-02,  1.63281E-02,  1.52047E-02,  1.42667E-02,  1.34715E-02,  1.27874E-02,  1.21900E-02,  1.16609E-02,  1.11856E-02,  1.07533E-02,  1.03553E-02,  9.98516E-03,  9.63759E-03,  9.30867E-03,  8.99535E-03,  8.69530E-03,  8.40676E-03,  8.12841E-03,  7.85926E-03,  7.59859E-03,NA,NA,NA,NA,NA,NA,NA,NA,NA,
NA,  5.61589E-03,  5.89754E-03,  6.19144E-03,  6.49750E-03,  6.81551E-03,  7.14509E-03,  7.48570E-03,  7.83659E-03,  8.19683E-03,  8.56529E-03,  8.94072E-03,  9.32175E-03,  9.70702E-03,  1.00953E-02,  1.04858E-02,  1.08783E-02,  1.12736E-02,  1.16739E-02,  1.20834E-02,  1.25088E-02,  1.29602E-02,  1.34517E-02,  1.40026E-02,  1.46382E-02,  1.53914E-02,NA,NA,NA,NA,NA,NA,NA,NA,NA,NA,NA,NA,NA,NA,NA,NA,NA,NA,NA,NA,NA,NA,NA,NA,NA,NA,NA,NA,NA,NA,NA,NA,  2.09220E-02,  1.89575E-02,  1.73603E-02,  1.60471E-02,  1.49544E-02,  1.40334E-02,  1.32470E-02,  1.25666E-02,  1.19702E-02,  1.14408E-02,  1.09652E-02,  1.05329E-02,  1.01357E-02,  9.76727E-03,  9.42249E-03,  9.09740E-03,  8.78889E-03,  8.49452E-03,  8.21242E-03,  7.94114E-03,  7.67954E-03,NA,NA,NA,NA,NA,NA,NA,NA,NA,NA,
NA,NA,  5.74222E-03,  6.01771E-03,  6.30377E-03,  6.60012E-03,  6.90636E-03,  7.22193E-03,  7.54614E-03,  7.87812E-03,  8.21691E-03,  8.56145E-03,  8.91065E-03,  9.26349E-03,  9.61917E-03,  9.97730E-03,  1.03381E-02,  1.07028E-02,  1.10738E-02,  1.14553E-02,  1.18538E-02,  1.22785E-02,  1.27419E-02,  1.32609E-02,  1.38572E-02,  1.45591E-02,  1.54025E-02,NA,NA,NA,NA,NA,NA,NA,NA,NA,NA,NA,NA,NA,NA,NA,NA,NA,NA,NA,NA,NA,NA,NA,NA,NA,NA,NA,NA,NA,NA,  2.24992E-02,  2.02833E-02,  1.84682E-02,  1.69698E-02,  1.57213E-02,  1.46703E-02,  1.37757E-02,  1.30058E-02,  1.23355E-02,  1.17453E-02,  1.12200E-02,  1.07472E-02,  1.03174E-02,  9.92285E-03,  9.55745E-03,  9.21631E-03,  8.89552E-03,  8.59197E-03,  8.30320E-03,  8.02726E-03,  7.76261E-03,NA,NA,NA,NA,NA,NA,NA,NA,NA,NA,NA,
NA,NA,  5.59236E-03,  5.85114E-03,  6.11917E-03,  6.39618E-03,  6.68175E-03,  6.97538E-03,  7.27644E-03,  7.58420E-03,  7.89786E-03,  8.21656E-03,  8.53951E-03,  8.86601E-03,  9.19561E-03,  9.52829E-03,  9.86462E-03,  1.02060E-02,  1.05552E-02,  1.09161E-02,  1.12949E-02,  1.16997E-02,  1.21419E-02,  1.26359E-02,  1.32006E-02,  1.38597E-02,  1.46436E-02,  1.55906E-02,  1.67494E-02,NA,NA,NA,NA,NA,NA,NA,NA,NA,NA,NA,NA,NA,NA,NA,NA,NA,NA,NA,NA,NA,NA,NA,NA,NA,NA,NA,NA,  2.15696E-02,  1.95790E-02,  1.79202E-02,  1.65295E-02,  1.53547E-02,  1.43540E-02,  1.34936E-02,  1.27468E-02,  1.20923E-02,  1.15132E-02,  1.09957E-02,  1.05290E-02,  1.01042E-02,  9.71419E-03,  9.35327E-03,  9.01677E-03,  8.70091E-03,  8.40267E-03,  8.11960E-03,  7.84972E-03,NA,NA,NA,NA,NA,NA,NA,NA,NA,NA,NA,NA,
NA,NA,NA,  5.69164E-03,  5.94343E-03,  6.20313E-03,  6.47039E-03,  6.74473E-03,  7.02565E-03,  7.31252E-03,  7.60474E-03,  7.90166E-03,  8.20274E-03,  8.50755E-03,  8.81596E-03,  9.12823E-03,  9.44518E-03,  9.76844E-03,  1.01006E-02,  1.04457E-02,  1.08091E-02,  1.11984E-02,  1.16233E-02,  1.20965E-02,  1.26339E-02,  1.32558E-02,  1.39871E-02,  1.48593E-02,  1.59114E-02,  1.71915E-02,  1.87578E-02,NA,NA,NA,NA,NA,NA,NA,NA,NA,NA,NA,NA,NA,NA,NA,NA,NA,NA,NA,NA,NA,NA,NA,NA,NA,  2.26985E-02,  2.06029E-02,  1.88306E-02,  1.73280E-02,  1.60487E-02,  1.49532E-02,  1.40088E-02,  1.31885E-02,  1.24704E-02,  1.18366E-02,  1.12726E-02,  1.07666E-02,  1.03088E-02,  9.89142E-03,  9.50786E-03,  9.15284E-03,  8.82203E-03,  8.51184E-03,  8.21938E-03,  7.94224E-03,NA,NA,NA,NA,NA,NA,NA,NA,NA,NA,NA,NA,NA,
NA,NA,NA,NA,  5.77617E-03,  6.02037E-03,  6.27133E-03,  6.52866E-03,  6.79194E-03,  7.06070E-03,  7.33448E-03,  7.61284E-03,  7.89544E-03,  8.18211E-03,  8.47296E-03,  8.76845E-03,  9.06960E-03,  9.37809E-03,  9.69652E-03,  1.00286E-02,  1.03793E-02,  1.07553E-02,  1.11651E-02,  1.16197E-02,  1.21325E-02,  1.27203E-02,  1.34037E-02,  1.42081E-02,  1.51640E-02,  1.63083E-02,  1.76840E-02,  1.93398E-02,NA,NA,NA,NA,NA,NA,NA,NA,NA,NA,NA,NA,NA,NA,NA,NA,NA,NA,NA,NA,NA,NA,NA,  2.35531E-02,  2.14441E-02,  1.96245E-02,  1.80570E-02,  1.67057E-02,  1.55375E-02,  1.45237E-02,  1.36392E-02,  1.28632E-02,  1.21779E-02,  1.15688E-02,  1.10235E-02,  1.05320E-02,  1.00858E-02,  9.67790E-03,  9.30250E-03,  8.95478E-03,  8.63071E-03,  8.32697E-03,  8.04080E-03,  7.76992E-03,NA,NA,NA,NA,NA,NA,NA,NA,NA,NA,NA,NA,NA,
NA,NA,NA,NA,  5.61694E-03,  5.84721E-03,  6.08362E-03,  6.32587E-03,  6.57362E-03,  6.82654E-03,  7.08430E-03,  7.34664E-03,  7.61341E-03,  7.88462E-03,  8.16057E-03,  8.44188E-03,  8.72967E-03,  9.02564E-03,  9.33229E-03,  9.65303E-03,  9.99239E-03,  1.03562E-02,  1.07520E-02,  1.11888E-02,  1.16782E-02,  1.22340E-02,  1.28728E-02,  1.36147E-02,  1.44834E-02,  1.55063E-02,  1.67146E-02,  1.81418E-02,  1.98219E-02,NA,NA,NA,NA,NA,NA,NA,NA,NA,NA,NA,NA,NA,NA,NA,NA,NA,NA,NA,NA,NA,  2.40400E-02,  2.20173E-02,  2.02279E-02,  1.86544E-02,  1.72747E-02,  1.60659E-02,  1.50056E-02,  1.40732E-02,  1.32504E-02,  1.25212E-02,  1.18717E-02,  1.12901E-02,  1.07663E-02,  1.02918E-02,  9.85941E-03,  9.46294E-03,  9.09729E-03,  8.75812E-03,  8.44180E-03,  8.14526E-03,  7.86594E-03,NA,NA,NA,NA,NA,NA,NA,NA,NA,NA,NA,NA,NA,NA,
NA,NA,NA,NA,NA,  5.68296E-03,  5.90633E-03,  6.13512E-03,  6.36909E-03,  6.60803E-03,  6.85172E-03,  7.10006E-03,  7.35303E-03,  7.61081E-03,  7.87381E-03,  8.14276E-03,  8.41884E-03,  8.70372E-03,  8.99974E-03,  9.31002E-03,  9.63862E-03,  9.99064E-03,  1.03725E-02,  1.07919E-02,  1.12585E-02,  1.17834E-02,  1.23800E-02,  1.30640E-02,  1.38533E-02,  1.47680E-02,  1.58300E-02,  1.70619E-02,  1.84845E-02,  2.01144E-02,NA,NA,NA,NA,NA,NA,NA,NA,NA,NA,NA,NA,NA,NA,NA,NA,NA,NA,NA,  2.41086E-02,  2.22631E-02,  2.05814E-02,  1.90651E-02,  1.77073E-02,  1.64967E-02,  1.54197E-02,  1.44617E-02,  1.36087E-02,  1.28475E-02,  1.21663E-02,  1.15544E-02,  1.10024E-02,  1.05022E-02,  1.00467E-02,  9.62978E-03,  9.24631E-03,  8.89174E-03,  8.56226E-03,  8.25460E-03,  7.96597E-03,NA,NA,NA,NA,NA,NA,NA,NA,NA,NA,NA,NA,NA,NA,NA,
NA,NA,NA,NA,NA,NA,  5.73855E-03,  5.95525E-03,  6.17691E-03,  6.40338E-03,  6.63458E-03,  6.87049E-03,  7.11124E-03,  7.35709E-03,  7.60856E-03,  7.86643E-03,  8.13188E-03,  8.40651E-03,  8.69251E-03,  8.99269E-03,  9.31061E-03,  9.65074E-03,  1.00185E-02,  1.04204E-02,  1.08643E-02,  1.13592E-02,  1.19156E-02,  1.25457E-02,  1.32627E-02,  1.40811E-02,  1.50159E-02,  1.60815E-02,  1.72902E-02,  1.86497E-02,  2.01600E-02,NA,NA,NA,NA,NA,NA,NA,NA,NA,NA,NA,NA,NA,NA,NA,NA,NA,  2.37597E-02,  2.21591E-02,  2.06504E-02,  1.92498E-02,  1.79641E-02,  1.67934E-02,  1.57331E-02,  1.47761E-02,  1.39136E-02,  1.31364E-02,  1.24356E-02,  1.18023E-02,  1.12287E-02,  1.07075E-02,  1.02323E-02,  9.79723E-03,  9.39730E-03,  9.02809E-03,  8.68573E-03,  8.36688E-03,  8.06866E-03,  7.78858E-03,NA,NA,NA,NA,NA,NA,NA,NA,NA,NA,NA,NA,NA,NA,NA,
NA,NA,NA,NA,NA,NA,  5.57943E-03,  5.78521E-03,  5.99575E-03,  6.21100E-03,  6.43096E-03,  6.65570E-03,  6.88543E-03,  7.12049E-03,  7.36145E-03,  7.60912E-03,  7.86463E-03,  8.12951E-03,  8.40574E-03,  8.69584E-03,  9.00293E-03,  9.33082E-03,  9.68411E-03,  1.00682E-02,  1.04894E-02,  1.09550E-02,  1.14732E-02,  1.20531E-02,  1.27043E-02,  1.34371E-02,  1.42614E-02,  1.51860E-02,  1.62173E-02,  1.73576E-02,  1.86031E-02,  1.99413E-02,  2.13495E-02,NA,NA,NA,NA,NA,NA,NA,NA,NA,NA,NA,NA,NA,  2.43523E-02,  2.30410E-02,  2.17221E-02,  2.04305E-02,  1.91913E-02,  1.80211E-02,  1.69291E-02,  1.59192E-02,  1.49913E-02,  1.41424E-02,  1.33679E-02,  1.26621E-02,  1.20191E-02,  1.14329E-02,  1.08976E-02,  1.04077E-02,  9.95828E-03,  9.54461E-03,  9.16262E-03,  8.80861E-03,  8.47932E-03,  8.17187E-03,  7.88375E-03,NA,NA,NA,NA,NA,NA,NA,NA,NA,NA,NA,NA,NA,NA,NA,NA,
NA,NA,NA,NA,NA,NA,NA,  5.62402E-03,  5.82445E-03,  6.02950E-03,  6.23923E-03,  6.45379E-03,  6.67343E-03,  6.89855E-03,  7.12973E-03,  7.36779E-03,  7.61380E-03,  7.86918E-03,  8.13570E-03,  8.41559E-03,  8.71155E-03,  9.02682E-03,  9.36525E-03,  9.73126E-03,  1.01299E-02,  1.05670E-02,  1.10487E-02,  1.15818E-02,  1.21733E-02,  1.28301E-02,  1.35585E-02,  1.43634E-02,  1.52476E-02,  1.62101E-02,  1.72451E-02,  1.83406E-02,  1.94770E-02,  2.06266E-02,  2.17537E-02,  2.28164E-02,  2.37690E-02,NA,NA,NA,NA,NA,NA,  2.46285E-02,  2.38860E-02,  2.30069E-02,  2.20322E-02,  2.10006E-02,  1.99458E-02,  1.88960E-02,  1.78724E-02,  1.68907E-02,  1.59608E-02,  1.50886E-02,  1.42764E-02,  1.35241E-02,  1.28297E-02,  1.21904E-02,  1.16023E-02,  1.10615E-02,  1.05637E-02,  1.01051E-02,  9.68173E-03,  9.28998E-03,  8.92653E-03,  8.58838E-03,  8.27279E-03,  7.97733E-03,NA,NA,NA,NA,NA,NA,NA,NA,NA,NA,NA,NA,NA,NA,NA,NA,NA,
NA,NA,NA,NA,NA,NA,NA,NA,  5.66196E-03,  5.85764E-03,  6.05797E-03,  6.26312E-03,  6.47340E-03,  6.68922E-03,  6.91117E-03,  7.14003E-03,  7.37681E-03,  7.62278E-03,  7.87955E-03,  8.14903E-03,  8.43356E-03,  8.73586E-03,  9.05909E-03,  9.40685E-03,  9.78319E-03,  1.01925E-02,  1.06396E-02,  1.11293E-02,  1.16665E-02,  1.22558E-02,  1.29009E-02,  1.36042E-02,  1.43659E-02,  1.51835E-02,  1.60505E-02,  1.69558E-02,  1.78830E-02,  1.88101E-02,  1.97101E-02,  2.05519E-02,  2.13027E-02,  2.19302E-02,  2.24059E-02,  2.27078E-02,  2.28229E-02,  2.27484E-02,  2.24919E-02,  2.20697E-02,  2.15054E-02,  2.08266E-02,  2.00625E-02,  1.92418E-02,  1.83903E-02,  1.75303E-02,  1.66796E-02,  1.58522E-02,  1.50579E-02,  1.43031E-02,  1.35917E-02,  1.29251E-02,  1.23034E-02,  1.17252E-02,  1.11886E-02,  1.06910E-02,  1.02297E-02,  9.80169E-03,  9.40423E-03,  9.03451E-03,  8.68992E-03,  8.36800E-03,  8.06653E-03,NA,NA,NA,NA,NA,NA,NA,NA,NA,NA,NA,NA,NA,NA,NA,NA,NA,NA,
NA,NA,NA,NA,NA,NA,NA,NA,NA,  5.69438E-03,  5.88596E-03,  6.08234E-03,  6.28382E-03,  6.49084E-03,  6.70395E-03,  6.92390E-03,  7.15161E-03,  7.38823E-03,  7.63515E-03,  7.89405E-03,  8.16688E-03,  8.45592E-03,  8.76375E-03,  9.09327E-03,  9.44762E-03,  9.83019E-03,  1.02445E-02,  1.06940E-02,  1.11820E-02,  1.17114E-02,  1.22840E-02,  1.29006E-02,  1.35601E-02,  1.42590E-02,  1.49909E-02,  1.57460E-02,  1.65105E-02,  1.72671E-02,  1.79951E-02,  1.86714E-02,  1.92719E-02,  1.97733E-02,  2.01552E-02,  2.04017E-02,  2.05034E-02,  2.04577E-02,  2.02693E-02,  1.99492E-02,  1.95135E-02,  1.89817E-02,  1.83752E-02,  1.77150E-02,  1.70210E-02,  1.63108E-02,  1.55994E-02,  1.48986E-02,  1.42177E-02,  1.35631E-02,  1.29391E-02,  1.23484E-02,  1.17919E-02,  1.12697E-02,  1.07809E-02,  1.03241E-02,  9.89757E-03,  9.49931E-03,  9.12728E-03,  8.77941E-03,  8.45367E-03,  8.14814E-03,NA,NA,NA,NA,NA,NA,NA,NA,NA,NA,NA,NA,NA,NA,NA,NA,NA,NA,NA,
NA,NA,NA,NA,NA,NA,NA,NA,NA,NA,  5.72217E-03,  5.91028E-03,  6.10343E-03,  6.30202E-03,  6.50661E-03,  6.71787E-03,  6.93663E-03,  7.16391E-03,  7.40092E-03,  7.64908E-03,  7.91004E-03,  8.18567E-03,  8.47805E-03,  8.78946E-03,  9.12234E-03,  9.47923E-03,  9.86265E-03,  1.02750E-02,  1.07185E-02,  1.11945E-02,  1.17040E-02,  1.22465E-02,  1.28202E-02,  1.34213E-02,  1.40438E-02,  1.46790E-02,  1.53157E-02,  1.59401E-02,  1.65363E-02,  1.70867E-02,  1.75735E-02,  1.79796E-02,  1.82902E-02,  1.84936E-02,  1.85827E-02,  1.85555E-02,  1.84147E-02,  1.81679E-02,  1.78263E-02,  1.74041E-02,  1.69166E-02,  1.63798E-02,  1.58089E-02,  1.52180E-02,  1.46192E-02,  1.40228E-02,  1.34369E-02,  1.28676E-02,  1.23196E-02,  1.17957E-02,  1.12977E-02,  1.08263E-02,  1.03816E-02,  9.96296E-03,  9.56938E-03,  9.19961E-03,  8.85225E-03,  8.52578E-03,  8.21868E-03,NA,NA,NA,NA,NA,NA,NA,NA,NA,NA,NA,NA,NA,NA,NA,NA,NA,NA,NA,NA,
NA,NA,NA,NA,NA,NA,NA,NA,NA,NA,NA,  5.74599E-03,  5.93117E-03,  6.12166E-03,  6.31797E-03,  6.52071E-03,  6.73062E-03,  6.94859E-03,  7.17565E-03,  7.41301E-03,  7.66202E-03,  7.92421E-03,  8.20122E-03,  8.49485E-03,  8.80693E-03,  9.13931E-03,  9.49379E-03,  9.87194E-03,  1.02750E-02,  1.07037E-02,  1.11581E-02,  1.16370E-02,  1.21383E-02,  1.26582E-02,  1.31912E-02,  1.37300E-02,  1.42652E-02,  1.47858E-02,  1.52795E-02,  1.57328E-02,  1.61323E-02,  1.64654E-02,  1.67209E-02,  1.68903E-02,  1.69682E-02,  1.69528E-02,  1.68459E-02,  1.66526E-02,  1.63810E-02,  1.60413E-02,  1.56450E-02,  1.52040E-02,  1.47303E-02,  1.42350E-02,  1.37279E-02,  1.32178E-02,  1.27117E-02,  1.22153E-02,  1.17330E-02,  1.12679E-02,  1.08221E-02,  1.03968E-02,  9.99253E-03,  9.60930E-03,  9.24671E-03,  8.90403E-03,  8.58035E-03,  8.27464E-03,NA,NA,NA,NA,NA,NA,NA,NA,NA,NA,NA,NA,NA,NA,NA,NA,NA,NA,NA,NA,NA,
NA,NA,NA,NA,NA,NA,NA,NA,NA,NA,NA,NA,  5.76618E-03,  5.94884E-03,  6.13709E-03,  6.33147E-03,  6.53263E-03,  6.74134E-03,  6.95847E-03,  7.18503E-03,  7.42212E-03,  7.67096E-03,  7.93285E-03,  8.20915E-03,  8.50121E-03,  8.81037E-03,  9.13781E-03,  9.48452E-03,  9.85110E-03,  1.02377E-02,  1.06438E-02,  1.10680E-02,  1.15079E-02,  1.19600E-02,  1.24193E-02,  1.28796E-02,  1.33333E-02,  1.37715E-02,  1.41845E-02,  1.45619E-02,  1.48935E-02,  1.51697E-02,  1.53822E-02,  1.55245E-02,  1.55925E-02,  1.55847E-02,  1.55022E-02,  1.53486E-02,  1.51298E-02,  1.48533E-02,  1.45276E-02,  1.41620E-02,  1.37657E-02,  1.33475E-02,  1.29156E-02,  1.24772E-02,  1.20384E-02,  1.16043E-02,  1.11790E-02,  1.07655E-02,  1.03662E-02,  9.98237E-03,  9.61503E-03,  9.26453E-03,  8.93088E-03,  8.61376E-03,  8.31267E-03,NA,NA,NA,NA,NA,NA,NA,NA,NA,NA,NA,NA,NA,NA,NA,NA,NA,NA,NA,NA,NA,NA,
NA,NA,NA,NA,NA,NA,NA,NA,NA,NA,NA,NA,NA,  5.78281E-03,  5.96319E-03,  6.14937E-03,  6.34191E-03,  6.54145E-03,  6.74874E-03,  6.96458E-03,  7.18988E-03,  7.42559E-03,  7.67270E-03,  7.93224E-03,  8.20518E-03,  8.49242E-03,  8.79472E-03,  9.11259E-03,  9.44621E-03,  9.79531E-03,  1.01591E-02,  1.05359E-02,  1.09235E-02,  1.13186E-02,  1.17168E-02,  1.21128E-02,  1.25004E-02,  1.28723E-02,  1.32210E-02,  1.35382E-02,  1.38163E-02,  1.40476E-02,  1.42261E-02,  1.43466E-02,  1.44060E-02,  1.44031E-02,  1.43385E-02,  1.42149E-02,  1.40365E-02,  1.38089E-02,  1.35387E-02,  1.32329E-02,  1.28988E-02,  1.25435E-02,  1.21735E-02,  1.17949E-02,  1.14131E-02,  1.10324E-02,  1.06565E-02,  1.02884E-02,  9.93033E-03,  9.58387E-03,  9.25011E-03,  8.92970E-03,  8.62293E-03,  8.32980E-03,NA,NA,NA,NA,NA,NA,NA,NA,NA,NA,NA,NA,NA,NA,NA,NA,NA,NA,NA,NA,NA,NA,NA,
NA,NA,NA,NA,NA,NA,NA,NA,NA,NA,NA,NA,NA,NA,NA,  5.97382E-03,  6.15788E-03,  6.34839E-03,  6.54596E-03,  6.75125E-03,  6.96497E-03,  7.18785E-03,  7.42065E-03,  7.66409E-03,  7.91886E-03,  8.18553E-03,  8.46452E-03,  8.75601E-03,  9.05987E-03,  9.37558E-03,  9.70214E-03,  1.00379E-02,  1.03808E-02,  1.07276E-02,  1.10747E-02,  1.14176E-02,  1.17510E-02,  1.20692E-02,  1.23660E-02,  1.26351E-02,  1.28703E-02,  1.30659E-02,  1.32170E-02,  1.33199E-02,  1.33719E-02,  1.33721E-02,  1.33209E-02,  1.32203E-02,  1.30732E-02,  1.28841E-02,  1.26579E-02,  1.24001E-02,  1.21164E-02,  1.18126E-02,  1.14940E-02,  1.11657E-02,  1.08322E-02,  1.04973E-02,  1.01643E-02,  9.83609E-03,  9.51466E-03,  9.20171E-03,  8.89841E-03,  8.60557E-03,  8.32367E-03,NA,NA,NA,NA,NA,NA,NA,NA,NA,NA,NA,NA,NA,NA,NA,NA,NA,NA,NA,NA,NA,NA,NA,NA,
NA,NA,NA,NA,NA,NA,NA,NA,NA,NA,NA,NA,NA,NA,NA,NA,  5.98009E-03,  6.16174E-03,  6.34979E-03,  6.54475E-03,  6.74717E-03,  6.95762E-03,  7.17663E-03,  7.40472E-03,  7.64232E-03,  7.88975E-03,  8.14719E-03,  8.41458E-03,  8.69159E-03,  8.97754E-03,  9.27135E-03,  9.57145E-03,  9.87574E-03,  1.01816E-02,  1.04857E-02,  1.07842E-02,  1.10729E-02,  1.13471E-02,  1.16017E-02,  1.18317E-02,  1.20324E-02,  1.21991E-02,  1.23282E-02,  1.24166E-02,  1.24623E-02,  1.24645E-02,  1.24235E-02,  1.23406E-02,  1.22183E-02,  1.20597E-02,  1.18688E-02,  1.16499E-02,  1.14075E-02,  1.11462E-02,  1.08705E-02,  1.05845E-02,  1.02921E-02,  9.99666E-03,  9.70107E-03,  9.40783E-03,  9.11895E-03,  8.83603E-03,  8.56030E-03,NA,NA,NA,NA,NA,NA,NA,NA,NA,NA,NA,NA,NA,NA,NA,NA,NA,NA,NA,NA,NA,NA,NA,NA,NA,NA,
NA,NA,NA,NA,NA,NA,NA,NA,NA,NA,NA,NA,NA,NA,NA,NA,NA,NA,  6.15994E-03,  6.34486E-03,  6.53634E-03,  6.73480E-03,  6.94061E-03,  7.15412E-03,  7.37556E-03,  7.60507E-03,  7.84264E-03,  8.08806E-03,  8.34085E-03,  8.60026E-03,  8.86518E-03,  9.13411E-03,  9.40515E-03,  9.67591E-03,  9.94360E-03,  1.02050E-02,  1.04565E-02,  1.06942E-02,  1.09141E-02,  1.11122E-02,  1.12847E-02,  1.14280E-02,  1.15390E-02,  1.16155E-02,  1.16558E-02,  1.16593E-02,  1.16261E-02,  1.15572E-02,  1.14545E-02,  1.13205E-02,  1.11582E-02,  1.09711E-02,  1.07627E-02,  1.05368E-02,  1.02970E-02,  1.00469E-02,  9.78971E-03,  9.52828E-03,  9.26522E-03,  9.00276E-03,  8.74276E-03,  8.48675E-03,NA,NA,NA,NA,NA,NA,NA,NA,NA,NA,NA,NA,NA,NA,NA,NA,NA,NA,NA,NA,NA,NA,NA,NA,NA,NA,NA,
NA,NA,NA,NA,NA,NA,NA,NA,NA,NA,NA,NA,NA,NA,NA,NA,NA,NA,NA,  6.15140E-03,  6.33234E-03,  6.51931E-03,  6.71256E-03,  6.91228E-03,  7.11857E-03,  7.33144E-03,  7.55073E-03,  7.77612E-03,  8.00707E-03,  8.24278E-03,  8.48217E-03,  8.72383E-03,  8.96604E-03,  9.20670E-03,  9.44338E-03,  9.67336E-03,  9.89363E-03,  1.01010E-02,  1.02922E-02,  1.04640E-02,  1.06133E-02,  1.07372E-02,  1.08334E-02,  1.09000E-02,  1.09358E-02,  1.09400E-02,  1.09129E-02,  1.08552E-02,  1.07684E-02,  1.06543E-02,  1.05154E-02,  1.03544E-02,  1.01742E-02,  9.97794E-03,  9.76854E-03,  9.54894E-03,  9.32189E-03,  9.08990E-03,  8.85523E-03,  8.61987E-03,NA,NA,NA,NA,NA,NA,NA,NA,NA,NA,NA,NA,NA,NA,NA,NA,NA,NA,NA,NA,NA,NA,NA,NA,NA,NA,NA,NA,NA,
NA,NA,NA,NA,NA,NA,NA,NA,NA,NA,NA,NA,NA,NA,NA,NA,NA,NA,NA,NA,NA,  6.31107E-03,  6.49240E-03,  6.67914E-03,  6.87128E-03,  7.06872E-03,  7.27122E-03,  7.47839E-03,  7.68963E-03,  7.90417E-03,  8.12095E-03,  8.33869E-03,  8.55582E-03,  8.77050E-03,  8.98065E-03,  9.18395E-03,  9.37787E-03,  9.55979E-03,  9.72701E-03,  9.87689E-03,  1.00069E-02,  1.01149E-02,  1.01988E-02,  1.02571E-02,  1.02889E-02,  1.02936E-02,  1.02713E-02,  1.02227E-02,  1.01487E-02,  1.00509E-02,  9.93131E-03,  9.79204E-03,  9.63548E-03,  9.46412E-03,  9.28045E-03,  9.08691E-03,  8.88584E-03,  8.67940E-03,NA,NA,NA,NA,NA,NA,NA,NA,NA,NA,NA,NA,NA,NA,NA,NA,NA,NA,NA,NA,NA,NA,NA,NA,NA,NA,NA,NA,NA,NA,NA,
NA,NA,NA,NA,NA,NA,NA,NA,NA,NA,NA,NA,NA,NA,NA,NA,NA,NA,NA,NA,NA,NA,NA,NA,  6.63358E-03,  6.81675E-03,  7.00384E-03,  7.19442E-03,  7.38790E-03,  7.58348E-03,  7.78021E-03,  7.97689E-03,  8.17213E-03,  8.36432E-03,  8.55165E-03,  8.73215E-03,  8.90370E-03,  9.06411E-03,  9.21116E-03,  9.34269E-03,  9.45665E-03,  9.55121E-03,  9.62482E-03,  9.67623E-03,  9.70464E-03,  9.70961E-03,  9.69120E-03,  9.64985E-03,  9.58644E-03,  9.50218E-03,  9.39861E-03,  9.27750E-03,  9.14079E-03,  8.99053E-03,  8.82878E-03,  8.65761E-03,NA,NA,NA,NA,NA,NA,NA,NA,NA,NA,NA,NA,NA,NA,NA,NA,NA,NA,NA,NA,NA,NA,NA,NA,NA,NA,NA,NA,NA,NA,NA,NA,NA,
