NA,NA,NA,NA,NA,NA,NA,NA,NA,NA,NA,NA,NA,NA,NA,NA,NA,NA,NA,NA,NA,  1.00218E-02,  1.02241E-02,  1.04192E-02,  1.06059E-02,  1.07829E-02,  1.09486E-02,  1.11018E-02,  1.12410E-02,  1.13649E-02,  1.14723E-02,  1.15621E-02,  1.16332E-02,  1.16848E-02,  1.17164E-02,  1.17275E-02,  1.17179E-02,  1.16877E-02,  1.16372E-02,  1.15669E-02,  1.14774E-02,  1.13698E-02,  1.12450E-02,  1.11043E-02,  1.09490E-02,  1.07804E-02,  1.06001E-02,  1.04093E-02,  1.02095E-02,  1.00022E-02,NA,NA,NA,NA,NA,NA,NA,NA,NA,NA,NA,NA,NA,NA,NA,NA,NA,NA,NA,NA,
NA,NA,NA,NA,NA,NA,NA,NA,NA,NA,NA,NA,NA,NA,NA,NA,NA,NA,NA,  9.96461E-03,  1.01957E-02,  1.04223E-02,  1.06430E-02,  1.08566E-02,  1.10614E-02,  1.12560E-02,  1.14387E-02,  1.16079E-02,  1.17620E-02,  1.18996E-02,  1.20191E-02,  1.21191E-02,  1.21986E-02,  1.22565E-02,  1.22921E-02,  1.23049E-02,  1.22947E-02,  1.22615E-02,  1.22057E-02,  1.21280E-02,  1.20290E-02,  1.19100E-02,  1.17721E-02,  1.16168E-02,  1.14456E-02,  1.12601E-02,  1.10619E-02,  1.08527E-02,  1.06341E-02,  1.04077E-02,  1.01751E-02,  9.93760E-03,NA,NA,NA,NA,NA,NA,NA,NA,NA,NA,NA,NA,NA,NA,NA,NA,NA,NA,
NA,NA,NA,NA,NA,NA,NA,NA,NA,NA,NA,NA,NA,NA,NA,NA,NA,  9.83612E-03,  1.00920E-02,  1.03462E-02,  1.05974E-02,  1.08445E-02,  1.10858E-02,  1.13199E-02,  1.15450E-02,  1.17594E-02,  1.19612E-02,  1.21487E-02,  1.23198E-02,  1.24729E-02,  1.26062E-02,  1.27182E-02,  1.28073E-02,  1.28724E-02,  1.29127E-02,  1.29276E-02,  1.29167E-02,  1.28802E-02,  1.28184E-02,  1.27321E-02,  1.26223E-02,  1.24903E-02,  1.23375E-02,  1.21656E-02,  1.19764E-02,  1.17717E-02,  1.15535E-02,  1.13236E-02,  1.10840E-02,  1.08364E-02,  1.05825E-02,  1.03240E-02,  1.00623E-02,  9.79872E-03,NA,NA,NA,NA,NA,NA,NA,NA,NA,NA,NA,NA,NA,NA,NA,NA,
NA,NA,NA,NA,NA,NA,NA,NA,NA,NA,NA,NA,NA,NA,NA,  9.64073E-03,  9.91654E-03,  1.01935E-02,  1.04705E-02,  1.07464E-02,  1.10199E-02,  1.12895E-02,  1.15537E-02,  1.18107E-02,  1.20586E-02,  1.22953E-02,  1.25189E-02,  1.27271E-02,  1.29177E-02,  1.30887E-02,  1.32379E-02,  1.33635E-02,  1.34638E-02,  1.35374E-02,  1.35832E-02,  1.36005E-02,  1.35889E-02,  1.35486E-02,  1.34800E-02,  1.33840E-02,  1.32617E-02,  1.31148E-02,  1.29449E-02,  1.27541E-02,  1.25444E-02,  1.23181E-02,  1.20773E-02,  1.18242E-02,  1.15610E-02,  1.12897E-02,  1.10122E-02,  1.07304E-02,  1.04458E-02,  1.01600E-02,  9.87433E-03,NA,NA,NA,NA,NA,NA,NA,NA,NA,NA,NA,NA,NA,NA,NA,
NA,NA,NA,NA,NA,NA,NA,NA,NA,NA,NA,NA,NA,  9.38500E-03,  9.67553E-03,  9.96978E-03,  1.02670E-02,  1.05661E-02,  1.08662E-02,  1.11659E-02,  1.14639E-02,  1.17586E-02,  1.20482E-02,  1.23308E-02,  1.26043E-02,  1.28663E-02,  1.31145E-02,  1.33464E-02,  1.35593E-02,  1.37508E-02,  1.39185E-02,  1.40600E-02,  1.41733E-02,  1.42568E-02,  1.43091E-02,  1.43293E-02,  1.43170E-02,  1.42724E-02,  1.41959E-02,  1.40886E-02,  1.39521E-02,  1.37880E-02,  1.35986E-02,  1.33861E-02,  1.31531E-02,  1.29021E-02,  1.26358E-02,  1.23565E-02,  1.20669E-02,  1.17691E-02,  1.14654E-02,  1.11578E-02,  1.08481E-02,  1.05378E-02,  1.02285E-02,  9.92147E-03,  9.61771E-03,NA,NA,NA,NA,NA,NA,NA,NA,NA,NA,NA,NA,NA,
NA,NA,NA,NA,NA,NA,NA,NA,NA,NA,NA,NA,  9.37701E-03,  9.68302E-03,  9.99449E-03,  1.03108E-02,  1.06310E-02,  1.09543E-02,  1.12795E-02,  1.16053E-02,  1.19303E-02,  1.22527E-02,  1.25707E-02,  1.28820E-02,  1.31842E-02,  1.34749E-02,  1.37511E-02,  1.40100E-02,  1.42486E-02,  1.44639E-02,  1.46530E-02,  1.48130E-02,  1.49417E-02,  1.50368E-02,  1.50967E-02,  1.51205E-02,  1.51075E-02,  1.50578E-02,  1.49722E-02,  1.48520E-02,  1.46989E-02,  1.45151E-02,  1.43031E-02,  1.40658E-02,  1.38061E-02,  1.35271E-02,  1.32317E-02,  1.29229E-02,  1.26035E-02,  1.22762E-02,  1.19433E-02,  1.16071E-02,  1.12696E-02,  1.09326E-02,  1.05975E-02,  1.02658E-02,  9.93859E-03,  9.61680E-03,NA,NA,NA,NA,NA,NA,NA,NA,NA,NA,NA,NA,
NA,NA,NA,NA,NA,NA,NA,NA,NA,NA,NA,  9.34250E-03,  9.66252E-03,  9.98974E-03,  1.03236E-02,  1.06636E-02,  1.10087E-02,  1.13582E-02,  1.17107E-02,  1.20652E-02,  1.24198E-02,  1.27729E-02,  1.31224E-02,  1.34658E-02,  1.38005E-02,  1.41236E-02,  1.44318E-02,  1.47218E-02,  1.49900E-02,  1.52329E-02,  1.54469E-02,  1.56288E-02,  1.57754E-02,  1.58843E-02,  1.59534E-02,  1.59813E-02,  1.59676E-02,  1.59122E-02,  1.58161E-02,  1.56808E-02,  1.55084E-02,  1.53017E-02,  1.50637E-02,  1.47977E-02,  1.45075E-02,  1.41964E-02,  1.38680E-02,  1.35258E-02,  1.31730E-02,  1.28125E-02,  1.24471E-02,  1.20792E-02,  1.17111E-02,  1.13447E-02,  1.09815E-02,  1.06230E-02,  1.02704E-02,  9.92460E-03,  9.58644E-03,NA,NA,NA,NA,NA,NA,NA,NA,NA,NA,NA,
NA,NA,NA,NA,NA,NA,NA,NA,NA,NA,  9.28140E-03,  9.61375E-03,  9.95501E-03,  1.03048E-02,  1.06627E-02,  1.10279E-02,  1.13999E-02,  1.17777E-02,  1.21600E-02,  1.25457E-02,  1.29330E-02,  1.33200E-02,  1.37045E-02,  1.40839E-02,  1.44552E-02,  1.48151E-02,  1.51600E-02,  1.54857E-02,  1.57883E-02,  1.60633E-02,  1.63066E-02,  1.65141E-02,  1.66820E-02,  1.68072E-02,  1.68873E-02,  1.69205E-02,  1.69060E-02,  1.68440E-02,  1.67355E-02,  1.65825E-02,  1.63877E-02,  1.61542E-02,  1.58860E-02,  1.55870E-02,  1.52615E-02,  1.49137E-02,  1.45478E-02,  1.41677E-02,  1.37772E-02,  1.33795E-02,  1.29779E-02,  1.25750E-02,  1.21731E-02,  1.17744E-02,  1.13805E-02,  1.09929E-02,  1.06129E-02,  1.02413E-02,  9.87893E-03,  9.52638E-03,  9.18406E-03,NA,NA,NA,NA,NA,NA,NA,NA,NA,
NA,NA,NA,NA,NA,NA,NA,NA,NA,  9.19397E-03,  9.53683E-03,  9.89024E-03,  1.02540E-02,  1.06277E-02,  1.10111E-02,  1.14035E-02,  1.18043E-02,  1.22126E-02,  1.26273E-02,  1.30470E-02,  1.34701E-02,  1.38946E-02,  1.43181E-02,  1.47378E-02,  1.51504E-02,  1.55522E-02,  1.59389E-02,  1.63060E-02,  1.66484E-02,  1.69611E-02,  1.72388E-02,  1.74767E-02,  1.76700E-02,  1.78148E-02,  1.79081E-02,  1.79476E-02,  1.79324E-02,  1.78627E-02,  1.77398E-02,  1.75660E-02,  1.73448E-02,  1.70801E-02,  1.67766E-02,  1.64392E-02,  1.60730E-02,  1.56831E-02,  1.52743E-02,  1.48512E-02,  1.44181E-02,  1.39788E-02,  1.35368E-02,  1.30949E-02,  1.26559E-02,  1.22218E-02,  1.17945E-02,  1.13754E-02,  1.09657E-02,  1.05664E-02,  1.01782E-02,  9.80156E-03,  9.43685E-03,  9.08426E-03,NA,NA,NA,NA,NA,NA,NA,NA,
NA,NA,NA,NA,NA,NA,NA,NA,  9.08079E-03,  9.43224E-03,  9.79577E-03,  1.01713E-02,  1.05588E-02,  1.09579E-02,  1.13684E-02,  1.17898E-02,  1.22214E-02,  1.26625E-02,  1.31121E-02,  1.35688E-02,  1.40311E-02,  1.44969E-02,  1.49637E-02,  1.54286E-02,  1.58878E-02,  1.63373E-02,  1.67721E-02,  1.71869E-02,  1.75758E-02,  1.79327E-02,  1.82512E-02,  1.85252E-02,  1.87489E-02,  1.89174E-02,  1.90267E-02,  1.90741E-02,  1.90583E-02,  1.89795E-02,  1.88395E-02,  1.86412E-02,  1.83888E-02,  1.80873E-02,  1.77425E-02,  1.73604E-02,  1.69471E-02,  1.65086E-02,  1.60508E-02,  1.55788E-02,  1.50977E-02,  1.46117E-02,  1.41246E-02,  1.36397E-02,  1.31597E-02,  1.26869E-02,  1.22231E-02,  1.17699E-02,  1.13284E-02,  1.08994E-02,  1.04836E-02,  1.00814E-02,  9.69302E-03,  9.31856E-03,  8.95800E-03,NA,NA,NA,NA,NA,NA,NA,
NA,NA,NA,NA,NA,NA,NA,  8.94276E-03,  9.30078E-03,  9.67231E-03,  1.00574E-02,  1.04562E-02,  1.08686E-02,  1.12945E-02,  1.17337E-02,  1.21858E-02,  1.26504E-02,  1.31267E-02,  1.36139E-02,  1.41108E-02,  1.46158E-02,  1.51270E-02,  1.56418E-02,  1.61570E-02,  1.66688E-02,  1.71725E-02,  1.76625E-02,  1.81327E-02,  1.85760E-02,  1.89851E-02,  1.93520E-02,  1.96693E-02,  1.99297E-02,  2.01269E-02,  2.02557E-02,  2.03129E-02,  2.02966E-02,  2.02072E-02,  2.00469E-02,  1.98194E-02,  1.95300E-02,  1.91851E-02,  1.87917E-02,  1.83573E-02,  1.78892E-02,  1.73947E-02,  1.68806E-02,  1.63531E-02,  1.58177E-02,  1.52793E-02,  1.47421E-02,  1.42095E-02,  1.36845E-02,  1.31694E-02,  1.26661E-02,  1.21760E-02,  1.17002E-02,  1.12395E-02,  1.07944E-02,  1.03651E-02,  9.95177E-03,  9.55436E-03,  9.17270E-03,NA,NA,NA,NA,NA,NA,NA,
NA,NA,NA,NA,NA,NA,  8.78107E-03,  9.14359E-03,  9.52092E-03,  9.91332E-03,  1.03210E-02,  1.07441E-02,  1.11826E-02,  1.16366E-02,  1.21060E-02,  1.25906E-02,  1.30901E-02,  1.36040E-02,  1.41316E-02,  1.46718E-02,  1.52232E-02,  1.57841E-02,  1.63518E-02,  1.69232E-02,  1.74941E-02,  1.80594E-02,  1.86129E-02,  1.91474E-02,  1.96545E-02,  2.01252E-02,  2.05501E-02,  2.09196E-02,  2.12245E-02,  2.14567E-02,  2.16097E-02,  2.16791E-02,  2.16626E-02,  2.15607E-02,  2.13760E-02,  2.11136E-02,  2.07800E-02,  2.03835E-02,  1.99327E-02,  1.94369E-02,  1.89050E-02,  1.83458E-02,  1.77672E-02,  1.71764E-02,  1.65797E-02,  1.59826E-02,  1.53895E-02,  1.48042E-02,  1.42298E-02,  1.36686E-02,  1.31225E-02,  1.25927E-02,  1.20802E-02,  1.15857E-02,  1.11095E-02,  1.06516E-02,  1.02121E-02,  9.79072E-03,  9.38710E-03,  9.00085E-03,NA,NA,NA,NA,NA,NA,
NA,NA,NA,NA,NA,  8.59713E-03,  8.96207E-03,  9.34299E-03,  9.74029E-03,  1.01543E-02,  1.05854E-02,  1.10337E-02,  1.14995E-02,  1.19830E-02,  1.24841E-02,  1.30030E-02,  1.35394E-02,  1.40931E-02,  1.46636E-02,  1.52502E-02,  1.58519E-02,  1.64668E-02,  1.70927E-02,  1.77265E-02,  1.83637E-02,  1.89989E-02,  1.96253E-02,  2.02343E-02,  2.08163E-02,  2.13604E-02,  2.18548E-02,  2.22874E-02,  2.26466E-02,NA,NA,NA,NA,NA,  2.28429E-02,  2.25384E-02,  2.21519E-02,  2.16937E-02,  2.11749E-02,  2.06067E-02,  2.00004E-02,  1.93662E-02,  1.87135E-02,  1.80507E-02,  1.73848E-02,  1.67219E-02,  1.60668E-02,  1.54235E-02,  1.47950E-02,  1.41837E-02,  1.35912E-02,  1.30188E-02,  1.24672E-02,  1.19368E-02,  1.14277E-02,  1.09399E-02,  1.04730E-02,  1.00266E-02,  9.60017E-03,  9.19318E-03,  8.80495E-03,NA,NA,NA,NA,NA,
NA,NA,NA,NA,  8.39262E-03,  8.75791E-03,  9.14019E-03,  9.54000E-03,  9.95783E-03,  1.03942E-02,  1.08494E-02,  1.13240E-02,  1.18181E-02,  1.23322E-02,  1.28665E-02,  1.34212E-02,  1.39963E-02,  1.45920E-02,  1.52080E-02,  1.58441E-02,  1.64995E-02,  1.71729E-02,  1.78623E-02,  1.85648E-02,  1.92761E-02,  1.99904E-02,  2.07001E-02,  2.13958E-02,  2.20659E-02,NA,NA,NA,NA,NA,NA,NA,NA,NA,NA,NA,NA,  2.31279E-02,  2.25281E-02,  2.18747E-02,  2.11812E-02,  2.04600E-02,  1.97223E-02,  1.89776E-02,  1.82337E-02,  1.74972E-02,  1.67734E-02,  1.60662E-02,  1.53787E-02,  1.47131E-02,  1.40708E-02,  1.34529E-02,  1.28597E-02,  1.22913E-02,  1.17477E-02,  1.12284E-02,  1.07330E-02,  1.02607E-02,  9.81077E-03,  9.38246E-03,  8.97489E-03,  8.58721E-03,NA,NA,NA,NA,
NA,NA,NA,NA,  8.53300E-03,  8.91443E-03,  9.31438E-03,  9.73350E-03,  1.01724E-02,  1.06317E-02,  1.11118E-02,  1.16134E-02,  1.21369E-02,  1.26828E-02,  1.32515E-02,  1.38434E-02,  1.44589E-02,  1.50984E-02,  1.57622E-02,  1.64504E-02,  1.71628E-02,  1.78989E-02,  1.86570E-02,  1.94348E-02,  2.02282E-02,  2.10314E-02,  2.18362E-02,  2.26320E-02,NA,NA,NA,NA,NA,NA,NA,NA,NA,NA,NA,NA,NA,NA,NA,  2.32484E-02,  2.24528E-02,  2.16309E-02,  2.07956E-02,  1.99578E-02,  1.91261E-02,  1.83077E-02,  1.75080E-02,  1.67309E-02,  1.59793E-02,  1.52551E-02,  1.45595E-02,  1.38930E-02,  1.32557E-02,  1.26475E-02,  1.20677E-02,  1.15158E-02,  1.09907E-02,  1.04917E-02,  1.00176E-02,  9.56750E-03,  9.14025E-03,  8.73480E-03,  8.35008E-03,NA,NA,NA,
NA,NA,NA,  8.28948E-03,  8.66790E-03,  9.06565E-03,  9.48353E-03,  9.92229E-03,  1.03827E-02,  1.08654E-02,  1.13712E-02,  1.19006E-02,  1.24543E-02,  1.30328E-02,  1.36370E-02,  1.42673E-02,  1.49245E-02,  1.56095E-02,  1.63228E-02,  1.70654E-02,  1.78378E-02,  1.86400E-02,  1.94716E-02,  2.03308E-02,  2.12143E-02,  2.21165E-02,NA,NA,NA,NA,NA,NA,NA,NA,NA,NA,NA,NA,NA,NA,NA,NA,NA,NA,  2.38201E-02,  2.28815E-02,  2.19344E-02,  2.09911E-02,  2.00610E-02,  1.91517E-02,  1.82685E-02,  1.74152E-02,  1.65942E-02,  1.58072E-02,  1.50547E-02,  1.43368E-02,  1.36533E-02,  1.30033E-02,  1.23859E-02,  1.18000E-02,  1.12445E-02,  1.07181E-02,  1.02193E-02,  9.74704E-03,  9.29985E-03,  8.87647E-03,  8.47564E-03,NA,NA,NA,
NA,NA,NA,  8.40297E-03,  8.79626E-03,  9.21043E-03,  9.64639E-03,  1.01051E-02,  1.05873E-02,  1.10939E-02,  1.16258E-02,  1.21836E-02,  1.27682E-02,  1.33803E-02,  1.40208E-02,  1.46905E-02,  1.53904E-02,  1.61218E-02,  1.68861E-02,  1.76846E-02,  1.85188E-02,  1.93901E-02,  2.02989E-02,  2.12450E-02,  2.22259E-02,NA,NA,NA,NA,NA,NA,NA,NA,NA,NA,NA,NA,NA,NA,NA,NA,NA,NA,NA,NA,  2.42130E-02,  2.31383E-02,  2.20759E-02,  2.10360E-02,  2.00262E-02,  1.90517E-02,  1.81157E-02,  1.72203E-02,  1.63662E-02,  1.55535E-02,  1.47817E-02,  1.40496E-02,  1.33562E-02,  1.26999E-02,  1.20793E-02,  1.14925E-02,  1.09381E-02,  1.04144E-02,  9.91967E-03,  9.45242E-03,  9.01108E-03,  8.59417E-03,  8.20027E-03,NA,NA,
NA,NA,  8.12221E-03,  8.50886E-03,  8.91695E-03,  9.34752E-03,  9.80164E-03,  1.02803E-02,  1.07846E-02,  1.13155E-02,  1.18739E-02,  1.24606E-02,  1.30767E-02,  1.37229E-02,  1.44004E-02,  1.51100E-02,  1.58533E-02,  1.66318E-02,  1.74473E-02,  1.83023E-02,  1.91994E-02,  2.01410E-02,  2.11295E-02,  2.21662E-02,NA,NA,NA,NA,NA,NA,NA,NA,NA,NA,NA,NA,NA,NA,NA,NA,NA,NA,NA,NA,NA,NA,  2.44048E-02,  2.32086E-02,  2.20469E-02,  2.09269E-02,  1.98532E-02,  1.88283E-02,  1.78534E-02,  1.69284E-02,  1.60525E-02,  1.52242E-02,  1.44419E-02,  1.37037E-02,  1.30075E-02,  1.23512E-02,  1.17327E-02,  1.11500E-02,  1.06011E-02,  1.00839E-02,  9.59663E-03,  9.13743E-03,  8.70460E-03,  8.29651E-03,NA,NA,
NA,NA,  8.20630E-03,  8.60605E-03,  9.02875E-03,  9.47561E-03,  9.94782E-03,  1.04466E-02,  1.09730E-02,  1.15283E-02,  1.21135E-02,  1.27295E-02,  1.33775E-02,  1.40583E-02,  1.47730E-02,  1.55230E-02,  1.63096E-02,  1.71350E-02,  1.80015E-02,  1.89125E-02,  1.98717E-02,  2.08832E-02,  2.19515E-02,NA,NA,NA,NA,NA,NA,NA,NA,NA,NA,NA,NA,NA,NA,NA,NA,NA,NA,NA,NA,NA,NA,NA,NA,  2.43836E-02,  2.30878E-02,  2.18477E-02,  2.06672E-02,  1.95475E-02,  1.84886E-02,  1.74892E-02,  1.65473E-02,  1.56606E-02,  1.48266E-02,  1.40425E-02,  1.33057E-02,  1.26133E-02,  1.19629E-02,  1.13518E-02,  1.07777E-02,  1.02382E-02,  9.73105E-03,  9.25425E-03,  8.80580E-03,  8.38383E-03,  7.98661E-03,NA,
NA,  7.89152E-03,  8.28088E-03,  8.69338E-03,  9.13039E-03,  9.59326E-03,  1.00834E-02,  1.06021E-02,  1.11506E-02,  1.17304E-02,  1.23425E-02,  1.29880E-02,  1.36680E-02,  1.43836E-02,  1.51358E-02,  1.59259E-02,  1.67556E-02,  1.76270E-02,  1.85432E-02,  1.95081E-02,  2.05269E-02,  2.16055E-02,NA,NA,NA,NA,NA,NA,NA,NA,NA,NA,NA,NA,NA,NA,NA,NA,NA,NA,NA,NA,NA,NA,NA,NA,NA,NA,  2.41501E-02,  2.27808E-02,  2.14864E-02,  2.02666E-02,  1.91197E-02,  1.80430E-02,  1.70332E-02,  1.60867E-02,  1.52000E-02,  1.43694E-02,  1.35916E-02,  1.28630E-02,  1.21807E-02,  1.15414E-02,  1.09423E-02,  1.03808E-02,  9.85421E-03,  9.36023E-03,  8.89659E-03,  8.46121E-03,  8.05212E-03,NA,
NA,  7.94464E-03,  8.34486E-03,  8.76965E-03,  9.22050E-03,  9.69898E-03,  1.02066E-02,  1.07449E-02,  1.13154E-02,  1.19194E-02,  1.25584E-02,  1.32334E-02,  1.39456E-02,  1.46960E-02,  1.54855E-02,  1.63154E-02,  1.71873E-02,  1.81032E-02,  1.90666E-02,  2.00820E-02,  2.11557E-02,NA,NA,NA,NA,NA,NA,NA,NA,NA,NA,NA,NA,NA,NA,NA,NA,NA,NA,NA,NA,NA,NA,NA,NA,NA,NA,NA,NA,  2.37159E-02,  2.23016E-02,  2.09775E-02,  1.97397E-02,  1.85837E-02,  1.75046E-02,  1.64975E-02,  1.55577E-02,  1.46806E-02,  1.38619E-02,  1.30974E-02,  1.23835E-02,  1.17164E-02,  1.10930E-02,  1.05100E-02,  9.96457E-03,  9.45401E-03,  8.97579E-03,  8.52759E-03,  8.10723E-03,  7.71272E-03,
  7.60055E-03,  7.98667E-03,  8.39714E-03,  8.83358E-03,  9.29768E-03,  9.79115E-03,  1.03157E-02,  1.08732E-02,  1.14651E-02,  1.20931E-02,  1.27587E-02,  1.34630E-02,  1.42072E-02,  1.49922E-02,  1.58187E-02,  1.66878E-02,  1.76006E-02,  1.85590E-02,  1.95662E-02,  2.06271E-02,NA,NA,NA,NA,NA,NA,NA,NA,NA,NA,NA,NA,NA,NA,NA,NA,NA,NA,NA,NA,NA,NA,NA,NA,NA,NA,NA,NA,NA,NA,  2.31019E-02,  2.16707E-02,  2.03403E-02,  1.91041E-02,  1.79555E-02,  1.68878E-02,  1.58952E-02,  1.49720E-02,  1.41130E-02,  1.33134E-02,  1.25686E-02,  1.18746E-02,  1.12276E-02,  1.06240E-02,  1.00606E-02,  9.53422E-03,  9.04221E-03,  8.58193E-03,  8.15101E-03,  7.74726E-03,
  7.62228E-03,  8.01666E-03,  8.43661E-03,  8.88392E-03,  9.36045E-03,  9.86812E-03,  1.04089E-02,  1.09847E-02,  1.15974E-02,  1.22488E-02,  1.29404E-02,  1.36736E-02,  1.44494E-02,  1.52687E-02,  1.61318E-02,  1.70392E-02,  1.79914E-02,  1.89897E-02,  2.00367E-02,NA,NA,NA,NA,NA,NA,NA,NA,NA,NA,NA,NA,NA,NA,NA,NA,NA,NA,NA,NA,NA,NA,NA,NA,NA,NA,NA,NA,NA,NA,NA,NA,  2.23351E-02,  2.09122E-02,  1.95963E-02,  1.83789E-02,  1.72518E-02,  1.62075E-02,  1.52394E-02,  1.43413E-02,  1.35077E-02,  1.27333E-02,  1.20136E-02,  1.13441E-02,  1.07210E-02,  1.01406E-02,  9.59950E-03,  9.09464E-03,  8.62320E-03,  8.18257E-03,  7.77038E-03,
  7.63187E-03,  8.03365E-03,  8.46216E-03,  8.91936E-03,  9.40731E-03,  9.92816E-03,  1.04841E-02,  1.10772E-02,  1.17097E-02,  1.23835E-02,  1.31003E-02,  1.38617E-02,  1.46686E-02,  1.55215E-02,  1.64205E-02,  1.73653E-02,  1.83555E-02,  1.93911E-02,NA,NA,NA,NA,NA,NA,NA,NA,NA,NA,NA,NA,NA,NA,NA,NA,NA,NA,NA,NA,NA,NA,NA,NA,NA,NA,NA,NA,NA,NA,NA,NA,NA,NA,  2.14450E-02,  2.00516E-02,  1.87676E-02,  1.75831E-02,  1.64892E-02,  1.54781E-02,  1.45429E-02,  1.36770E-02,  1.28747E-02,  1.21308E-02,  1.14404E-02,  1.07992E-02,  1.02031E-02,  9.64848E-03,  9.13194E-03,  8.65040E-03,  8.20106E-03,  7.78133E-03,
  7.62855E-03,  8.03672E-03,  8.47270E-03,  8.93864E-03,  9.43679E-03,  9.96951E-03,  1.05392E-02,  1.11483E-02,  1.17992E-02,  1.24941E-02,  1.32350E-02,  1.40234E-02,  1.48603E-02,  1.57460E-02,  1.66801E-02,  1.76614E-02,  1.86881E-02,  1.97586E-02,NA,NA,NA,NA,NA,NA,NA,NA,NA,NA,NA,NA,NA,NA,NA,NA,NA,NA,NA,NA,NA,NA,NA,NA,NA,NA,NA,NA,NA,NA,NA,NA,NA,NA,NA,  2.04605E-02,  1.91136E-02,  1.78751E-02,  1.67347E-02,  1.56835E-02,  1.47135E-02,  1.38178E-02,  1.29898E-02,  1.22237E-02,  1.15143E-02,  1.08567E-02,  1.02465E-02,  9.67986E-03,  9.15298E-03,  8.66258E-03,  8.20565E-03,  7.77944E-03,
  7.61161E-03,  8.02501E-03,  8.46721E-03,  8.94053E-03,  9.44741E-03,  9.99043E-03,  1.05723E-02,  1.11956E-02,  1.18631E-02,  1.25773E-02,  1.33405E-02,  1.41542E-02,  1.50197E-02,  1.59369E-02,  1.69050E-02,  1.79217E-02,  1.89838E-02,NA,NA,NA,NA,NA,NA,NA,NA,NA,NA,NA,NA,NA,NA,NA,NA,NA,NA,NA,NA,NA,NA,NA,NA,NA,NA,NA,NA,NA,NA,NA,NA,NA,NA,NA,NA,  2.08131E-02,  1.94087E-02,  1.81208E-02,  1.69381E-02,  1.58505E-02,  1.48493E-02,  1.39266E-02,  1.30756E-02,  1.22899E-02,  1.15637E-02,  1.08918E-02,  1.02694E-02,  9.69240E-03,  9.15673E-03,  8.65887E-03,  8.19562E-03,  7.76407E-03,
  7.58041E-03,  7.99777E-03,  8.44479E-03,  8.92392E-03,  9.43782E-03,  9.98927E-03,  1.05812E-02,  1.12166E-02,  1.18985E-02,  1.26296E-02,  1.34126E-02,  1.42494E-02,  1.51411E-02,  1.60880E-02,  1.70884E-02,  1.81393E-02,  1.92357E-02,NA,NA,NA,NA,NA,NA,NA,NA,NA,NA,NA,NA,NA,NA,NA,NA,NA,NA,NA,NA,NA,NA,NA,NA,NA,NA,NA,NA,NA,NA,NA,NA,NA,NA,NA,NA,NA,  1.96439E-02,  1.83131E-02,  1.70934E-02,  1.59741E-02,  1.49458E-02,  1.40001E-02,  1.31294E-02,  1.23269E-02,  1.15866E-02,  1.09028E-02,  1.02705E-02,  9.68499E-03,  9.14226E-03,  8.63850E-03,  8.17033E-03,  7.73469E-03,
  7.53445E-03,  7.95437E-03,  8.40462E-03,  8.88782E-03,  9.40678E-03,  9.96450E-03,  1.05641E-02,  1.12090E-02,  1.19023E-02,  1.26474E-02,  1.34470E-02,  1.43035E-02,  1.52185E-02,  1.61919E-02,  1.72221E-02,  1.83052E-02,NA,NA,NA,NA,NA,NA,NA,NA,NA,NA,NA,NA,NA,NA,NA,NA,NA,NA,NA,NA,NA,NA,NA,NA,NA,NA,NA,NA,NA,NA,NA,NA,NA,NA,NA,NA,NA,NA,  1.98104E-02,  1.84444E-02,  1.71946E-02,  1.60495E-02,  1.49991E-02,  1.40347E-02,  1.31483E-02,  1.23326E-02,  1.15813E-02,  1.08883E-02,  1.02484E-02,  9.65664E-03,  9.10877E-03,  8.60082E-03,  8.12925E-03,  7.69087E-03,
  7.47336E-03,  7.89433E-03,  8.34612E-03,  8.83145E-03,  9.35329E-03,  9.91481E-03,  1.05194E-02,  1.11706E-02,  1.18720E-02,  1.26271E-02,  1.34393E-02,  1.43114E-02,  1.52451E-02,  1.62407E-02,  1.72967E-02,  1.84087E-02,NA,NA,NA,NA,NA,NA,NA,NA,NA,NA,NA,NA,NA,NA,NA,NA,NA,NA,NA,NA,NA,NA,NA,NA,NA,NA,NA,NA,NA,NA,NA,NA,NA,NA,NA,NA,NA,NA,  1.98988E-02,  1.85073E-02,  1.72355E-02,  1.60715E-02,  1.50052E-02,  1.40274E-02,  1.31298E-02,  1.23049E-02,  1.15460E-02,  1.08470E-02,  1.02022E-02,  9.60656E-03,  9.05564E-03,  8.54533E-03,  8.07198E-03,  7.63230E-03,
  7.39694E-03,  7.81737E-03,  8.26889E-03,  8.75429E-03,  9.27664E-03,  9.83924E-03,  1.04457E-02,  1.10996E-02,  1.18051E-02,  1.25658E-02,  1.33856E-02,  1.42676E-02,  1.52141E-02,  1.62259E-02,  1.73016E-02,  1.84370E-02,NA,NA,NA,NA,NA,NA,NA,NA,NA,NA,NA,NA,NA,NA,NA,NA,NA,NA,NA,NA,NA,NA,NA,NA,NA,NA,NA,NA,NA,NA,NA,NA,NA,NA,NA,NA,NA,NA,NA,  1.84945E-02,  1.72103E-02,  1.60358E-02,  1.49605E-02,  1.39753E-02,  1.30717E-02,  1.22422E-02,  1.14797E-02,  1.07779E-02,  1.01311E-02,  9.53420E-03,  8.98245E-03,  8.47173E-03,  7.99829E-03,  7.55880E-03,
  7.30516E-03,  7.72344E-03,  8.17280E-03,  8.65611E-03,  9.17645E-03,  9.73723E-03,  1.03421E-02,  1.09949E-02,  1.16998E-02,  1.24610E-02,  1.32823E-02,  1.41674E-02,  1.51192E-02,  1.61389E-02,  1.72258E-02,NA,NA,NA,NA,NA,NA,NA,NA,NA,NA,NA,NA,NA,NA,NA,NA,NA,NA,NA,NA,NA,NA,NA,NA,NA,NA,NA,NA,NA,NA,NA,NA,NA,NA,NA,NA,NA,NA,NA,NA,  1.83992E-02,  1.71139E-02,  1.59382E-02,  1.48619E-02,  1.38762E-02,  1.29725E-02,  1.21432E-02,  1.13813E-02,  1.06805E-02,  1.00349E-02,  9.43930E-03,  8.88905E-03,  8.37992E-03,  7.90815E-03,  7.47036E-03,
  7.19824E-03,  7.61272E-03,  8.05806E-03,  8.53706E-03,  9.05283E-03,  9.60875E-03,  1.02085E-02,  1.08560E-02,  1.15555E-02,  1.23111E-02,  1.31272E-02,  1.40076E-02,  1.49555E-02,  1.59728E-02,  1.70593E-02,NA,NA,NA,NA,NA,NA,NA,NA,NA,NA,NA,NA,NA,NA,NA,NA,NA,NA,NA,NA,NA,NA,NA,NA,NA,NA,NA,NA,NA,NA,NA,NA,NA,NA,NA,NA,NA,NA,NA,NA,  1.82156E-02,  1.69420E-02,  1.57757E-02,  1.47074E-02,  1.37286E-02,  1.28310E-02,  1.20074E-02,  1.12506E-02,  1.05546E-02,  9.91339E-03,  9.32194E-03,  8.77555E-03,  8.27005E-03,  7.80169E-03,  7.36714E-03,
  7.07657E-03,  7.48569E-03,  7.92515E-03,  8.39769E-03,  8.90633E-03,  9.45439E-03,  1.00454E-02,  1.06833E-02,  1.13722E-02,  1.21162E-02,  1.29196E-02,  1.37865E-02,  1.47200E-02,  1.57226E-02,  1.67947E-02,NA,NA,NA,NA,NA,NA,NA,NA,NA,NA,NA,NA,NA,NA,NA,NA,NA,NA,NA,NA,NA,NA,NA,NA,NA,NA,NA,NA,NA,NA,NA,NA,NA,NA,NA,NA,NA,NA,NA,NA,  1.79398E-02,  1.66919E-02,  1.55468E-02,  1.44961E-02,  1.35322E-02,  1.26475E-02,  1.18350E-02,  1.10880E-02,  1.04006E-02,  9.76712E-03,  9.18255E-03,  8.64237E-03,  8.14250E-03,  7.67929E-03,  7.24945E-03,
  6.94080E-03,  7.34307E-03,  7.77492E-03,  8.23896E-03,  8.73806E-03,  9.27536E-03,  9.85422E-03,  1.04783E-02,  1.11515E-02,  1.18777E-02,  1.26609E-02,  1.35050E-02,  1.44132E-02,  1.53876E-02,  1.64290E-02,NA,NA,NA,NA,NA,NA,NA,NA,NA,NA,NA,NA,NA,NA,NA,NA,NA,NA,NA,NA,NA,NA,NA,NA,NA,NA,NA,NA,NA,NA,NA,NA,NA,NA,NA,NA,NA,NA,NA,NA,NA,  1.63637E-02,  1.52518E-02,  1.42288E-02,  1.32880E-02,  1.24229E-02,  1.16271E-02,  1.08946E-02,  1.02196E-02,  9.59701E-03,  9.02201E-03,  8.49029E-03,  7.99796E-03,  7.54151E-03,  7.11780E-03,
  6.79176E-03,  7.18585E-03,  7.60854E-03,  8.06226E-03,  8.54964E-03,  9.07357E-03,  9.63710E-03,  1.02435E-02,  1.08963E-02,  1.15989E-02,  1.23548E-02,  1.31673E-02,  1.40390E-02,  1.49717E-02,  1.59657E-02,NA,NA,NA,NA,NA,NA,NA,NA,NA,NA,NA,NA,NA,NA,NA,NA,NA,NA,NA,NA,NA,NA,NA,NA,NA,NA,NA,NA,NA,NA,NA,NA,NA,NA,NA,NA,NA,NA,NA,NA,NA,  1.59604E-02,  1.48940E-02,  1.39085E-02,  1.29989E-02,  1.21599E-02,  1.13861E-02,  1.06723E-02,  1.00133E-02,  9.40457E-03,  8.84158E-03,  8.32038E-03,  7.83735E-03,  7.38917E-03,  6.97287E-03,
  6.63047E-03,  7.01527E-03,  7.42749E-03,  7.86935E-03,  8.34320E-03,  8.85157E-03,  9.39712E-03,  9.98266E-03,  1.06110E-02,  1.12851E-02,  1.20074E-02,  1.27805E-02,  1.36059E-02,  1.44844E-02,  1.54153E-02,NA,NA,NA,NA,NA,NA,NA,NA,NA,NA,NA,NA,NA,NA,NA,NA,NA,NA,NA,NA,NA,NA,NA,NA,NA,NA,NA,NA,NA,NA,NA,NA,NA,NA,NA,NA,NA,NA,NA,NA,NA,  1.54896E-02,  1.44798E-02,  1.35407E-02,  1.26695E-02,  1.18624E-02,  1.11153E-02,  1.04240E-02,  9.78419E-03,  9.19180E-03,  8.64296E-03,  8.13409E-03,  7.66186E-03,  7.22325E-03,  6.81549E-03,
  6.45812E-03,  6.83274E-03,  7.23349E-03,  7.66232E-03,  8.12127E-03,  8.61246E-03,  9.13808E-03,  9.70032E-03,  1.03013E-02,  1.09431E-02,  1.16272E-02,  1.23548E-02,  1.31263E-02,  1.39407E-02,  1.47959E-02,NA,NA,NA,NA,NA,NA,NA,NA,NA,NA,NA,NA,NA,NA,NA,NA,NA,NA,NA,NA,NA,NA,NA,NA,NA,NA,NA,NA,NA,NA,NA,NA,NA,NA,NA,NA,NA,NA,NA,NA,NA,  1.49632E-02,  1.40190E-02,  1.31336E-02,  1.23065E-02,  1.15359E-02,  1.08192E-02,  1.01534E-02,  9.53521E-03,  8.96123E-03,  8.42823E-03,  7.93310E-03,  7.47290E-03,  7.04493E-03,  6.64663E-03,
  6.27599E-03,  6.63983E-03,  7.02845E-03,  7.44352E-03,  7.88674E-03,  8.35979E-03,  8.86434E-03,  9.40194E-03,  9.97391E-03,  1.05813E-02,  1.12244E-02,  1.19032E-02,  1.26162E-02,  1.33607E-02,  1.41323E-02,NA,NA,NA,NA,NA,NA,NA,NA,NA,NA,NA,NA,NA,NA,NA,NA,NA,NA,NA,NA,NA,NA,NA,NA,NA,NA,NA,NA,NA,NA,NA,NA,NA,NA,NA,NA,NA,NA,NA,NA,  1.53115E-02,  1.43979E-02,  1.35251E-02,  1.26978E-02,  1.19184E-02,  1.11873E-02,  1.05034E-02,  9.86505E-03,  9.27001E-03,  8.71578E-03,  8.19975E-03,  7.71935E-03,  7.27206E-03,  6.85549E-03,  6.46737E-03,
  6.08542E-03,  6.43817E-03,  6.81437E-03,  7.21542E-03,  7.64266E-03,  8.09736E-03,  8.58065E-03,  9.09341E-03,  9.63617E-03,  1.02089E-02,  1.08109E-02,  1.14404E-02,  1.20943E-02,  1.27678E-02,  1.34539E-02,NA,NA,NA,NA,NA,NA,NA,NA,NA,NA,NA,NA,NA,NA,NA,NA,NA,NA,NA,NA,NA,NA,NA,NA,NA,NA,NA,NA,NA,NA,NA,NA,NA,NA,NA,NA,NA,NA,NA,NA,  1.46391E-02,  1.38145E-02,  1.30141E-02,  1.22461E-02,  1.15154E-02,  1.08245E-02,  1.01741E-02,  9.56387E-03,  8.99259E-03,  8.45864E-03,  7.96010E-03,  7.49493E-03,  7.06102E-03,  6.65631E-03,  6.27882E-03,
  5.88772E-03,  6.22938E-03,  6.59326E-03,  6.98049E-03,  7.39211E-03,  7.82901E-03,  8.29181E-03,  8.78081E-03,  9.29577E-03,  9.83578E-03,  1.03989E-02,  1.09821E-02,  1.15805E-02,  1.21873E-02,  1.27932E-02,NA,NA,NA,NA,NA,NA,NA,NA,NA,NA,NA,NA,NA,NA,NA,NA,NA,NA,NA,NA,NA,NA,NA,NA,NA,NA,NA,NA,NA,NA,NA,NA,NA,NA,NA,NA,NA,NA,NA,NA,  1.39771E-02,  1.32359E-02,  1.25041E-02,  1.17925E-02,  1.11084E-02,  1.04561E-02,  9.83812E-03,  9.25517E-03,  8.70713E-03,  8.19315E-03,  7.71194E-03,  7.26195E-03,  6.84149E-03,  6.44879E-03,  6.08212E-03,
  5.68417E-03,  6.01502E-03,  6.36702E-03,  6.74110E-03,  7.13804E-03,  7.55842E-03,  8.00247E-03,  8.46998E-03,  8.96011E-03,  9.47119E-03,  1.00004E-02,  1.05435E-02,  1.10943E-02,  1.16443E-02,  1.21823E-02,NA,NA,NA,NA,NA,NA,NA,NA,NA,NA,NA,NA,NA,NA,NA,NA,NA,NA,NA,NA,NA,NA,NA,NA,NA,NA,NA,NA,NA,NA,NA,NA,NA,NA,NA,NA,NA,NA,NA,NA,  1.33561E-02,  1.26861E-02,  1.20135E-02,  1.13512E-02,  1.07083E-02,  1.00907E-02,  9.50207E-03,  8.94419E-03,  8.41775E-03,  7.92256E-03,  7.45785E-03,  7.02249E-03,  6.61513E-03,  6.23426E-03,  5.87835E-03,
  5.47588E-03,  5.79645E-03,  6.13734E-03,  6.49934E-03,  6.88307E-03,  7.28888E-03,  7.71675E-03,  8.16615E-03,  8.63584E-03,  9.12366E-03,  9.62619E-03,  1.01385E-02,  1.06534E-02,  1.11617E-02,  1.16505E-02,  1.21041E-02,NA,NA,NA,NA,NA,NA,NA,NA,NA,NA,NA,NA,NA,NA,NA,NA,NA,NA,NA,NA,NA,NA,NA,NA,NA,NA,NA,NA,NA,NA,NA,NA,NA,NA,NA,NA,NA,NA,NA,  1.28051E-02,  1.21873E-02,  1.15593E-02,  1.09354E-02,  1.03254E-02,  9.73622E-03,  9.17215E-03,  8.63574E-03,  8.12821E-03,  7.64982E-03,  7.20016E-03,  6.77841E-03,  6.38344E-03,  6.01394E-03,  5.66853E-03,
  5.26379E-03,  5.57481E-03,  5.90561E-03,  6.25694E-03,  6.62933E-03,  7.02308E-03,  7.43805E-03,  7.87362E-03,  8.32841E-03,  8.80011E-03,  9.28517E-03,  9.77841E-03,  1.02727E-02,  1.07582E-02,  1.12224E-02,  1.16490E-02,NA,NA,NA,NA,NA,NA,NA,NA,NA,NA,NA,NA,NA,NA,NA,NA,NA,NA,NA,NA,NA,NA,NA,NA,NA,NA,NA,NA,NA,NA,NA,NA,NA,NA,NA,NA,NA,NA,  1.29077E-02,  1.23480E-02,  1.17580E-02,  1.11562E-02,  1.05563E-02,  9.96837E-03,  9.39927E-03,  8.85352E-03,  8.33386E-03,  7.84168E-03,  7.37743E-03,  6.94086E-03,  6.53129E-03,  6.14769E-03,  5.78885E-03,  5.45347E-03,
  5.04860E-03,  5.35093E-03,  5.67285E-03,  6.01513E-03,  6.37838E-03,  6.76293E-03,  7.16878E-03,  7.59542E-03,  8.04167E-03,  8.50548E-03,  8.98362E-03,  9.47141E-03,  9.96229E-03,  1.04475E-02,  1.09153E-02,  1.13509E-02,  1.17358E-02,NA,NA,NA,NA,NA,NA,NA,NA,NA,NA,NA,NA,NA,NA,NA,NA,NA,NA,NA,NA,NA,NA,NA,NA,NA,NA,NA,NA,NA,NA,NA,NA,NA,NA,NA,NA,NA,  1.25691E-02,  1.20019E-02,  1.14116E-02,  1.08142E-02,  1.02219E-02,  9.64338E-03,  9.08473E-03,  8.54997E-03,  8.04148E-03,  7.56046E-03,  7.10721E-03,  6.68140E-03,  6.28229E-03,  5.90882E-03,  5.55978E-03,  5.23384E-03,
  4.83073E-03,  5.12532E-03,  5.43965E-03,  5.77462E-03,  6.13103E-03,  6.50945E-03,  6.91018E-03,  7.33312E-03,  7.77761E-03,  8.24226E-03,  8.72475E-03,  9.22155E-03,  9.72763E-03,  1.02361E-02,  1.07380E-02,  1.12215E-02,  1.16724E-02,NA,NA,NA,NA,NA,NA,NA,NA,NA,NA,NA,NA,NA,NA,NA,NA,NA,NA,NA,NA,NA,NA,NA,NA,NA,NA,NA,NA,NA,NA,NA,NA,NA,NA,NA,NA,  1.29798E-02,  1.23882E-02,  1.17749E-02,  1.11546E-02,  1.05388E-02,  9.93640E-03,  9.35373E-03,  8.79519E-03,  8.26353E-03,  7.76024E-03,  7.28585E-03,  6.84020E-03,  6.42262E-03,  6.03210E-03,  5.66742E-03,  5.32721E-03,  5.01005E-03,
  4.61032E-03,  4.89809E-03,  5.20609E-03,  5.53548E-03,  5.88735E-03,  6.26268E-03,  6.66227E-03,  7.08670E-03,  7.53614E-03,  8.01034E-03,  8.50840E-03,  9.02863E-03,  9.56840E-03,  1.01239E-02,  1.06901E-02,  1.12605E-02,  1.18271E-02,  1.23809E-02,NA,NA,NA,NA,NA,NA,NA,NA,NA,NA,NA,NA,NA,NA,NA,NA,NA,NA,NA,NA,NA,NA,NA,NA,NA,NA,NA,NA,NA,NA,NA,NA,NA,NA,NA,  1.30704E-02,  1.23626E-02,  1.16658E-02,  1.09863E-02,  1.03296E-02,  9.69965E-03,  9.09945E-03,  8.53075E-03,  7.99434E-03,  7.49027E-03,  7.01800E-03,  6.57656E-03,  6.16467E-03,  5.78089E-03,  5.42364E-03,  5.09131E-03,  4.78228E-03,
  4.38721E-03,  4.66899E-03,  4.97182E-03,  5.29719E-03,  5.64662E-03,  6.02164E-03,  6.42378E-03,  6.85449E-03,  7.31514E-03,  7.80696E-03,  8.33099E-03,  8.88804E-03,  9.47868E-03,  1.01033E-02,  1.07620E-02,  1.14553E-02,  1.21840E-02,  1.29506E-02,NA,NA,NA,NA,NA,NA,NA,NA,NA,NA,NA,NA,NA,NA,NA,NA,NA,NA,NA,NA,NA,NA,NA,NA,NA,NA,NA,NA,NA,NA,NA,NA,NA,NA,NA,  1.33449E-02,  1.24778E-02,  1.16637E-02,  1.08988E-02,  1.01805E-02,  9.50724E-03,  8.87724E-03,  8.28892E-03,  7.74054E-03,  7.23019E-03,  6.75587E-03,  6.31552E-03,  5.90701E-03,  5.52827E-03,  5.17723E-03,  4.85192E-03,  4.55044E-03,
  4.16095E-03,  4.43738E-03,  4.73597E-03,  5.05862E-03,  5.40736E-03,  5.78443E-03,  6.19221E-03,  6.63328E-03,  7.11044E-03,  7.62677E-03,  8.18567E-03,  8.79099E-03,  9.44719E-03,  1.01596E-02,  1.09350E-02,  1.17820E-02,  1.27122E-02,  1.37419E-02,NA,NA,NA,NA,NA,NA,NA,NA,NA,NA,NA,NA,NA,NA,NA,NA,NA,NA,NA,NA,NA,NA,NA,NA,NA,NA,NA,NA,NA,NA,NA,NA,NA,NA,NA,  1.37691E-02,  1.27079E-02,  1.17491E-02,  1.08771E-02,  1.00806E-02,  9.35067E-03,  8.68064E-03,  8.06481E-03,  7.49839E-03,  6.97715E-03,  6.49732E-03,  6.05545E-03,  5.64841E-03,  5.27332E-03,  4.92752E-03,  4.60857E-03,  4.31421E-03,
  3.93084E-03,  4.20235E-03,  4.49731E-03,  4.81813E-03,  5.16744E-03,  5.54827E-03,  5.96398E-03,  6.41846E-03,  6.91614E-03,  7.46220E-03,  8.06272E-03,  8.72500E-03,  9.45791E-03,  1.02725E-02,  1.11826E-02,  1.22064E-02,  1.33676E-02,  1.46980E-02,NA,NA,NA,NA,NA,NA,NA,NA,NA,NA,NA,NA,NA,NA,NA,NA,NA,NA,NA,NA,NA,NA,NA,NA,NA,NA,NA,NA,NA,NA,NA,NA,NA,NA,  1.57701E-02,  1.42964E-02,  1.30175E-02,  1.18950E-02,  1.09009E-02,  1.00139E-02,  9.21793E-03,  8.50045E-03,  7.85137E-03,  7.26250E-03,  6.72703E-03,  6.23916E-03,  5.79394E-03,  5.38704E-03,  5.01467E-03,  4.67348E-03,  4.36049E-03,  4.07304E-03,
  3.69597E-03,  3.96265E-03,  4.25424E-03,  4.57363E-03,  4.92415E-03,  5.30965E-03,  5.73460E-03,  6.20427E-03,  6.72484E-03,  7.30377E-03,  7.95002E-03,  8.67457E-03,  9.49100E-03,  1.04164E-02,  1.14723E-02,  1.26867E-02,  1.40961E-02,  1.57485E-02,NA,NA,NA,NA,NA,NA,NA,NA,NA,NA,NA,NA,NA,NA,NA,NA,NA,NA,NA,NA,NA,NA,NA,NA,NA,NA,NA,NA,NA,NA,NA,NA,NA,NA,  1.66455E-02,  1.48715E-02,  1.33642E-02,  1.20690E-02,  1.09450E-02,  9.96133E-03,  9.09426E-03,  8.32530E-03,  7.63983E-03,  7.02612E-03,  6.47461E-03,  5.97741E-03,  5.52792E-03,  5.12055E-03,  4.75053E-03,  4.41376E-03,  4.10669E-03,  3.82620E-03,
NA,  3.71689E-03,  4.00489E-03,  4.32271E-03,  4.67436E-03,  5.06456E-03,  5.49891E-03,  5.98408E-03,  6.52810E-03,  7.14069E-03,  7.83377E-03,  8.62207E-03,  9.52393E-03,  1.05625E-02,  1.17671E-02,  1.31755E-02,  1.48368E-02,  1.68151E-02,NA,NA,NA,NA,NA,NA,NA,NA,NA,NA,NA,NA,NA,NA,NA,NA,NA,NA,NA,NA,NA,NA,NA,NA,NA,NA,NA,NA,NA,NA,NA,NA,NA,NA,  1.75026E-02,  1.54342E-02,  1.37017E-02,  1.22352E-02,  1.09819E-02,  9.90152E-03,  8.96309E-03,  8.14236E-03,  7.42026E-03,  6.78156E-03,  6.21397E-03,  5.70749E-03,  5.25387E-03,  4.84624E-03,  4.47885E-03,  4.14682E-03,  3.84600E-03,NA,
NA,  3.46353E-03,  3.74727E-03,  4.06276E-03,  4.41471E-03,  4.80868E-03,  5.25136E-03,  5.75081E-03,  6.31683E-03,  6.96138E-03,  7.69923E-03,  8.54870E-03,  9.53273E-03,  1.06802E-02,  1.20279E-02,  1.36229E-02,  1.55259E-02,  1.78159E-02,NA,NA,NA,NA,NA,NA,NA,NA,NA,NA,NA,NA,NA,NA,NA,NA,NA,NA,NA,NA,NA,NA,NA,NA,NA,NA,NA,NA,NA,NA,NA,NA,NA,NA,NA,  1.59239E-02,  1.39828E-02,  1.23569E-02,  1.09828E-02,  9.81212E-03,  8.80703E-03,  7.93812E-03,  7.18215E-03,  6.52065E-03,  5.93877E-03,  5.42450E-03,  4.96801E-03,  4.56121E-03,  4.19741E-03,  3.87097E-03,  3.57717E-03,NA,
NA,  3.20101E-03,  3.47932E-03,  3.79113E-03,  4.14176E-03,  4.53758E-03,  4.98629E-03,  5.49724E-03,  6.08184E-03,  6.75413E-03,  7.53149E-03,  8.43553E-03,  9.49333E-03,  1.07390E-02,  1.22160E-02,  1.39794E-02,  1.61005E-02,NA,NA,NA,NA,NA,NA,NA,NA,NA,NA,NA,NA,NA,NA,NA,NA,NA,NA,NA,NA,NA,NA,NA,NA,NA,NA,NA,NA,NA,NA,NA,NA,NA,NA,NA,NA,  1.62828E-02,  1.41621E-02,  1.23984E-02,  1.09200E-02,  9.67125E-03,  8.60895E-03,  7.69914E-03,  6.91501E-03,  6.23522E-03,  5.64264E-03,  5.12349E-03,  4.66652E-03,  4.26254E-03,  3.90397E-03,  3.58451E-03,  3.29893E-03,NA,
NA,  2.92784E-03,  3.19909E-03,  3.50526E-03,  3.85222E-03,  4.24703E-03,  4.69827E-03,  5.21641E-03,  5.81428E-03,  6.50771E-03,  7.31629E-03,  8.26447E-03,  9.38284E-03,  1.07100E-02,  1.22946E-02,  1.41989E-02,  1.65022E-02,NA,NA,NA,NA,NA,NA,NA,NA,NA,NA,NA,NA,NA,NA,NA,NA,NA,NA,NA,NA,NA,NA,NA,NA,NA,NA,NA,NA,NA,NA,NA,NA,NA,NA,NA,NA,  1.64597E-02,  1.41990E-02,  1.23276E-02,  1.07677E-02,  9.45863E-03,  8.35284E-03,  7.41285E-03,  6.60896E-03,  5.91752E-03,  5.31956E-03,  4.79978E-03,  4.34578E-03,  3.94742E-03,  3.59640E-03,  3.28585E-03,  3.01007E-03,NA,
NA,  2.64267E-03,  2.90480E-03,  3.20284E-03,  3.54308E-03,  3.93316E-03,  4.38235E-03,  4.90203E-03,  5.50614E-03,  6.21193E-03,  7.04076E-03,  8.01925E-03,  9.18074E-03,  1.05671E-02,  1.22313E-02,  1.42403E-02,  1.66797E-02,NA,NA,NA,NA,NA,NA,NA,NA,NA,NA,NA,NA,NA,NA,NA,NA,NA,NA,NA,NA,NA,NA,NA,NA,NA,NA,NA,NA,NA,NA,NA,NA,NA,NA,NA,NA,  1.64125E-02,  1.40592E-02,  1.21168E-02,  1.05039E-02,  9.15670E-03,  8.02475E-03,  7.06818E-03,  6.25528E-03,  5.56071E-03,  4.96416E-03,  4.44920E-03,  4.00256E-03,  3.61339E-03,  3.27282E-03,  2.97356E-03,  2.70956E-03,NA,
NA,  2.34442E-03,  2.59500E-03,  2.88193E-03,  3.21182E-03,  3.59270E-03,  4.03434E-03,  4.54873E-03,  5.15061E-03,  5.85819E-03,  6.69403E-03,  7.68622E-03,  8.86988E-03,  1.02890E-02,  1.19992E-02,  1.40705E-02,  1.65917E-02,NA,NA,NA,NA,NA,NA,NA,NA,NA,NA,NA,NA,NA,NA,NA,NA,NA,NA,NA,NA,NA,NA,NA,NA,NA,NA,NA,NA,NA,NA,NA,NA,NA,NA,NA,NA,NA,  1.37167E-02,  1.17447E-02,  1.01113E-02,  8.75142E-03,  7.61340E-03,  6.65614E-03,  5.84682E-03,  5.15916E-03,  4.57201E-03,  4.06831E-03,  3.63420E-03,  3.25841E-03,  2.93171E-03,  2.64652E-03,  2.39659E-03,NA,
NA,  2.03230E-03,  2.26859E-03,  2.54108E-03,  2.85653E-03,  3.22316E-03,  3.65102E-03,  4.15241E-03,  4.74247E-03,  5.43989E-03,  6.26779E-03,  7.25496E-03,  8.43728E-03,  9.85965E-03,  1.15785E-02,  1.36647E-02,  1.62082E-02,NA,NA,NA,NA,NA,NA,NA,NA,NA,NA,NA,NA,NA,NA,NA,NA,NA,NA,NA,NA,NA,NA,NA,NA,NA,NA,NA,NA,NA,NA,NA,NA,NA,NA,NA,NA,NA,  1.31544E-02,  1.11968E-02,  9.57779E-03,  8.23290E-03,  7.11075E-03,  6.17023E-03,  5.37839E-03,  4.70874E-03,  4.13991E-03,  3.65462E-03,  3.23881E-03,  2.88107E-03,  2.57202E-03,  2.30398E-03,  2.07063E-03,NA,
NA,  1.70590E-03,  1.92497E-03,  2.17942E-03,  2.47601E-03,  2.82296E-03,  3.23032E-03,  3.71040E-03,  4.27832E-03,  4.95273E-03,  5.75669E-03,  6.71883E-03,  7.87474E-03,  9.26887E-03,  1.09568E-02,  1.30085E-02,  1.55115E-02,NA,NA,NA,NA,NA,NA,NA,NA,NA,NA,NA,NA,NA,NA,NA,NA,NA,NA,NA,NA,NA,NA,NA,NA,NA,NA,NA,NA,NA,NA,NA,NA,NA,NA,NA,NA,NA,  1.23643E-02,  1.04660E-02,  8.89706E-03,  7.59571E-03,  6.51224E-03,  5.60672E-03,  4.84699E-03,  4.20708E-03,  3.66599E-03,  3.20669E-03,  2.81533E-03,  2.48059E-03,  2.19322E-03,  1.94562E-03,  1.73153E-03,NA,
NA,  1.36522E-03,  1.56405E-03,  1.79674E-03,  2.06990E-03,  2.39154E-03,  2.77146E-03,  3.22163E-03,  3.75676E-03,  4.39495E-03,  5.15853E-03,  6.07515E-03,  7.17911E-03,  8.51307E-03,  1.01303E-02,  1.20972E-02,  1.44973E-02,NA,NA,NA,NA,NA,NA,NA,NA,NA,NA,NA,NA,NA,NA,NA,NA,NA,NA,NA,NA,NA,NA,NA,NA,NA,NA,NA,NA,NA,NA,NA,NA,NA,NA,NA,NA,NA,  1.13477E-02,  9.55219E-03,  8.06854E-03,  6.83902E-03,  5.81700E-03,  4.96480E-03,  4.25190E-03,  3.65360E-03,  3.14984E-03,  2.72428E-03,  2.36361E-03,  2.05695E-03,  1.79539E-03,  1.57158E-03,  1.37950E-03,NA,
NA,  1.01072E-03,  1.18627E-03,  1.39349E-03,  1.63866E-03,  1.92938E-03,  2.27493E-03,  2.68666E-03,  3.17845E-03,  3.76736E-03,  4.47437E-03,  5.32537E-03,  6.35238E-03,  7.59509E-03,  9.10278E-03,  1.09368E-02,  1.31738E-02,NA,NA,NA,NA,NA,NA,NA,NA,NA,NA,NA,NA,NA,NA,NA,NA,NA,NA,NA,NA,NA,NA,NA,NA,NA,NA,NA,NA,NA,NA,NA,NA,NA,NA,NA,NA,NA,  1.01142E-02,  8.46238E-03,  7.09724E-03,  5.96651E-03,  5.02776E-03,  4.24651E-03,  3.59475E-03,  3.04962E-03,  2.59254E-03,  2.20830E-03,  1.88449E-03,  1.61092E-03,  1.37922E-03,  1.18252E-03,  1.01515E-03,NA,
NA,  6.43301E-04,  7.92648E-04,  9.70826E-04,  1.18361E-03,  1.43802E-03,  1.74259E-03,  2.10773E-03,  2.54612E-03,  3.07334E-03,  3.70846E-03,  4.47490E-03,  5.40152E-03,  6.52394E-03,  7.88617E-03,  9.54270E-03,  1.15612E-02,NA,NA,NA,NA,NA,NA,NA,NA,NA,NA,NA,NA,NA,NA,NA,NA,NA,NA,NA,NA,NA,NA,NA,NA,NA,NA,NA,NA,NA,NA,NA,NA,NA,NA,NA,NA,NA,  8.68096E-03,  7.20982E-03,  5.99335E-03,  4.98604E-03,  4.15064E-03,  3.45671E-03,  2.87937E-03,  2.39823E-03,  1.99663E-03,  1.66087E-03,  1.37974E-03,  1.14399E-03,  9.46032E-04,  7.79592E-04,  6.39491E-04,NA,
NA,  2.64297E-04,  3.84740E-04,  5.30559E-04,  7.06912E-04,  9.20044E-04,  1.17754E-03,  1.48859E-03,  1.86442E-03,  2.31867E-03,  2.86802E-03,  3.53284E-03,  4.33808E-03,  5.31436E-03,  6.49926E-03,  7.93905E-03,  9.69075E-03,NA,NA,NA,NA,NA,NA,NA,NA,NA,NA,NA,NA,NA,NA,NA,NA,NA,NA,NA,NA,NA,NA,NA,NA,NA,NA,NA,NA,NA,NA,NA,NA,NA,NA,NA,NA,  8.59413E-03,  7.07209E-03,  5.81328E-03,  4.77166E-03,  3.90928E-03,  3.19489E-03,  2.60275E-03,  2.11168E-03,  1.70422E-03,  1.36601E-03,  1.08520E-03,  8.52021E-04,  6.58415E-04,  4.97717E-04,  3.64413E-04,  2.53941E-04,NA,
NA, -1.24543E-04, -3.54043E-05,  7.51243E-05,  2.11460E-04,  3.78937E-04,  5.84002E-04,  8.34451E-04,  1.13972E-03,  1.51126E-03,  1.96292E-03,  2.51155E-03,  3.17761E-03,  3.98600E-03,  4.96700E-03,  6.15758E-03,  7.60283E-03,NA,NA,NA,NA,NA,NA,NA,NA,NA,NA,NA,NA,NA,NA,NA,NA,NA,NA,NA,NA,NA,NA,NA,NA,NA,NA,NA,NA,NA,NA,NA,NA,NA,NA,NA,NA,  6.54893E-03,  5.31704E-03,  4.29623E-03,  3.45082E-03,  2.75112E-03,  2.17243E-03,  1.69420E-03,  1.29939E-03,  9.73837E-04,  7.05784E-04,  4.85477E-04,  3.04819E-04,  1.57092E-04,  3.67161E-05, -6.09427E-05, -1.39734E-04,NA,
NA, -5.21106E-04, -4.65284E-04, -3.92501E-04, -2.99172E-04, -1.80988E-04, -3.27700E-05,  1.51702E-04,  3.79905E-04,  6.60818E-04,  1.00523E-03,  1.42609E-03,  1.93896E-03,  2.56252E-03,  3.31919E-03,  4.23591E-03,  5.34502E-03,NA,NA,NA,NA,NA,NA,NA,NA,NA,NA,NA,NA,NA,NA,NA,NA,NA,NA,NA,NA,NA,NA,NA,NA,NA,NA,NA,NA,NA,NA,NA,NA,NA,NA,NA,NA,  4.36886E-03,  3.44957E-03,  2.68577E-03,  2.05260E-03,  1.52904E-03,  1.09732E-03,  7.42421E-04,  4.51720E-04,  2.14586E-04,  2.20924E-05, -1.33245E-04, -2.57695E-04, -3.56504E-04, -4.34058E-04, -4.94021E-04, -5.39451E-04,NA,
NA, -9.22968E-04, -9.02026E-04, -8.68888E-04, -8.20867E-04, -7.54758E-04, -6.66744E-04, -5.52287E-04, -4.06001E-04, -2.21510E-04,  8.71756E-06,  2.93557E-04,  6.43436E-04,  1.07056E-03,  1.58920E-03,  2.21592E-03,  2.96994E-03,NA,NA,NA,NA,NA,NA,NA,NA,NA,NA,NA,NA,NA,NA,NA,NA,NA,NA,NA,NA,NA,NA,NA,NA,NA,NA,NA,NA,NA,NA,NA,NA,NA,NA,NA,NA,  2.09949E-03,  1.50652E-03,  1.01162E-03,  6.00989E-04,  2.62426E-04, -1.47500E-05, -2.39859E-04, -4.20978E-04, -5.65075E-04, -6.78129E-04, -7.65250E-04, -8.30789E-04, -8.78435E-04, -9.11311E-04, -9.32047E-04, -9.42859E-04,NA,
NA, -1.32747E-03, -1.34247E-03, -1.35026E-03, -1.34909E-03, -1.33691E-03, -1.31130E-03, -1.26946E-03, -1.20814E-03, -1.12363E-03, -1.01171E-03, -8.67625E-04, -6.86114E-04, -4.61448E-04, -1.87533E-04,  1.41915E-04,  5.33081E-04,NA,NA,NA,NA,NA,NA,NA,NA,NA,NA,NA,NA,NA,NA,NA,NA,NA,NA,NA,NA,NA,NA,NA,NA,NA,NA,NA,NA,NA,NA,NA,NA,NA,NA,NA,NA, -2.11661E-04, -4.73608E-04, -6.94996E-04, -8.78717E-04, -1.02819E-03, -1.14708E-03, -1.23903E-03, -1.30759E-03, -1.35603E-03, -1.38738E-03, -1.40435E-03, -1.40933E-03, -1.40442E-03, -1.39146E-03, -1.37201E-03, -1.34741E-03,NA,
NA, -1.73178E-03, -1.78326E-03, -1.83262E-03, -1.87906E-03, -1.92167E-03, -1.95946E-03, -1.99134E-03, -2.01620E-03, -2.03295E-03, -2.04060E-03, -2.03843E-03, -2.02620E-03, -2.00445E-03, -1.97492E-03, -1.94122E-03, -1.90961E-03,NA,NA,NA,NA,NA,NA,NA,NA,NA,NA,NA,NA,NA,NA,NA,NA,NA,NA,NA,NA,NA,NA,NA,NA,NA,NA,NA,NA,NA,NA,NA,NA,NA,NA,NA,NA,NA, -2.45192E-03, -2.40250E-03, -2.36081E-03, -2.32187E-03, -2.28257E-03, -2.24111E-03, -2.19662E-03, -2.14883E-03, -2.09787E-03, -2.04407E-03, -1.98793E-03, -1.92997E-03, -1.87073E-03, -1.81072E-03, -1.75042E-03,NA,
NA, -2.13298E-03, -2.22093E-03, -2.31184E-03, -2.40584E-03, -2.50315E-03, -2.60413E-03, -2.70937E-03, -2.81980E-03, -2.93681E-03, -3.06251E-03, -3.19997E-03, -3.35364E-03, -3.52988E-03, -3.73772E-03, -3.98983E-03, -4.30393E-03,NA,NA,NA,NA,NA,NA,NA,NA,NA,NA,NA,NA,NA,NA,NA,NA,NA,NA,NA,NA,NA,NA,NA,NA,NA,NA,NA,NA,NA,NA,NA,NA,NA,NA,NA,NA,NA, -4.39058E-03, -4.08006E-03, -3.82013E-03, -3.59801E-03, -3.40431E-03, -3.23218E-03, -3.07661E-03, -2.93400E-03, -2.80172E-03, -2.67789E-03, -2.56115E-03, -2.45052E-03, -2.34529E-03, -2.24496E-03, -2.14913E-03,NA,
NA, -2.52814E-03, -2.65202E-03, -2.78383E-03, -2.92456E-03, -3.07551E-03, -3.23831E-03, -3.41513E-03, -3.60878E-03, -3.82296E-03, -4.06259E-03, -4.33417E-03, -4.64638E-03, -5.01079E-03, -5.44284E-03, -5.96322E-03, -6.59961E-03,NA,NA,NA,NA,NA,NA,NA,NA,NA,NA,NA,NA,NA,NA,NA,NA,NA,NA,NA,NA,NA,NA,NA,NA,NA,NA,NA,NA,NA,NA,NA,NA,NA,NA,NA,NA,NA, -6.25415E-03, -5.69869E-03, -5.23288E-03, -4.83703E-03, -4.49617E-03, -4.19890E-03, -3.93651E-03, -3.70234E-03, -3.49128E-03, -3.29939E-03, -3.12360E-03, -2.96154E-03, -2.81133E-03, -2.67148E-03, -2.54081E-03,NA,
NA, -2.91440E-03, -3.07317E-03, -3.24460E-03, -3.43050E-03, -3.63314E-03, -3.85534E-03, -4.10066E-03, -4.37361E-03, -4.67993E-03, -5.02702E-03, -5.42437E-03, -5.88428E-03, -6.42275E-03, -7.06061E-03, -7.82518E-03, -8.75232E-03,NA,NA,NA,NA,NA,NA,NA,NA,NA,NA,NA,NA,NA,NA,NA,NA,NA,NA,NA,NA,NA,NA,NA,NA,NA,NA,NA,NA,NA,NA,NA,NA,NA,NA,NA,NA,NA, -8.01088E-03, -7.23225E-03, -6.57748E-03, -6.02106E-03, -5.54329E-03, -5.12890E-03, -4.76597E-03, -4.44521E-03, -4.15929E-03, -3.90247E-03, -3.67015E-03, -3.45869E-03, -3.26516E-03, -3.08717E-03, -2.92279E-03,NA,
NA, -3.28902E-03, -3.48117E-03, -3.69039E-03, -3.91923E-03, -4.17082E-03, -4.44903E-03, -4.75862E-03, -5.10558E-03, -5.49738E-03, -5.94348E-03, -6.45586E-03, -7.04976E-03, -7.74469E-03, -8.56574E-03, -9.54527E-03, -1.07253E-02,NA,NA,NA,NA,NA,NA,NA,NA,NA,NA,NA,NA,NA,NA,NA,NA,NA,NA,NA,NA,NA,NA,NA,NA,NA,NA,NA,NA,NA,NA,NA,NA,NA,NA,NA,NA,NA, -9.63381E-03, -8.65835E-03, -7.83522E-03, -7.13442E-03, -6.53252E-03, -6.01111E-03, -5.55568E-03, -5.15474E-03, -4.79912E-03, -4.48151E-03, -4.19603E-03, -3.93792E-03, -3.70332E-03, -3.48905E-03, -3.29252E-03,NA,
NA, -3.64947E-03, -3.87307E-03, -4.11776E-03, -4.38672E-03, -4.68384E-03, -5.01385E-03, -5.38253E-03, -5.79707E-03, -6.26635E-03, -6.80145E-03, -7.41625E-03, -8.12822E-03, -8.95946E-03, -9.93802E-03, -1.10997E-02, -1.24904E-02,NA,NA,NA,NA,NA,NA,NA,NA,NA,NA,NA,NA,NA,NA,NA,NA,NA,NA,NA,NA,NA,NA,NA,NA,NA,NA,NA,NA,NA,NA,NA,NA,NA,NA,NA,NA,NA, -1.11017E-02, -9.95895E-03, -8.99079E-03, -8.16409E-03, -7.45276E-03, -6.83609E-03, -6.29759E-03, -5.82406E-03, -5.40488E-03, -5.03149E-03, -4.69694E-03, -4.39554E-03, -4.12264E-03, -3.87441E-03, -3.64767E-03,NA,
NA, -3.99346E-03, -4.24622E-03, -4.52364E-03, -4.82944E-03, -5.16810E-03, -5.54505E-03, -5.96689E-03, -6.44172E-03, -6.97946E-03, -7.59239E-03, -8.29573E-03, -9.10842E-03, -1.00542E-02, -1.11628E-02, -1.24719E-02, -1.40292E-02,NA,NA,NA,NA,NA,NA,NA,NA,NA,NA,NA,NA,NA,NA,NA,NA,NA,NA,NA,NA,NA,NA,NA,NA,NA,NA,NA,NA,NA,NA,NA,NA,NA,NA,NA,NA, -1.39123E-02, -1.23994E-02, -1.11208E-02, -1.00326E-02, -9.09996E-03, -8.29522E-03, -7.59619E-03, -6.98505E-03, -6.44741E-03, -5.97160E-03, -5.54810E-03, -5.16913E-03, -4.82830E-03, -4.52032E-03, -4.24081E-03, -3.98611E-03,NA,
NA, -4.31897E-03, -4.59832E-03, -4.90541E-03, -5.24437E-03, -5.62016E-03, -6.03872E-03, -6.50724E-03, -7.03447E-03, -7.63102E-03, -8.30993E-03, -9.08718E-03, -9.98249E-03, -1.10203E-02, -1.22309E-02, -1.36524E-02, -1.53321E-02,NA,NA,NA,NA,NA,NA,NA,NA,NA,NA,NA,NA,NA,NA,NA,NA,NA,NA,NA,NA,NA,NA,NA,NA,NA,NA,NA,NA,NA,NA,NA,NA,NA,NA,NA,NA, -1.51446E-02, -1.35182E-02, -1.21356E-02, -1.09529E-02, -9.93496E-03, -9.05349E-03, -8.28566E-03, -7.61295E-03, -7.02026E-03, -6.49526E-03, -6.02779E-03, -5.60951E-03, -5.23349E-03, -4.89398E-03, -4.58617E-03, -4.30602E-03,NA,
NA, -4.62432E-03, -4.92747E-03, -5.26092E-03, -5.62911E-03, -6.03732E-03, -6.49184E-03, -7.00025E-03, -7.57165E-03, -8.21706E-03, -8.94981E-03, -9.78616E-03, -1.07460E-02, -1.18535E-02, -1.31387E-02, -1.46386E-02, -1.63987E-02, -1.84759E-02,NA,NA,NA,NA,NA,NA,NA,NA,NA,NA,NA,NA,NA,NA,NA,NA,NA,NA,NA,NA,NA,NA,NA,NA,NA,NA,NA,NA,NA,NA,NA,NA,NA,NA,NA, -1.61568E-02, -1.44553E-02, -1.29997E-02, -1.17477E-02, -1.06650E-02, -9.72356E-03, -8.90068E-03, -8.17771E-03, -7.53931E-03, -6.97285E-03, -6.46785E-03, -6.01563E-03, -5.60892E-03, -5.24165E-03, -4.90873E-03, -4.60584E-03,NA,
NA,NA, -5.23216E-03, -5.58852E-03, -5.98184E-03, -6.41760E-03, -6.90230E-03, -7.44368E-03, -8.05096E-03, -8.73524E-03, -9.50982E-03, -1.03908E-02, -1.13975E-02, -1.25535E-02, -1.38873E-02, -1.54339E-02, -1.72358E-02, -1.93450E-02,NA,NA,NA,NA,NA,NA,NA,NA,NA,NA,NA,NA,NA,NA,NA,NA,NA,NA,NA,NA,NA,NA,NA,NA,NA,NA,NA,NA,NA,NA,NA,NA,NA,NA, -1.89861E-02, -1.69547E-02, -1.52135E-02, -1.37141E-02, -1.24167E-02, -1.12888E-02, -1.03037E-02, -9.43927E-03, -8.67725E-03, -8.00249E-03, -7.40237E-03, -6.86639E-03, -6.38571E-03, -5.95294E-03, -5.56184E-03, -5.20713E-03, -4.88434E-03,NA,
NA,NA, -5.51130E-03, -5.88703E-03, -6.30133E-03, -6.75976E-03, -7.26885E-03, -7.83633E-03, -8.47135E-03, -9.18481E-03, -9.98966E-03, -1.09014E-02, -1.19385E-02, -1.31231E-02, -1.44820E-02, -1.60470E-02, -1.78566E-02, -1.99573E-02,NA,NA,NA,NA,NA,NA,NA,NA,NA,NA,NA,NA,NA,NA,NA,NA,NA,NA,NA,NA,NA,NA,NA,NA,NA,NA,NA,NA,NA,NA,NA,NA,NA,NA, -1.95747E-02, -1.75496E-02, -1.58002E-02, -1.42832E-02, -1.29624E-02, -1.18077E-02, -1.07943E-02, -9.90119E-03, -9.11093E-03, -8.40890E-03, -7.78280E-03, -7.22229E-03, -6.71865E-03, -6.26448E-03, -5.85351E-03, -5.48040E-03,NA,NA,
NA,NA, -5.76419E-03, -6.15576E-03, -6.58693E-03, -7.06320E-03, -7.59104E-03, -8.17799E-03, -8.83295E-03, -9.56640E-03, -1.03907E-02, -1.13204E-02, -1.23728E-02, -1.35684E-02, -1.49312E-02, -1.64901E-02, -1.82788E-02, -2.03374E-02, -2.27131E-02,NA,NA,NA,NA,NA,NA,NA,NA,NA,NA,NA,NA,NA,NA,NA,NA,NA,NA,NA,NA,NA,NA,NA,NA,NA,NA,NA,NA,NA,NA,NA,NA,NA, -1.99446E-02, -1.79572E-02, -1.62265E-02, -1.47148E-02, -1.33900E-02, -1.22252E-02, -1.11976E-02, -1.02877E-02, -9.47938E-03, -8.75871E-03, -8.11397E-03, -7.53522E-03, -7.01396E-03, -6.54296E-03, -6.11605E-03, -5.72793E-03,NA,NA,
NA,NA, -5.99052E-03, -6.39448E-03, -6.83851E-03, -7.32799E-03, -7.86917E-03, -8.46932E-03, -9.13692E-03, -9.88184E-03, -1.07157E-02, -1.16518E-02, -1.27062E-02, -1.38971E-02, -1.52462E-02, -1.67784E-02, -1.85229E-02, -2.05133E-02, -2.27884E-02,NA,NA,NA,NA,NA,NA,NA,NA,NA,NA,NA,NA,NA,NA,NA,NA,NA,NA,NA,NA,NA,NA,NA,NA,NA,NA,NA,NA,NA,NA,NA,NA, -2.23176E-02, -2.01209E-02, -1.81960E-02, -1.65060E-02, -1.50189E-02, -1.37070E-02, -1.25466E-02, -1.15172E-02, -1.06014E-02, -9.78433E-03, -9.05304E-03, -8.39657E-03, -7.80550E-03, -7.27174E-03, -6.78834E-03, -6.34930E-03, -5.94945E-03,NA,NA,
NA,NA,NA, -6.60335E-03, -7.05644E-03, -7.55474E-03, -8.10421E-03, -8.71174E-03, -9.38527E-03, -1.01340E-02, -1.09685E-02, -1.19010E-02, -1.29457E-02, -1.41190E-02, -1.54395E-02, -1.69286E-02, -1.86108E-02, -2.05137E-02, -2.26682E-02, -2.51083E-02,NA,NA,NA,NA,NA,NA,NA,NA,NA,NA,NA,NA,NA,NA,NA,NA,NA,NA,NA,NA,NA,NA,NA,NA,NA,NA,NA,NA,NA,NA, -2.45743E-02, -2.22150E-02, -2.01299E-02, -1.82862E-02, -1.66540E-02, -1.52071E-02, -1.39220E-02, -1.27783E-02, -1.17581E-02, -1.08460E-02, -1.00285E-02, -9.29381E-03, -8.63194E-03, -8.03407E-03, -7.49261E-03, -7.00097E-03, -6.55344E-03, -6.14505E-03,NA,NA,
NA,NA,NA, -6.78291E-03, -7.24148E-03, -7.74453E-03, -8.29766E-03, -8.90728E-03, -9.58072E-03, -1.03264E-02, -1.11539E-02, -1.20741E-02, -1.30995E-02, -1.42444E-02, -1.55246E-02, -1.69581E-02, -1.85649E-02, -2.03671E-02, -2.23886E-02, -2.46547E-02, -2.71915E-02,NA,NA,NA,NA,NA,NA,NA,NA,NA,NA,NA,NA,NA,NA,NA,NA,NA,NA,NA,NA,NA,NA,NA,NA,NA,NA,NA,NA,NA, -2.41558E-02, -2.19587E-02, -1.99977E-02, -1.82481E-02, -1.66865E-02, -1.52918E-02, -1.40447E-02, -1.29279E-02, -1.19261E-02, -1.10258E-02, -1.02151E-02, -9.48361E-03, -8.82203E-03, -8.22238E-03, -7.67763E-03, -7.18165E-03, -6.72903E-03,NA,NA,NA,
NA,NA,NA, -6.93402E-03, -7.39478E-03, -7.89885E-03, -8.45145E-03, -9.05845E-03, -9.72654E-03, -1.04633E-02, -1.12772E-02, -1.21779E-02, -1.31762E-02, -1.42842E-02, -1.55152E-02, -1.68840E-02, -1.84066E-02, -2.01002E-02, -2.19825E-02, -2.40719E-02, -2.63858E-02, -2.89397E-02,NA,NA,NA,NA,NA,NA,NA,NA,NA,NA,NA,NA,NA,NA,NA,NA,NA,NA,NA,NA,NA,NA,NA,NA,NA,NA,NA, -2.58603E-02, -2.36106E-02, -2.15795E-02, -1.97492E-02, -1.81017E-02, -1.66195E-02, -1.52859E-02, -1.40852E-02, -1.30034E-02, -1.20275E-02, -1.11459E-02, -1.03483E-02, -9.62550E-03, -8.96924E-03, -8.37229E-03, -7.82825E-03, -7.33145E-03, -6.87690E-03,NA,NA,NA,
NA,NA,NA,NA, -7.51775E-03, -8.01953E-03, -8.56788E-03, -9.16816E-03, -9.82635E-03, -1.05492E-02, -1.13441E-02, -1.22195E-02, -1.31846E-02, -1.42493E-02, -1.54249E-02, -1.67230E-02, -1.81562E-02, -1.97373E-02, -2.14794E-02, -2.33948E-02, -2.54943E-02, -2.77861E-02, -3.02741E-02,NA,NA,NA,NA,NA,NA,NA,NA,NA,NA,NA,NA,NA,NA,NA,NA,NA,NA,NA,NA,NA,NA,NA,NA,NA, -2.72553E-02, -2.50188E-02, -2.29717E-02, -2.11049E-02, -1.94072E-02, -1.78660E-02, -1.64684E-02, -1.52017E-02, -1.40538E-02, -1.30130E-02, -1.20689E-02, -1.12116E-02, -1.04323E-02, -9.72294E-03, -9.07632E-03, -8.48600E-03, -7.94620E-03, -7.45178E-03,NA,NA,NA,NA,
NA,NA,NA,NA, -7.61206E-03, -8.10861E-03, -8.64950E-03, -9.23953E-03, -9.88402E-03, -1.05888E-02, -1.13605E-02, -1.22060E-02, -1.31332E-02, -1.41504E-02, -1.52663E-02, -1.64903E-02, -1.78318E-02, -1.93003E-02, -2.09046E-02, -2.26526E-02, -2.45502E-02, -2.66001E-02, -2.88011E-02, -3.11456E-02,NA,NA,NA,NA,NA,NA,NA,NA,NA,NA,NA,NA,NA,NA,NA,NA,NA,NA,NA,NA,NA,NA, -3.05882E-02, -2.82855E-02, -2.61283E-02, -2.41221E-02, -2.22670E-02, -2.05592E-02, -1.89923E-02, -1.75581E-02, -1.62476E-02, -1.50514E-02, -1.39603E-02, -1.29650E-02, -1.20571E-02, -1.12285E-02, -1.04716E-02, -9.77957E-03, -9.14626E-03, -8.56593E-03, -8.03345E-03, -7.54421E-03,NA,NA,NA,NA,
NA,NA,NA,NA,NA, -8.16830E-03, -8.69900E-03, -9.27584E-03, -9.90351E-03, -1.05871E-02, -1.13321E-02, -1.21445E-02, -1.30306E-02, -1.39972E-02, -1.50512E-02, -1.61998E-02, -1.74498E-02, -1.88078E-02, -2.02796E-02, -2.18694E-02, -2.35796E-02, -2.54093E-02, -2.73539E-02, -2.94031E-02, -3.15403E-02,NA,NA,NA,NA,NA,NA,NA,NA,NA,NA,NA,NA,NA,NA,NA,NA,NA,NA,NA,NA, -3.10319E-02, -2.89208E-02, -2.69022E-02, -2.49910E-02, -2.31957E-02, -2.15196E-02, -1.99628E-02, -1.85223E-02, -1.71934E-02, -1.59702E-02, -1.48461E-02, -1.38141E-02, -1.28672E-02, -1.19987E-02, -1.12019E-02, -1.04706E-02, -9.79919E-03, -9.18217E-03, -8.61465E-03, -8.09213E-03, -7.61050E-03,NA,NA,NA,NA,
NA,NA,NA,NA,NA, -8.20094E-03, -8.71915E-03, -9.28043E-03, -9.88880E-03, -1.05486E-02, -1.12645E-02, -1.20414E-02, -1.28845E-02, -1.37990E-02, -1.47904E-02, -1.58639E-02, -1.70243E-02, -1.82759E-02, -1.96221E-02, -2.10645E-02, -2.26028E-02, -2.42339E-02, -2.59511E-02, -2.77432E-02, -2.95934E-02, -3.14788E-02, -3.33698E-02,NA,NA,NA,NA,NA,NA,NA,NA,NA,NA,NA,NA,NA,NA,NA,NA, -3.29200E-02, -3.10321E-02, -2.91581E-02, -2.73256E-02, -2.55558E-02, -2.38637E-02, -2.22593E-02, -2.07482E-02, -1.93328E-02, -1.80126E-02, -1.67856E-02, -1.56482E-02, -1.45960E-02, -1.36240E-02, -1.27271E-02, -1.18999E-02, -1.11373E-02, -1.04341E-02, -9.78557E-03, -9.18723E-03, -8.63483E-03, -8.12446E-03,NA,NA,NA,NA,NA,
NA,NA,NA,NA,NA,NA, -8.71277E-03, -9.25658E-03, -9.84378E-03, -1.04780E-02, -1.11631E-02, -1.19031E-02, -1.27021E-02, -1.35642E-02, -1.44934E-02, -1.54934E-02, -1.65674E-02, -1.77180E-02, -1.89465E-02, -2.02528E-02, -2.16350E-02, -2.30883E-02, -2.46051E-02, -2.61739E-02, -2.77789E-02, -2.93995E-02, -3.10099E-02, -3.25794E-02, -3.40728E-02, -3.54515E-02,NA,NA,NA,NA,NA,NA,NA,NA,NA,NA,NA, -3.37226E-02, -3.22104E-02, -3.06315E-02, -2.90200E-02, -2.74054E-02, -2.58120E-02, -2.42590E-02, -2.27609E-02, -2.13282E-02, -1.99677E-02, -1.86831E-02, -1.74761E-02, -1.63462E-02, -1.52918E-02, -1.43102E-02, -1.33980E-02, -1.25515E-02, -1.17668E-02, -1.10397E-02, -1.03662E-02, -9.74243E-03, -9.16460E-03, -8.62914E-03,NA,NA,NA,NA,NA,NA,
NA,NA,NA,NA,NA,NA,NA, -9.20752E-03, -9.77219E-03, -1.03796E-02, -1.10330E-02, -1.17354E-02, -1.24902E-02, -1.33003E-02, -1.41686E-02, -1.50977E-02, -1.60895E-02, -1.71450E-02, -1.82643E-02, -1.94461E-02, -2.06872E-02, -2.19822E-02, -2.33230E-02, -2.46986E-02, -2.60943E-02, -2.74919E-02, -2.88695E-02, -3.02014E-02, -3.14591E-02, -3.26120E-02, -3.36289E-02, -3.44795E-02, -3.51365E-02, -3.55778E-02, -3.57875E-02, -3.57584E-02, -3.54913E-02, -3.49962E-02, -3.42905E-02, -3.33980E-02, -3.23468E-02, -3.11677E-02, -2.98919E-02, -2.85495E-02, -2.71683E-02, -2.57729E-02, -2.43843E-02, -2.30197E-02, -2.16927E-02, -2.04135E-02, -1.91894E-02, -1.80251E-02, -1.69234E-02, -1.58851E-02, -1.49100E-02, -1.39967E-02, -1.31432E-02, -1.23468E-02, -1.16048E-02, -1.09139E-02, -1.02712E-02, -9.67335E-03, -9.11736E-03, -8.60024E-03,NA,NA,NA,NA,NA,NA,
NA,NA,NA,NA,NA,NA,NA, -9.13633E-03, -9.67757E-03, -1.02575E-02, -1.08786E-02, -1.15435E-02, -1.22544E-02, -1.30137E-02, -1.38233E-02, -1.46847E-02, -1.55988E-02, -1.65657E-02, -1.75845E-02, -1.86530E-02, -1.97674E-02, -2.09218E-02, -2.21085E-02, -2.33169E-02, -2.45339E-02, -2.57436E-02, -2.69271E-02, -2.80635E-02, -2.91293E-02, -3.01004E-02, -3.09523E-02, -3.16615E-02, -3.22073E-02, -3.25729E-02, -3.27466E-02, -3.27227E-02, -3.25021E-02, -3.20920E-02, -3.15057E-02, -3.07611E-02, -2.98797E-02, -2.88853E-02, -2.78025E-02, -2.66554E-02, -2.54665E-02, -2.42566E-02, -2.30435E-02, -2.18424E-02, -2.06658E-02, -1.95232E-02, -1.84221E-02, -1.73677E-02, -1.63632E-02, -1.54106E-02, -1.45106E-02, -1.36627E-02, -1.28659E-02, -1.21186E-02, -1.14189E-02, -1.07645E-02, -1.01529E-02, -9.58172E-03, -9.04847E-03,NA,NA,NA,NA,NA,NA,NA,
NA,NA,NA,NA,NA,NA,NA,NA, -9.56322E-03, -1.01154E-02, -1.07043E-02, -1.13320E-02, -1.20002E-02, -1.27103E-02, -1.34637E-02, -1.42610E-02, -1.51023E-02, -1.59872E-02, -1.69140E-02, -1.78799E-02, -1.88807E-02, -1.99109E-02, -2.09627E-02, -2.20265E-02, -2.30907E-02, -2.41414E-02, -2.51628E-02, -2.61373E-02, -2.70460E-02, -2.78695E-02, -2.85883E-02, -2.91845E-02, -2.96418E-02, -2.99474E-02, -3.00925E-02, -3.00728E-02, -2.98889E-02, -2.95463E-02, -2.90550E-02, -2.84288E-02, -2.76844E-02, -2.68403E-02, -2.59160E-02, -2.49308E-02, -2.39033E-02, -2.28507E-02, -2.17881E-02, -2.07289E-02, -1.96842E-02, -1.86630E-02, -1.76723E-02, -1.67176E-02, -1.58025E-02, -1.49294E-02, -1.40998E-02, -1.33140E-02, -1.25717E-02, -1.18720E-02, -1.12138E-02, -1.05953E-02, -1.00149E-02, -9.47073E-03,NA,NA,NA,NA,NA,NA,NA,NA,
NA,NA,NA,NA,NA,NA,NA,NA,NA, -9.95665E-03, -1.05139E-02, -1.11052E-02, -1.17319E-02, -1.23949E-02, -1.30949E-02, -1.38320E-02, -1.46057E-02, -1.54150E-02, -1.62578E-02, -1.71311E-02, -1.80307E-02, -1.89509E-02, -1.98848E-02, -2.08235E-02, -2.17568E-02, -2.26727E-02, -2.35580E-02, -2.43978E-02, -2.51769E-02, -2.58796E-02, -2.64905E-02, -2.69953E-02, -2.73815E-02, -2.76391E-02, -2.77614E-02, -2.77449E-02, -2.75903E-02, -2.73017E-02, -2.68869E-02, -2.63565E-02, -2.57235E-02, -2.50026E-02, -2.42092E-02, -2.33591E-02, -2.24674E-02, -2.15484E-02, -2.06151E-02, -1.96790E-02, -1.87500E-02, -1.78363E-02, -1.69446E-02, -1.60800E-02, -1.52466E-02, -1.44471E-02, -1.36831E-02, -1.29558E-02, -1.22653E-02, -1.16114E-02, -1.09933E-02, -1.04102E-02, -9.86063E-03, -9.34333E-03,NA,NA,NA,NA,NA,NA,NA,NA,
NA,NA,NA,NA,NA,NA,NA,NA,NA,NA, -1.03106E-02, -1.08667E-02, -1.14536E-02, -1.20718E-02, -1.27214E-02, -1.34022E-02, -1.41133E-02, -1.48532E-02, -1.56198E-02, -1.64097E-02, -1.72190E-02, -1.80422E-02, -1.88729E-02, -1.97032E-02, -2.05242E-02, -2.13255E-02, -2.20959E-02, -2.28232E-02, -2.34948E-02, -2.40980E-02, -2.46204E-02, -2.50508E-02, -2.53792E-02, -2.55980E-02, -2.57018E-02, -2.56880E-02, -2.55570E-02, -2.53121E-02, -2.49594E-02, -2.45070E-02, -2.39654E-02, -2.33462E-02, -2.26617E-02, -2.19247E-02, -2.11477E-02, -2.03427E-02, -1.95206E-02, -1.86914E-02, -1.78639E-02, -1.70453E-02, -1.62420E-02, -1.54589E-02, -1.46999E-02, -1.39679E-02, -1.32649E-02, -1.25924E-02, -1.19508E-02, -1.13405E-02, -1.07612E-02, -1.02122E-02, -9.69291E-03,NA,NA,NA,NA,NA,NA,NA,NA,NA,
NA,NA,NA,NA,NA,NA,NA,NA,NA,NA,NA, -1.06197E-02, -1.11687E-02, -1.17444E-02, -1.23468E-02, -1.29752E-02, -1.36285E-02, -1.43051E-02, -1.50025E-02, -1.57176E-02, -1.64464E-02, -1.71839E-02, -1.79243E-02, -1.86606E-02, -1.93849E-02, -2.00885E-02, -2.07616E-02, -2.13943E-02, -2.19761E-02, -2.24967E-02, -2.29462E-02, -2.33154E-02, -2.35967E-02, -2.37837E-02, -2.38724E-02, -2.38608E-02, -2.37491E-02, -2.35398E-02, -2.32379E-02, -2.28497E-02, -2.23836E-02, -2.18488E-02, -2.12553E-02, -2.06135E-02, -1.99339E-02, -1.92263E-02, -1.85001E-02, -1.77639E-02, -1.70254E-02, -1.62911E-02, -1.55667E-02, -1.48569E-02, -1.41655E-02, -1.34954E-02, -1.28488E-02, -1.22273E-02, -1.16317E-02, -1.10628E-02, -1.05204E-02, -1.00045E-02,NA,NA,NA,NA,NA,NA,NA,NA,NA,NA,
NA,NA,NA,NA,NA,NA,NA,NA,NA,NA,NA,NA, -1.08799E-02, -1.14157E-02, -1.19740E-02, -1.25538E-02, -1.31540E-02, -1.37727E-02, -1.44076E-02, -1.50555E-02, -1.57127E-02, -1.63746E-02, -1.70359E-02, -1.76905E-02, -1.83314E-02, -1.89512E-02, -1.95417E-02, -2.00945E-02, -2.06009E-02, -2.10526E-02, -2.14414E-02, -2.17601E-02, -2.20023E-02, -2.21633E-02, -2.22396E-02, -2.22297E-02, -2.21338E-02, -2.19539E-02, -2.16938E-02, -2.13589E-02, -2.09555E-02, -2.04912E-02, -1.99742E-02, -1.94131E-02, -1.88163E-02, -1.81923E-02, -1.75490E-02, -1.68938E-02, -1.62334E-02, -1.55736E-02, -1.49196E-02, -1.42758E-02, -1.36457E-02, -1.30322E-02, -1.24375E-02, -1.18634E-02, -1.13109E-02, -1.07809E-02, -1.02737E-02,NA,NA,NA,NA,NA,NA,NA,NA,NA,NA,NA,
NA,NA,NA,NA,NA,NA,NA,NA,NA,NA,NA,NA,NA, -1.10881E-02, -1.16053E-02, -1.21403E-02, -1.26918E-02, -1.32578E-02, -1.38362E-02, -1.44238E-02, -1.50172E-02, -1.56123E-02, -1.62042E-02, -1.67876E-02, -1.73564E-02, -1.79042E-02, -1.84242E-02, -1.89091E-02, -1.93520E-02, -1.97458E-02, -2.00839E-02, -2.03604E-02, -2.05702E-02, -2.07095E-02, -2.07756E-02, -2.07671E-02, -2.06842E-02, -2.05287E-02, -2.03035E-02, -2.00128E-02, -1.96619E-02, -1.92570E-02, -1.88047E-02, -1.83120E-02, -1.77862E-02, -1.72341E-02, -1.66626E-02, -1.60781E-02, -1.54863E-02, -1.48925E-02, -1.43013E-02, -1.37167E-02, -1.31421E-02, -1.25802E-02, -1.20333E-02, -1.15031E-02, -1.09908E-02, -1.04974E-02,NA,NA,NA,NA,NA,NA,NA,NA,NA,NA,NA,NA,
NA,NA,NA,NA,NA,NA,NA,NA,NA,NA,NA,NA,NA,NA, -1.12426E-02, -1.17363E-02, -1.22431E-02, -1.27613E-02, -1.32886E-02, -1.38222E-02, -1.43588E-02, -1.48948E-02, -1.54257E-02, -1.59469E-02, -1.64532E-02, -1.69390E-02, -1.73985E-02, -1.78256E-02, -1.82145E-02, -1.85594E-02, -1.88548E-02, -1.90960E-02, -1.92787E-02, -1.93999E-02, -1.94574E-02, -1.94501E-02, -1.93781E-02, -1.92429E-02, -1.90469E-02, -1.87934E-02, -1.84867E-02, -1.81319E-02, -1.77345E-02, -1.73003E-02, -1.68353E-02, -1.63453E-02, -1.58363E-02, -1.53135E-02, -1.47822E-02, -1.42468E-02, -1.37117E-02, -1.31804E-02, -1.26559E-02, -1.21411E-02, -1.16379E-02, -1.11482E-02, -1.06733E-02,NA,NA,NA,NA,NA,NA,NA,NA,NA,NA,NA,NA,NA,
NA,NA,NA,NA,NA,NA,NA,NA,NA,NA,NA,NA,NA,NA,NA, -1.13431E-02, -1.18091E-02, -1.22838E-02, -1.27650E-02, -1.32501E-02, -1.37361E-02, -1.42197E-02, -1.46970E-02, -1.51639E-02, -1.56157E-02, -1.60479E-02, -1.64553E-02, -1.68329E-02, -1.71758E-02, -1.74791E-02, -1.77384E-02, -1.79497E-02, -1.81097E-02, -1.82156E-02, -1.82659E-02, -1.82596E-02, -1.81968E-02, -1.80787E-02, -1.79071E-02, -1.76850E-02, -1.74158E-02, -1.71037E-02, -1.67531E-02, -1.63691E-02, -1.59564E-02, -1.55203E-02, -1.50655E-02, -1.45969E-02, -1.41189E-02, -1.36354E-02, -1.31503E-02, -1.26668E-02, -1.21877E-02, -1.17156E-02, -1.12526E-02,NA,NA,NA,NA,NA,NA,NA,NA,NA,NA,NA,NA,NA,NA,NA,
NA,NA,NA,NA,NA,NA,NA,NA,NA,NA,NA,NA,NA,NA,NA,NA,NA, -1.18255E-02, -1.22651E-02, -1.27067E-02, -1.31476E-02, -1.35847E-02, -1.40147E-02, -1.44339E-02, -1.48383E-02, -1.52238E-02, -1.55863E-02, -1.59213E-02, -1.62248E-02, -1.64927E-02, -1.67212E-02, -1.69072E-02, -1.70478E-02, -1.71409E-02, -1.71851E-02, -1.71796E-02, -1.71245E-02, -1.70208E-02, -1.68701E-02, -1.66746E-02, -1.64373E-02, -1.61616E-02, -1.58512E-02, -1.55103E-02, -1.51430E-02, -1.47536E-02, -1.43463E-02, -1.39252E-02, -1.34942E-02, -1.30568E-02, -1.26164E-02, -1.21758E-02, -1.17378E-02, -1.13046E-02,NA,NA,NA,NA,NA,NA,NA,NA,NA,NA,NA,NA,NA,NA,NA,NA,
