NA,NA,NA,NA,NA,NA,NA,NA,NA,NA,NA,NA,NA,NA,NA,NA,NA,NA,NA,NA,NA,NA,NA,NA,NA,NA,NA,NA,NA,NA, -6.89385E-03, -6.77524E-03, -6.63544E-03, -6.47421E-03, -6.29154E-03, -6.08762E-03, -5.86287E-03, -5.61799E-03, -5.35391E-03, -5.07184E-03, -4.77328E-03, -4.45996E-03, -4.13390E-03, -3.79736E-03, -3.45279E-03, -3.10288E-03, -2.75043E-03, -2.39836E-03, -2.04964E-03, -1.70722E-03, -1.37399E-03, -1.05267E-03, -7.45808E-04, -4.55658E-04, -1.84168E-04,  6.70780E-05,  2.96882E-04,  5.04447E-04,  6.89378E-04,  8.51664E-04,  9.91649E-04,NA,NA,NA,NA,NA,NA,NA,NA,NA,NA,NA,NA,NA,NA,NA,NA,NA,NA,NA,NA,NA,NA,NA,NA,
NA,NA,NA,NA,NA,NA,NA,NA,NA,NA,NA,NA,NA,NA,NA,NA,NA,NA,NA,NA,NA,NA,NA,NA,NA,NA,NA,NA, -7.34953E-03, -7.26907E-03, -7.16657E-03, -7.04133E-03, -6.89285E-03, -6.72082E-03, -6.52513E-03, -6.30595E-03, -6.06369E-03, -5.79906E-03, -5.51307E-03, -5.20700E-03, -4.88249E-03, -4.54146E-03, -4.18614E-03, -3.81904E-03, -3.44296E-03, -3.06091E-03, -2.67609E-03, -2.29183E-03, -1.91155E-03, -1.53865E-03, -1.17645E-03, -8.28113E-04, -4.96556E-04, -1.84379E-04,  1.06201E-04,  3.73400E-04,  6.15904E-04,  8.32881E-04,  1.02398E-03,  1.18932E-03,  1.32941E-03,  1.44517E-03,  1.53781E-03,  1.60879E-03,NA,NA,NA,NA,NA,NA,NA,NA,NA,NA,NA,NA,NA,NA,NA,NA,NA,NA,NA,NA,NA,
NA,NA,NA,NA,NA,NA,NA,NA,NA,NA,NA,NA,NA,NA,NA,NA,NA,NA,NA,NA,NA,NA,NA,NA,NA,NA, -7.74150E-03, -7.70318E-03, -7.64294E-03, -7.55965E-03, -7.45232E-03, -7.32012E-03, -7.16242E-03, -6.97879E-03, -6.76906E-03, -6.53335E-03, -6.27204E-03, -5.98586E-03, -5.67585E-03, -5.34342E-03, -4.99032E-03, -4.61866E-03, -4.23093E-03, -3.82992E-03, -3.41877E-03, -3.00091E-03, -2.57996E-03, -2.15976E-03, -1.74424E-03, -1.33731E-03, -9.42848E-04, -5.64506E-04, -2.05669E-04,  1.30658E-04,  4.41935E-04,  7.26145E-04,  9.81844E-04,  1.20817E-03,  1.40485E-03,  1.57215E-03,  1.71085E-03,  1.82215E-03,  1.90762E-03,  1.96910E-03,  2.00862E-03,  2.02834E-03,NA,NA,NA,NA,NA,NA,NA,NA,NA,NA,NA,NA,NA,NA,NA,NA,NA,NA,NA,
NA,NA,NA,NA,NA,NA,NA,NA,NA,NA,NA,NA,NA,NA,NA,NA,NA,NA,NA,NA,NA,NA,NA,NA, -8.05710E-03, -8.06300E-03, -8.04807E-03, -8.01079E-03, -7.94976E-03, -7.86367E-03, -7.75135E-03, -7.61183E-03, -7.44430E-03, -7.24825E-03, -7.02339E-03, -6.76976E-03, -6.48773E-03, -6.17801E-03, -5.84170E-03, -5.48029E-03, -5.09569E-03, -4.69019E-03, -4.26654E-03, -3.82785E-03, -3.37766E-03, -2.91983E-03, -2.45850E-03, -1.99808E-03, -1.54309E-03, -1.09809E-03, -6.67565E-04, -2.55800E-04,  1.33264E-04,  4.96135E-04,  8.29883E-04,  1.13222E-03,  1.40154E-03,  1.63699E-03,  1.83838E-03,  2.00621E-03,  2.14157E-03,  2.24606E-03,  2.32168E-03,  2.37075E-03,  2.39577E-03,  2.39937E-03,  2.38417E-03,NA,NA,NA,NA,NA,NA,NA,NA,NA,NA,NA,NA,NA,NA,NA,NA,NA,NA,
NA,NA,NA,NA,NA,NA,NA,NA,NA,NA,NA,NA,NA,NA,NA,NA,NA,NA,NA,NA,NA,NA, -8.28727E-03, -8.33742E-03, -8.36869E-03, -8.37932E-03, -8.36755E-03, -8.33167E-03, -8.27006E-03, -8.18121E-03, -8.06375E-03, -7.91651E-03, -7.73854E-03, -7.52916E-03, -7.28798E-03, -7.01494E-03, -6.71037E-03, -6.37496E-03, -6.00985E-03, -5.61661E-03, -5.19729E-03, -4.75440E-03, -4.29094E-03, -3.81039E-03, -3.31668E-03, -2.81418E-03, -2.30765E-03, -1.80210E-03, -1.30280E-03, -8.15051E-04, -3.44104E-04,  1.05022E-04,  5.27695E-04,  9.19826E-04,  1.27801E-03,  1.59963E-03,  1.88293E-03,  2.12702E-03,  2.33190E-03,  2.49836E-03,  2.62790E-03,  2.72262E-03,  2.78510E-03,  2.81821E-03,  2.82506E-03,  2.80883E-03,  2.77266E-03,  2.71961E-03,  2.65257E-03,NA,NA,NA,NA,NA,NA,NA,NA,NA,NA,NA,NA,NA,NA,NA,NA,
NA,NA,NA,NA,NA,NA,NA,NA,NA,NA,NA,NA,NA,NA,NA,NA,NA,NA,NA,NA,NA, -8.51952E-03, -8.59576E-03, -8.65390E-03, -8.69195E-03, -8.70793E-03, -8.69984E-03, -8.66574E-03, -8.60377E-03, -8.51219E-03, -8.38941E-03, -8.23404E-03, -8.04494E-03, -7.82126E-03, -7.56247E-03, -7.26840E-03, -6.93931E-03, -6.57587E-03, -6.17925E-03, -5.75107E-03, -5.29353E-03, -4.80934E-03, -4.30177E-03, -3.77468E-03, -3.23244E-03, -2.68000E-03, -2.12275E-03, -1.56649E-03, -1.01730E-03, -4.81403E-04,  3.50412E-05,  5.26097E-04,  9.86286E-04,  1.41078E-03,  1.79560E-03,  2.13772E-03,  2.43520E-03,  2.68718E-03,  2.89387E-03,  3.05646E-03,  3.17702E-03,  3.25828E-03,  3.30352E-03,  3.31637E-03,  3.30062E-03,  3.26015E-03,  3.19870E-03,  3.11989E-03,  3.02705E-03,  2.92325E-03,NA,NA,NA,NA,NA,NA,NA,NA,NA,NA,NA,NA,NA,NA,NA,
NA,NA,NA,NA,NA,NA,NA,NA,NA,NA,NA,NA,NA,NA,NA,NA,NA,NA,NA,NA, -8.72489E-03, -8.82795E-03, -8.91402E-03, -8.98094E-03, -9.02650E-03, -9.04847E-03, -9.04460E-03, -9.01268E-03, -8.95058E-03, -8.85630E-03, -8.72798E-03, -8.56402E-03, -8.36304E-03, -8.12399E-03, -7.84618E-03, -7.52933E-03, -7.17358E-03, -6.77958E-03, -6.34849E-03, -5.88200E-03, -5.38242E-03, -4.85266E-03, -4.29626E-03, -3.71745E-03, -3.12110E-03, -2.51276E-03, -1.89856E-03, -1.28517E-03, -6.79658E-04, -8.93246E-05,  4.78532E-04,  1.01686E-03,  1.51912E-03,  1.97957E-03,  2.39348E-03,  2.75737E-03,  3.06906E-03,  3.32775E-03,  3.53398E-03,  3.68948E-03,  3.79703E-03,  3.86020E-03,  3.88318E-03,  3.87050E-03,  3.82684E-03,  3.75689E-03,  3.66511E-03,  3.55575E-03,  3.43266E-03,  3.29931E-03,  3.15877E-03,  3.01370E-03,NA,NA,NA,NA,NA,NA,NA,NA,NA,NA,NA,NA,NA,
NA,NA,NA,NA,NA,NA,NA,NA,NA,NA,NA,NA,NA,NA,NA,NA,NA,NA, -8.75647E-03, -8.89997E-03, -9.03009E-03, -9.14467E-03, -9.24140E-03, -9.31792E-03, -9.37175E-03, -9.40037E-03, -9.40126E-03, -9.37191E-03, -9.30989E-03, -9.21290E-03, -9.07880E-03, -8.90571E-03, -8.69199E-03, -8.43640E-03, -8.13804E-03, -7.79647E-03, -7.41176E-03, -6.98445E-03, -6.51571E-03, -6.00727E-03, -5.46152E-03, -4.88155E-03, -4.27117E-03, -3.63496E-03, -2.97830E-03, -2.30737E-03, -1.62914E-03, -9.51265E-04, -2.81981E-04,  3.70117E-04,  9.96341E-04,  1.58823E-03,  2.13792E-03,  2.63850E-03,  3.08432E-03,  3.47128E-03,  3.79697E-03,  4.06068E-03,  4.26342E-03,  4.40763E-03,  4.49706E-03,  4.53637E-03,  4.53088E-03,  4.48628E-03,  4.40833E-03,  4.30268E-03,  4.17466E-03,  4.02922E-03,  3.87078E-03,  3.70327E-03,  3.53007E-03,  3.35406E-03,  3.17765E-03,NA,NA,NA,NA,NA,NA,NA,NA,NA,NA,NA,NA,
NA,NA,NA,NA,NA,NA,NA,NA,NA,NA,NA,NA,NA,NA,NA,NA,NA, -8.87328E-03, -9.04178E-03, -9.19870E-03, -9.34183E-03, -9.46879E-03, -9.57706E-03, -9.66400E-03, -9.72684E-03, -9.76278E-03, -9.76897E-03, -9.74255E-03, -9.68078E-03, -9.58102E-03, -9.44080E-03, -9.25793E-03, -9.03051E-03, -8.75704E-03, -8.43642E-03, -8.06804E-03, -7.65182E-03, -7.18826E-03, -6.67845E-03, -6.12415E-03, -5.52782E-03, -4.89267E-03, -4.22274E-03, -3.52294E-03, -2.79913E-03, -2.05817E-03, -1.30789E-03, -5.57104E-04,  1.84611E-04,  9.07083E-04,  1.59991E-03,  2.25285E-03,  2.85635E-03,  3.40199E-03,  3.88294E-03,  4.29434E-03,  4.63347E-03,  4.89983E-03,  5.09503E-03,  5.22255E-03,  5.28737E-03,  5.29559E-03,  5.25400E-03,  5.16971E-03,  5.04982E-03,  4.90113E-03,  4.72997E-03,  4.54209E-03,  4.34253E-03,  4.13569E-03,  3.92525E-03,  3.71430E-03,  3.50534E-03,  3.30036E-03,NA,NA,NA,NA,NA,NA,NA,NA,NA,NA,NA,
NA,NA,NA,NA,NA,NA,NA,NA,NA,NA,NA,NA,NA,NA,NA,NA, -8.95538E-03, -9.14788E-03, -9.33082E-03, -9.50199E-03, -9.65899E-03, -9.79920E-03, -9.91985E-03, -1.00180E-02, -1.00906E-02, -1.01345E-02, -1.01465E-02, -1.01233E-02, -1.00619E-02, -9.95919E-03, -9.81239E-03, -9.61896E-03, -9.37670E-03, -9.08383E-03, -8.73902E-03, -8.34148E-03, -7.89101E-03, -7.38798E-03, -6.83346E-03, -6.22916E-03, -5.57757E-03, -4.88198E-03, -4.14657E-03, -3.37652E-03, -2.57812E-03, -1.75887E-03, -9.27551E-04, -9.41918E-05,  7.30025E-04,  1.53303E-03,  2.30228E-03,  3.02529E-03,  3.69028E-03,  4.28689E-03,  4.80674E-03,  5.24398E-03,  5.59555E-03,  5.86126E-03,  6.04361E-03,  6.14744E-03,  6.17943E-03,  6.14753E-03,  6.06043E-03,  5.92703E-03,  5.75605E-03,  5.55567E-03,  5.33338E-03,  5.09578E-03,  4.84860E-03,  4.59668E-03,  4.34400E-03,  4.09378E-03,  3.84857E-03,  3.61031E-03,  3.38045E-03,NA,NA,NA,NA,NA,NA,NA,NA,NA,NA,
NA,NA,NA,NA,NA,NA,NA,NA,NA,NA,NA,NA,NA,NA,NA, -9.00145E-03, -9.21648E-03, -9.42415E-03, -9.62229E-03, -9.80852E-03, -9.98020E-03, -1.01345E-02, -1.02684E-02, -1.03785E-02, -1.04616E-02, -1.05140E-02, -1.05322E-02, -1.05125E-02, -1.04514E-02, -1.03454E-02, -1.01914E-02, -9.98642E-03, -9.72793E-03, -9.41386E-03, -9.04266E-03, -8.61334E-03, -8.12557E-03, -7.57962E-03, -6.97648E-03, -6.31782E-03, -5.60609E-03, -4.84458E-03, -4.03751E-03, -3.19019E-03, -2.30923E-03, -1.40269E-03, -4.80257E-04,  4.46693E-04,  1.36515E-03,  2.26075E-03,  3.11825E-03,  3.92227E-03,  4.65815E-03,  5.31291E-03,  5.87614E-03,  6.34068E-03,  6.70308E-03,  6.96363E-03,  7.12610E-03,  7.19721E-03,  7.18591E-03,  7.10262E-03,  6.95844E-03,  6.76454E-03,  6.53157E-03,  6.26937E-03,  5.98671E-03,  5.69115E-03,  5.38909E-03,  5.08578E-03,  4.78545E-03,  4.49136E-03,  4.20603E-03,  3.93126E-03,  3.66831E-03,  3.41799E-03,NA,NA,NA,NA,NA,NA,NA,NA,NA,
NA,NA,NA,NA,NA,NA,NA,NA,NA,NA,NA,NA,NA,NA, -9.01083E-03, -9.24650E-03, -9.47712E-03, -9.70062E-03, -9.91467E-03, -1.01167E-02, -1.03038E-02, -1.04730E-02, -1.06208E-02, -1.07436E-02, -1.08378E-02, -1.08992E-02, -1.09239E-02, -1.09077E-02, -1.08467E-02, -1.07370E-02, -1.05749E-02, -1.03571E-02, -1.00806E-02, -9.74322E-03, -9.34305E-03, -8.87896E-03, -8.35048E-03, -7.75783E-03, -7.10192E-03, -6.38437E-03, -5.60752E-03, -4.77453E-03, -3.88952E-03, -2.95774E-03, -1.98589E-03, -9.82393E-04,  4.22630E-05,  1.07532E-03,  2.10169E-03,  3.10426E-03,  4.06438E-03,  4.96290E-03,  5.78130E-03,  6.50309E-03,  7.11511E-03,  7.60849E-03,  7.97929E-03,  8.22855E-03,  8.36187E-03,  8.38857E-03,  8.32072E-03,  8.17195E-03,  7.95650E-03,  7.68832E-03,  7.38046E-03,  7.04464E-03,  6.69105E-03,  6.32827E-03,  5.96332E-03,  5.60180E-03,  5.24805E-03,  4.90529E-03,  4.57585E-03,  4.26131E-03,  3.96263E-03,  3.68030E-03,  3.41444E-03,NA,NA,NA,NA,NA,NA,NA,NA,
NA,NA,NA,NA,NA,NA,NA,NA,NA,NA,NA,NA,NA, -8.98353E-03, -9.23760E-03, -9.48896E-03, -9.73569E-03, -9.97558E-03, -1.02062E-02, -1.04246E-02, -1.06279E-02, -1.08126E-02, -1.09750E-02, -1.11111E-02, -1.12168E-02, -1.12876E-02, -1.13189E-02, -1.13062E-02, -1.12449E-02, -1.11306E-02, -1.09591E-02, -1.07267E-02, -1.04302E-02, -1.00668E-02, -9.63452E-03, -9.13215E-03, -8.55911E-03, -7.91560E-03, -7.20251E-03, -6.42137E-03, -5.57440E-03, -4.66451E-03, -3.69546E-03, -2.67216E-03, -1.60102E-03, -4.90492E-04,  6.48412E-04,  1.80164E-03,  2.95186E-03,  4.07861E-03,  5.15897E-03,  6.16878E-03,  7.08434E-03,  7.88435E-03,  8.55184E-03,  9.07566E-03,  9.45129E-03,  9.68096E-03,  9.77288E-03,  9.74006E-03,  9.59877E-03,  9.36695E-03,  9.06283E-03,  8.70386E-03,  8.30591E-03,  7.88285E-03,  7.44640E-03,  7.00613E-03,  6.56959E-03,  6.14258E-03,  5.72940E-03,  5.33305E-03,  4.95554E-03,  4.59803E-03,  4.26107E-03,  3.94473E-03,  3.64871E-03,  3.37245E-03,NA,NA,NA,NA,NA,NA,NA,
NA,NA,NA,NA,NA,NA,NA,NA,NA,NA,NA,NA,NA, -9.19018E-03, -9.45971E-03, -9.72711E-03, -9.99035E-03, -1.02471E-02, -1.04947E-02, -1.07302E-02, -1.09501E-02, -1.11509E-02, -1.13284E-02, -1.14783E-02, -1.15958E-02, -1.16761E-02, -1.17140E-02, -1.17043E-02, -1.16418E-02, -1.15217E-02, -1.13392E-02, -1.10900E-02, -1.07705E-02, -1.03778E-02, -9.90972E-03, -9.36486E-03, -8.74278E-03, -8.04373E-03, -7.26869E-03, -6.41918E-03, -5.49724E-03, -4.50539E-03, -3.44677E-03, -2.32548E-03, -1.14712E-03,  8.04672E-05,  1.34626E-03,  2.63523E-03,  3.92771E-03,  5.19933E-03,  6.42170E-03,  7.56401E-03,  8.59543E-03,  9.48798E-03,  1.02194E-02,  1.07753E-02,  1.11507E-02,  1.13494E-02,  1.13838E-02,  1.12718E-02,  1.10356E-02,  1.06989E-02,  1.02849E-02,  9.81546E-03,  9.30969E-03,  8.78387E-03,  8.25126E-03,  7.72229E-03,  7.20490E-03,  6.70484E-03,  6.22612E-03,  5.77130E-03,  5.34186E-03,  4.93837E-03,  4.56082E-03,  4.20871E-03,  3.88120E-03,  3.57726E-03,  3.29571E-03,NA,NA,NA,NA,NA,NA,
NA,NA,NA,NA,NA,NA,NA,NA,NA,NA,NA,NA, -9.10535E-03, -9.39020E-03, -9.67537E-03, -9.95902E-03, -1.02390E-02, -1.05130E-02, -1.07780E-02, -1.10308E-02, -1.12679E-02, -1.14852E-02, -1.16781E-02, -1.18420E-02, -1.19715E-02, -1.20611E-02, -1.21051E-02, -1.20976E-02, -1.20328E-02, -1.19051E-02, -1.17092E-02, -1.14402E-02, -1.10942E-02, -1.06680E-02, -1.01592E-02, -9.56674E-03, -8.89023E-03, -8.13025E-03, -7.28803E-03, -6.36524E-03, -5.36377E-03, -4.28563E-03, -3.13299E-03, -1.90855E-03, -6.16278E-04,  7.37540E-04,  2.14286E-03,  3.58436E-03,  5.04022E-03,  6.48157E-03,  7.87306E-03,  9.17495E-03,  1.03465E-02,  1.13502E-02,  1.21563E-02,  1.27462E-02,  1.31139E-02,  1.32664E-02,  1.32216E-02,  1.30051E-02,  1.26468E-02,  1.21780E-02,  1.16286E-02,  1.10254E-02,  1.03914E-02,  9.74539E-03,  9.10207E-03,  8.47251E-03,  7.86464E-03,  7.28389E-03,  6.73363E-03,  6.21571E-03,  5.73078E-03,  5.27865E-03,  4.85853E-03,  4.46920E-03,  4.10921E-03,  3.77691E-03,  3.47062E-03,NA,NA,NA,NA,NA,NA,
NA,NA,NA,NA,NA,NA,NA,NA,NA,NA,NA, -8.98492E-03, -9.28205E-03, -9.58181E-03, -9.88262E-03, -1.01826E-02, -1.04795E-02, -1.07708E-02, -1.10533E-02, -1.13238E-02, -1.15782E-02, -1.18121E-02, -1.20206E-02, -1.21984E-02, -1.23397E-02, -1.24382E-02, -1.24875E-02, -1.24810E-02, -1.24120E-02, -1.22743E-02, -1.20618E-02, -1.17691E-02, -1.13919E-02, -1.09266E-02, -1.03712E-02, -9.72461E-03, -8.98704E-03, -8.15968E-03, -7.24436E-03, -6.24317E-03, -5.15804E-03, -3.99039E-03, -2.74106E-03, -1.41061E-03, -1.91388E-07,  1.48695E-03,  3.04330E-03,  4.65464E-03,NA,NA,NA,NA,NA,NA,NA,NA,NA,NA,  1.53154E-02,  1.49612E-02,  1.44464E-02,  1.38122E-02,  1.30966E-02,  1.23326E-02,  1.15474E-02,  1.07622E-02,  9.99269E-03,  9.25022E-03,  8.54229E-03,  7.87346E-03,  7.24608E-03,  6.66089E-03,  6.11743E-03,  5.61449E-03,  5.15029E-03,  4.72277E-03,  4.32968E-03,  3.96872E-03,  3.63761E-03,  3.33410E-03,NA,NA,NA,NA,NA,
NA,NA,NA,NA,NA,NA,NA,NA,NA,NA,NA, -9.13753E-03, -9.44858E-03, -9.76306E-03, -1.00794E-02, -1.03955E-02, -1.07093E-02, -1.10178E-02, -1.13179E-02, -1.16060E-02, -1.18776E-02, -1.21281E-02, -1.23520E-02, -1.25434E-02, -1.26959E-02, -1.28024E-02, -1.28558E-02, -1.28484E-02, -1.27728E-02, -1.26218E-02, -1.23885E-02, -1.20669E-02, -1.16523E-02, -1.11410E-02, -1.05310E-02, -9.82194E-03, -9.01491E-03, -8.11216E-03, -7.11670E-03, -6.03157E-03, -4.85909E-03, -3.60024E-03, -2.25420E-03, -8.18463E-04,  7.10183E-04,NA,NA,NA,NA,NA,NA,NA,NA,NA,NA,NA,NA,NA,NA,NA,  1.64452E-02,  1.56049E-02,  1.46871E-02,  1.37316E-02,  1.27699E-02,  1.18251E-02,  1.09136E-02,  1.00462E-02,  9.22907E-03,  8.46547E-03,  7.75616E-03,  7.10032E-03,  6.49605E-03,  5.94082E-03,  5.43169E-03,  4.96556E-03,  4.53928E-03,  4.14980E-03,  3.79414E-03,  3.46952E-03,  3.17330E-03,NA,NA,NA,NA,
NA,NA,NA,NA,NA,NA,NA,NA,NA,NA, -8.95950E-03, -9.27848E-03, -9.60305E-03, -9.93189E-03, -1.02634E-02, -1.05954E-02, -1.09257E-02, -1.12512E-02, -1.15686E-02, -1.18739E-02, -1.21625E-02, -1.24292E-02, -1.26680E-02, -1.28724E-02, -1.30350E-02, -1.31483E-02, -1.32038E-02, -1.31930E-02, -1.31074E-02, -1.29387E-02, -1.26792E-02, -1.23221E-02, -1.18620E-02, -1.12954E-02, -1.06207E-02, -9.83836E-03, -8.95091E-03, -7.96247E-03, -6.87803E-03, -5.70244E-03, -4.43923E-03,NA,NA,NA,NA,NA,NA,NA,NA,NA,NA,NA,NA,NA,NA,NA,NA,NA,NA,NA,NA,NA,  1.63908E-02,  1.52100E-02,  1.40450E-02,  1.29202E-02,  1.18514E-02,  1.08478E-02,  9.91370E-03,  9.04991E-03,  8.25508E-03,  7.52636E-03,  6.86004E-03,  6.25197E-03,  5.69784E-03,  5.19337E-03,  4.73441E-03,  4.31704E-03,  3.93758E-03,  3.59262E-03,  3.27902E-03,  2.99389E-03,NA,NA,NA,
NA,NA,NA,NA,NA,NA,NA,NA,NA, -8.75127E-03, -9.07488E-03, -9.40599E-03, -9.74353E-03, -1.00862E-02, -1.04322E-02, -1.07796E-02, -1.11258E-02, -1.14678E-02, -1.18019E-02, -1.21239E-02, -1.24289E-02, -1.27110E-02, -1.29638E-02, -1.31800E-02, -1.33515E-02, -1.34695E-02, -1.35246E-02, -1.35072E-02, -1.34073E-02, -1.32154E-02, -1.29227E-02, -1.25214E-02, -1.20056E-02, -1.13719E-02, -1.06191E-02, -9.74913E-03, -8.76675E-03, -7.67886E-03,NA,NA,NA,NA,NA,NA,NA,NA,NA,NA,NA,NA,NA,NA,NA,NA,NA,NA,NA,NA,NA,NA,NA,NA,NA,  1.67464E-02,  1.53516E-02,  1.40276E-02,  1.27881E-02,  1.16393E-02,  1.05823E-02,  9.61481E-03,  8.73262E-03,  7.93032E-03,  7.20201E-03,  6.54168E-03,  5.94345E-03,  5.40173E-03,  4.91127E-03,  4.46724E-03,  4.06518E-03,  3.70107E-03,  3.37121E-03,  3.07229E-03,NA,NA,NA,
NA,NA,NA,NA,NA,NA,NA,NA,NA, -8.84157E-03, -9.17576E-03, -9.51827E-03, -9.86803E-03, -1.02237E-02, -1.05836E-02, -1.09455E-02, -1.13068E-02, -1.16644E-02, -1.20143E-02, -1.23521E-02, -1.26723E-02, -1.29688E-02, -1.32343E-02, -1.34607E-02, -1.36391E-02, -1.37594E-02, -1.38110E-02, -1.37827E-02, -1.36632E-02, -1.34412E-02, -1.31064E-02, -1.26502E-02, -1.20657E-02, -1.13495E-02, -1.05012E-02,NA,NA,NA,NA,NA,NA,NA,NA,NA,NA,NA,NA,NA,NA,NA,NA,NA,NA,NA,NA,NA,NA,NA,NA,NA,NA,NA,NA,NA,  1.66595E-02,  1.51205E-02,  1.37005E-02,  1.24009E-02,  1.12183E-02,  1.01463E-02,  9.17725E-03,  8.30260E-03,  7.51398E-03,  6.80330E-03,  6.16297E-03,  5.58599E-03,  5.06597E-03,  4.59711E-03,  4.17420E-03,  3.79253E-03,  3.44791E-03,  3.13656E-03,  2.85512E-03,NA,NA,
NA,NA,NA,NA,NA,NA,NA,NA, -8.58258E-03, -8.91664E-03, -9.26053E-03, -9.61350E-03, -9.97452E-03, -1.03422E-02, -1.07148E-02, -1.10902E-02, -1.14656E-02, -1.18376E-02, -1.22021E-02, -1.25543E-02, -1.28885E-02, -1.31977E-02, -1.34741E-02, -1.37088E-02, -1.38915E-02, -1.40110E-02, -1.40551E-02, -1.40109E-02, -1.38651E-02, -1.36046E-02, -1.32173E-02, -1.26928E-02, -1.20233E-02, -1.12051E-02,NA,NA,NA,NA,NA,NA,NA,NA,NA,NA,NA,NA,NA,NA,NA,NA,NA,NA,NA,NA,NA,NA,NA,NA,NA,NA,NA,NA,NA,NA,NA,  1.61653E-02,  1.45606E-02,  1.31096E-02,  1.18029E-02,  1.06292E-02,  9.57647E-03,  8.63299E-03,  7.78759E-03,  7.02996E-03,  6.35074E-03,  5.74148E-03,  5.19462E-03,  4.70343E-03,  4.26192E-03,  3.86476E-03,  3.50723E-03,  3.18513E-03,  2.89474E-03,NA,NA,
NA,NA,NA,NA,NA,NA,NA,NA, -8.63305E-03, -8.97506E-03, -9.32760E-03, -9.68992E-03, -1.00610E-02, -1.04395E-02, -1.08236E-02, -1.12110E-02, -1.15989E-02, -1.19838E-02, -1.23614E-02, -1.27264E-02, -1.30726E-02, -1.33926E-02, -1.36777E-02, -1.39180E-02, -1.41020E-02, -1.42170E-02, -1.42490E-02, -1.41830E-02, -1.40033E-02, -1.36945E-02, -1.32419E-02, -1.26330E-02,NA,NA,NA,NA,NA,NA,NA,NA,NA,NA,NA,NA,NA,NA,NA,NA,NA,NA,NA,NA,NA,NA,NA,NA,NA,NA,NA,NA,NA,NA,NA,NA,NA,NA,  1.53362E-02,  1.37398E-02,  1.23157E-02,  1.10471E-02,  9.91728E-03,  8.91106E-03,  8.01442E-03,  7.21485E-03,  6.50120E-03,  5.86364E-03,  5.29350E-03,  4.78312E-03,  4.32580E-03,  3.91563E-03,  3.54739E-03,  3.21651E-03,  2.91892E-03,  2.65105E-03,NA,
NA,NA,NA,NA,NA,NA,NA, -8.32948E-03, -8.66667E-03, -9.01548E-03, -9.37543E-03, -9.74579E-03, -1.01256E-02, -1.05133E-02, -1.09073E-02, -1.13051E-02, -1.17038E-02, -1.20998E-02, -1.24883E-02, -1.28640E-02, -1.32200E-02, -1.35483E-02, -1.38394E-02, -1.40823E-02, -1.42641E-02, -1.43703E-02, -1.43849E-02, -1.42903E-02, -1.40682E-02, -1.36998E-02, -1.31673E-02,NA,NA,NA,NA,NA,NA,NA,NA,NA,NA,NA,NA,NA,NA,NA,NA,NA,NA,NA,NA,NA,NA,NA,NA,NA,NA,NA,NA,NA,NA,NA,NA,NA,NA,NA,  1.59922E-02,  1.42644E-02,  1.27358E-02,  1.13836E-02,  1.01868E-02,  9.12665E-03,  8.18640E-03,  7.35148E-03,  6.60914E-03,  5.94825E-03,  5.35913E-03,  4.83334E-03,  4.36351E-03,  3.94322E-03,  3.56681E-03,  3.22938E-03,  2.92656E-03,  2.65457E-03,NA,
NA,NA,NA,NA,NA,NA,NA, -8.34012E-03, -8.68232E-03, -9.03663E-03, -9.40259E-03, -9.77950E-03, -1.01663E-02, -1.05616E-02, -1.09636E-02, -1.13699E-02, -1.17773E-02, -1.21820E-02, -1.25792E-02, -1.29630E-02, -1.33261E-02, -1.36598E-02, -1.39538E-02, -1.41957E-02, -1.43713E-02, -1.44640E-02, -1.44555E-02, -1.43251E-02, -1.40511E-02, -1.36108E-02,NA,NA,NA,NA,NA,NA,NA,NA,NA,NA,NA,NA,NA,NA,NA,NA,NA,NA,NA,NA,NA,NA,NA,NA,NA,NA,NA,NA,NA,NA,NA,NA,NA,NA,NA,NA,NA,  1.46568E-02,  1.30430E-02,  1.16234E-02,  1.03733E-02,  9.27049E-03,  8.29622E-03,  7.43406E-03,  6.66990E-03,  5.99155E-03,  5.38850E-03,  4.85163E-03,  4.37304E-03,  3.94587E-03,  3.56414E-03,  3.22262E-03,  2.91676E-03,  2.64254E-03,  2.39645E-03,
NA,NA,NA,NA,NA,NA, -8.00000E-03, -8.33313E-03, -8.67900E-03, -9.03737E-03, -9.40780E-03, -9.78955E-03, -1.01816E-02, -1.05825E-02, -1.09905E-02, -1.14029E-02, -1.18165E-02, -1.22274E-02, -1.26305E-02, -1.30195E-02, -1.33865E-02, -1.37223E-02, -1.40155E-02, -1.42526E-02, -1.44175E-02, -1.44918E-02, -1.44541E-02, -1.42805E-02, -1.39450E-02,NA,NA,NA,NA,NA,NA,NA,NA,NA,NA,NA,NA,NA,NA,NA,NA,NA,NA,NA,NA,NA,NA,NA,NA,NA,NA,NA,NA,NA,NA,NA,NA,NA,NA,NA,NA,NA,NA,  1.48935E-02,  1.32197E-02,  1.17534E-02,  1.04664E-02,  9.33479E-03,  8.33779E-03,  7.45778E-03,  6.67967E-03,  5.99050E-03,  5.37914E-03,  4.83599E-03,  4.35276E-03,  3.92227E-03,  3.53829E-03,  3.19537E-03,  2.88879E-03,  2.61439E-03,  2.36855E-03,
NA,NA,NA,NA,NA,NA, -7.97262E-03, -8.30773E-03, -8.65585E-03, -9.01672E-03, -9.38990E-03, -9.77467E-03, -1.01700E-02, -1.05743E-02, -1.09858E-02, -1.14018E-02, -1.18190E-02, -1.22331E-02, -1.26389E-02, -1.30297E-02, -1.33972E-02, -1.37313E-02, -1.40198E-02, -1.42477E-02, -1.43975E-02, -1.44481E-02, -1.43753E-02, -1.41512E-02,NA,NA,NA,NA,NA,NA,NA,NA,NA,NA,NA,NA,NA,NA,NA,NA,NA,NA,NA,NA,NA,NA,NA,NA,NA,NA,NA,NA,NA,NA,NA,NA,NA,NA,NA,NA,NA,NA,NA,NA,  1.32529E-02,  1.17636E-02,  1.04590E-02,  9.31383E-03,  8.30665E-03,  7.41914E-03,  6.63567E-03,  5.94287E-03,  5.32927E-03,  4.78500E-03,  4.30153E-03,  3.87151E-03,  3.48853E-03,  3.14703E-03,  2.84218E-03,  2.56975E-03,  2.32602E-03,
NA,NA,NA,NA,NA,NA, -7.92763E-03, -8.26334E-03, -8.61217E-03, -8.97388E-03, -9.34800E-03, -9.73377E-03, -1.01301E-02, -1.05355E-02, -1.09480E-02, -1.13648E-02, -1.17825E-02, -1.21966E-02, -1.26017E-02, -1.29905E-02, -1.33545E-02, -1.36828E-02, -1.39622E-02, -1.41766E-02, -1.43064E-02, -1.43283E-02, -1.42148E-02,NA,NA,NA,NA,NA,NA,NA,NA,NA,NA,NA,NA,NA,NA,NA,NA,NA,NA,NA,NA,NA,NA,NA,NA,NA,NA,NA,NA,NA,NA,NA,NA,NA,NA,NA,NA,NA,NA,NA,NA,NA,  1.31354E-02,  1.16487E-02,  1.03467E-02,  9.20439E-03,  8.20028E-03,  7.31613E-03,  6.53631E-03,  5.84740E-03,  5.23789E-03,  4.69786E-03,  4.21873E-03,  3.79308E-03,  3.41448E-03,  3.07732E-03,  2.77674E-03,  2.50846E-03,  2.26877E-03,
NA,NA,NA,NA,NA, -7.54304E-03, -7.86468E-03, -8.19952E-03, -8.54747E-03, -8.90826E-03, -9.28139E-03, -9.66608E-03, -1.00612E-02, -1.04651E-02, -1.08758E-02, -1.12904E-02, -1.17053E-02, -1.21159E-02, -1.25164E-02, -1.28993E-02, -1.32555E-02, -1.35736E-02, -1.38393E-02, -1.40354E-02, -1.41405E-02, -1.41290E-02, -1.39699E-02,NA,NA,NA,NA,NA,NA,NA,NA,NA,NA,NA,NA,NA,NA,NA,NA,NA,NA,NA,NA,NA,NA,NA,NA,NA,NA,NA,NA,NA,NA,NA,NA,NA,NA,NA,NA,NA,NA,NA,NA,NA,  1.28667E-02,  1.14083E-02,  1.01293E-02,  9.00607E-03,  8.01830E-03,  7.14842E-03,  6.38129E-03,  5.70385E-03,  5.10481E-03,  4.57444E-03,  4.10426E-03,  3.68696E-03,  3.31614E-03,  2.98627E-03,  2.69250E-03,  2.43061E-03,  2.19689E-03,
NA,NA,NA,NA,NA, -7.46414E-03, -7.78354E-03, -8.11602E-03, -8.46145E-03, -8.81951E-03, -9.18968E-03, -9.57109E-03, -9.96255E-03, -1.03624E-02, -1.07684E-02, -1.11776E-02, -1.15863E-02, -1.19896E-02, -1.23814E-02, -1.27541E-02, -1.30980E-02, -1.34010E-02, -1.36482E-02, -1.38212E-02, -1.38970E-02, -1.38476E-02,NA,NA,NA,NA,NA,NA,NA,NA,NA,NA,NA,NA,NA,NA,NA,NA,NA,NA,NA,NA,NA,NA,NA,NA,NA,NA,NA,NA,NA,NA,NA,NA,NA,NA,NA,NA,NA,NA,NA,NA,NA,NA,  1.24535E-02,  1.10470E-02,  9.80991E-03,  8.72123E-03,  7.76244E-03,  6.91731E-03,  6.17162E-03,  5.51302E-03,  4.93071E-03,  4.41530E-03,  3.95863E-03,  3.55358E-03,  3.19392E-03,  2.87425E-03,  2.58983E-03,  2.33652E-03,  2.11069E-03,
NA,NA,NA,NA, -7.06542E-03, -7.36840E-03, -7.68419E-03, -8.01280E-03, -8.35404E-03, -8.70756E-03, -9.07275E-03, -9.44867E-03, -9.83404E-03, -1.02271E-02, -1.06254E-02, -1.10260E-02, -1.14249E-02, -1.18170E-02, -1.21960E-02, -1.25539E-02, -1.28806E-02, -1.31636E-02, -1.33873E-02, -1.35321E-02, -1.35739E-02, -1.34825E-02,NA,NA,NA,NA,NA,NA,NA,NA,NA,NA,NA,NA,NA,NA,NA,NA,NA,NA,NA,NA,NA,NA,NA,NA,NA,NA,NA,NA,NA,NA,NA,NA,NA,NA,NA,NA,NA,NA,NA,NA,NA,NA,  1.19087E-02,  1.05741E-02,  9.39532E-03,  8.35482E-03,  7.43644E-03,  6.62566E-03,  5.90957E-03,  5.27672E-03,  4.71704E-03,  4.22168E-03,  3.78288E-03,  3.39384E-03,  3.04860E-03,  2.74195E-03,  2.46934E-03,  2.22674E-03,  2.01067E-03,
NA,NA,NA,NA, -6.95760E-03, -7.25596E-03, -7.56678E-03, -7.89002E-03, -8.22544E-03, -8.57260E-03, -8.93080E-03, -9.29904E-03, -9.67587E-03, -1.00594E-02, -1.04471E-02, -1.08358E-02, -1.12212E-02, -1.15982E-02, -1.19600E-02, -1.22984E-02, -1.26030E-02, -1.28608E-02, -1.30556E-02, -1.31672E-02, -1.31702E-02,NA,NA,NA,NA,NA,NA,NA,NA,NA,NA,NA,NA,NA,NA,NA,NA,NA,NA,NA,NA,NA,NA,NA,NA,NA,NA,NA,NA,NA,NA,NA,NA,NA,NA,NA,NA,NA,NA,NA,NA,NA,NA,NA,  1.12498E-02,  1.00022E-02,  8.89492E-03,  7.91392E-03,  7.04569E-03,  6.27769E-03,  5.59845E-03,  4.99764E-03,  4.46603E-03,  3.99542E-03,  3.57857E-03,  3.20908E-03,  2.88134E-03,  2.59040E-03,  2.33192E-03,  2.10208E-03,  1.89755E-03,
NA,NA,NA,NA, -6.83460E-03, -7.12712E-03, -7.43165E-03, -7.74806E-03, -8.07605E-03, -8.41510E-03, -8.76439E-03, -9.12278E-03, -9.48872E-03, -9.86013E-03, -1.02343E-02, -1.06078E-02, -1.09762E-02, -1.13341E-02, -1.16744E-02, -1.19887E-02, -1.22661E-02, -1.24933E-02, -1.26537E-02, -1.27265E-02, -1.26854E-02,NA,NA,NA,NA,NA,NA,NA,NA,NA,NA,NA,NA,NA,NA,NA,NA,NA,NA,NA,NA,NA,NA,NA,NA,NA,NA,NA,NA,NA,NA,NA,NA,NA,NA,NA,NA,NA,NA,NA,NA,NA,NA,NA,  1.04968E-02,  9.34624E-03,  8.31989E-03,  7.40708E-03,  6.59688E-03,  5.87869E-03,  5.24254E-03,  4.67926E-03,  4.18055E-03,  3.73892E-03,  3.34773E-03,  3.00105E-03,  2.69364E-03,  2.42089E-03,  2.17872E-03,  1.96354E-03,  1.77221E-03,
NA,NA,NA, -6.42279E-03, -6.69682E-03, -6.98234E-03, -7.27930E-03, -7.58751E-03, -7.90656E-03, -8.23582E-03, -8.57436E-03, -8.92089E-03, -9.27370E-03, -9.63051E-03, -9.98840E-03, -1.03437E-02, -1.06917E-02, -1.10267E-02, -1.13413E-02, -1.16268E-02, -1.18719E-02, -1.20631E-02, -1.21833E-02, -1.22113E-02,NA,NA,NA,NA,NA,NA,NA,NA,NA,NA,NA,NA,NA,NA,NA,NA,NA,NA,NA,NA,NA,NA,NA,NA,NA,NA,NA,NA,NA,NA,NA,NA,NA,NA,NA,NA,NA,NA,NA,NA,NA,NA,NA,NA,  9.67029E-03,  8.62179E-03,  7.68226E-03,  6.84374E-03,  6.09751E-03,  5.43470E-03,  4.84676E-03,  4.32566E-03,  3.86401E-03,  3.45508E-03,  3.09283E-03,  2.77185E-03,  2.48734E-03,  2.23502E-03,  2.01113E-03,  1.81235E-03,  1.63573E-03,
NA,NA,NA, -6.27828E-03, -6.54480E-03, -6.82223E-03, -7.11045E-03, -7.40915E-03, -7.71785E-03, -8.03579E-03, -8.36189E-03, -8.69472E-03, -9.03234E-03, -9.37228E-03, -9.71138E-03, -1.00457E-02, -1.03701E-02, -1.06787E-02, -1.09638E-02, -1.12160E-02, -1.14240E-02, -1.15737E-02, -1.16477E-02, -1.16246E-02,NA,NA,NA,NA,NA,NA,NA,NA,NA,NA,NA,NA,NA,NA,NA,NA,NA,NA,NA,NA,NA,NA,NA,NA,NA,NA,NA,NA,NA,NA,NA,NA,NA,NA,NA,NA,NA,NA,NA,NA,NA,NA,NA,NA,  8.78913E-03,  7.84385E-03,  6.99404E-03,  6.23361E-03,  5.55548E-03,  4.95223E-03,  4.41653E-03,  3.94137E-03,  3.52024E-03,  3.14715E-03,  2.81666E-03,  2.52390E-03,  2.26451E-03,  2.03461E-03,  1.83076E-03,  1.64991E-03,  1.48937E-03,
NA,NA,NA, -6.12113E-03, -6.37922E-03, -6.64756E-03, -6.92594E-03, -7.21398E-03, -7.51106E-03, -7.81629E-03, -8.12847E-03, -8.44594E-03, -8.76660E-03, -9.08770E-03, -9.40582E-03, -9.71665E-03, -1.00149E-02, -1.02940E-02, -1.05459E-02, -1.07610E-02, -1.09272E-02, -1.10302E-02, -1.10521E-02, -1.09710E-02,NA,NA,NA,NA,NA,NA,NA,NA,NA,NA,NA,NA,NA,NA,NA,NA,NA,NA,NA,NA,NA,NA,NA,NA,NA,NA,NA,NA,NA,NA,NA,NA,NA,NA,NA,NA,NA,NA,NA,NA,NA,NA,NA,NA,  7.86967E-03,  7.02605E-03,  6.26659E-03,  5.58616E-03,  4.97876E-03,  4.43800E-03,  3.95754E-03,  3.53125E-03,  3.15340E-03,  2.81869E-03,  2.52230E-03,  2.25988E-03,  2.02750E-03,  1.82170E-03,  1.63938E-03,  1.47778E-03,  1.33448E-03,
NA,NA, -5.71289E-03, -5.95204E-03, -6.20085E-03, -6.45920E-03, -6.72678E-03, -7.00312E-03, -7.28748E-03, -7.57884E-03, -7.87581E-03, -8.17657E-03, -8.47878E-03, -8.77944E-03, -9.07480E-03, -9.36023E-03, -9.63001E-03, -9.87713E-03, -1.00931E-02, -1.02676E-02, -1.03882E-02, -1.04396E-02, -1.04037E-02, -1.02576E-02,NA,NA,NA,NA,NA,NA,NA,NA,NA,NA,NA,NA,NA,NA,NA,NA,NA,NA,NA,NA,NA,NA,NA,NA,NA,NA,NA,NA,NA,NA,NA,NA,NA,NA,NA,NA,NA,NA,NA,NA,NA,NA,NA,NA,  6.92515E-03,  6.18017E-03,  5.51024E-03,  4.91040E-03,  4.37513E-03,  3.89874E-03,  3.47560E-03,  3.10032E-03,  2.76784E-03,  2.47351E-03,  2.21306E-03,  1.98265E-03,  1.77882E-03,  1.59850E-03,  1.43893E-03,  1.29768E-03,  1.17259E-03,
NA,NA, -5.54196E-03, -5.77177E-03, -6.01057E-03, -6.25814E-03, -6.51410E-03, -6.77786E-03, -7.04859E-03, -7.32510E-03, -7.60587E-03, -7.88886E-03, -8.17150E-03, -8.45052E-03, -8.72186E-03, -8.98048E-03, -9.22024E-03, -9.43362E-03, -9.61153E-03, -9.74298E-03, -9.81474E-03, -9.81083E-03, -9.71189E-03,NA,NA,NA,NA,NA,NA,NA,NA,NA,NA,NA,NA,NA,NA,NA,NA,NA,NA,NA,NA,NA,NA,NA,NA,NA,NA,NA,NA,NA,NA,NA,NA,NA,NA,NA,NA,NA,NA,NA,NA,NA,NA,NA,NA,NA,  5.96594E-03,  5.31619E-03,  4.73424E-03,  4.21468E-03,  3.75207E-03,  3.34106E-03,  2.97654E-03,  2.65370E-03,  2.36806E-03,  2.11553E-03,  1.89238E-03,  1.69525E-03,  1.52113E-03,  1.36733E-03,  1.23146E-03,  1.11141E-03,  1.00530E-03,
NA,NA, -5.36131E-03, -5.58118E-03, -5.80932E-03, -6.04545E-03, -6.28911E-03, -6.53960E-03, -6.79597E-03, -7.05692E-03, -7.32075E-03, -7.58524E-03, -7.84758E-03, -8.10423E-03, -8.35081E-03, -8.58189E-03, -8.79082E-03, -8.96956E-03, -9.10831E-03, -9.19532E-03, -9.21638E-03, -9.15442E-03, -8.98871E-03,NA,NA,NA,NA,NA,NA,NA,NA,NA,NA,NA,NA,NA,NA,NA,NA,NA,NA,NA,NA,NA,NA,NA,NA,NA,NA,NA,NA,NA,NA,NA,NA,NA,NA,NA,NA,NA,NA,NA,NA,NA,NA,NA,NA,NA,  5.00021E-03,  4.44260E-03,  3.94687E-03,  3.50680E-03,  3.11672E-03,  2.77143E-03,  2.46617E-03,  2.19655E-03,  1.95863E-03,  1.74879E-03,  1.56382E-03,  1.40082E-03,  1.25719E-03,  1.13065E-03,  1.01915E-03,  9.20894E-04,  8.34287E-04,
NA,NA, -5.17176E-03, -5.38117E-03, -5.59813E-03, -5.82228E-03, -6.05309E-03, -6.28978E-03, -6.53129E-03, -6.77620E-03, -7.02265E-03, -7.26825E-03, -7.50998E-03, -7.74404E-03, -7.96570E-03, -8.16917E-03, -8.34731E-03, -8.49146E-03, -8.59112E-03, -8.63361E-03, -8.60362E-03, -8.48266E-03, -8.24828E-03,NA,NA,NA,NA,NA,NA,NA,NA,NA,NA,NA,NA,NA,NA,NA,NA,NA,NA,NA,NA,NA,NA,NA,NA,NA,NA,NA,NA,NA,NA,NA,NA,NA,NA,NA,NA,NA,NA,NA,NA,NA,NA,NA,NA,NA,  4.03483E-03,  3.56695E-03,  3.15574E-03,  2.79408E-03,  2.47594E-03,  2.19615E-03,  1.95017E-03,  1.73400E-03,  1.54411E-03,  1.37737E-03,  1.23101E-03,  1.10255E-03,  9.89844E-04,  8.90956E-04,  8.04197E-04,  7.28078E-04,  6.61287E-04,
NA, -4.78268E-03, -4.97414E-03, -5.17267E-03, -5.37803E-03, -5.58980E-03, -5.80738E-03, -6.02992E-03, -6.25626E-03, -6.48489E-03, -6.71380E-03, -6.94047E-03, -7.16168E-03, -7.37340E-03, -7.57061E-03, -7.74712E-03, -7.89536E-03, -8.00604E-03, -8.06792E-03, -8.06732E-03, -7.98771E-03, -7.80897E-03, -7.50655E-03,NA,NA,NA,NA,NA,NA,NA,NA,NA,NA,NA,NA,NA,NA,NA,NA,NA,NA,NA,NA,NA,NA,NA,NA,NA,NA,NA,NA,NA,NA,NA,NA,NA,NA,NA,NA,NA,NA,NA,NA,NA,NA,NA,NA,NA,  3.07628E-03,  2.69636E-03,  2.36810E-03,  2.08357E-03,  1.83639E-03,  1.62137E-03,  1.43417E-03,  1.27112E-03,  1.12909E-03,  1.00535E-03,  8.97566E-04,  8.03695E-04,  7.21955E-04,  6.50795E-04,  5.88858E-04,  5.34960E-04,  4.88068E-04,
NA, -4.58843E-03, -4.76933E-03, -4.95665E-03, -5.15009E-03, -5.34919E-03, -5.55330E-03, -5.76149E-03, -5.97256E-03, -6.18489E-03, -6.39639E-03, -6.60442E-03, -6.80559E-03, -6.99570E-03, -7.16947E-03, -7.32040E-03, -7.44047E-03, -7.51986E-03, -7.54656E-03, -7.50592E-03, -7.38010E-03, -7.14724E-03,NA,NA,NA,NA,NA,NA,NA,NA,NA,NA,NA,NA,NA,NA,NA,NA,NA,NA,NA,NA,NA,NA,NA,NA,NA,NA,NA,NA,NA,NA,NA,NA,NA,NA,NA,NA,NA,NA,NA,NA,NA,NA,NA,NA,NA,NA,  2.13137E-03,  1.83799E-03,  1.59112E-03,  1.38219E-03,  1.20458E-03,  1.05314E-03,  9.23710E-04,  8.12943E-04,  7.18066E-04,  6.36771E-04,  5.67116E-04,  5.07454E-04,  4.56384E-04,  4.12705E-04,  3.75385E-04,  3.43539E-04,  3.16402E-04,
NA, -4.38811E-03, -4.55821E-03, -4.73408E-03, -4.91539E-03, -5.10164E-03, -5.29216E-03, -5.48597E-03, -5.68182E-03, -5.87805E-03, -6.07251E-03, -6.26246E-03, -6.44444E-03, -6.61408E-03, -6.76596E-03, -6.89331E-03, -6.98776E-03, -7.03902E-03, -7.03440E-03, -6.95835E-03, -6.79174E-03, -6.51100E-03,NA,NA,NA,NA,NA,NA,NA,NA,NA,NA,NA,NA,NA,NA,NA,NA,NA,NA,NA,NA,NA,NA,NA,NA,NA,NA,NA,NA,NA,NA,NA,NA,NA,NA,NA,NA,NA,NA,NA,NA,NA,NA,NA,NA,NA,NA,  1.20762E-03,  9.99370E-04,  8.32083E-04,  6.96844E-04,  5.86973E-04,  4.97397E-04,  4.24213E-04,  3.64378E-04,  3.15487E-04,  2.75616E-04,  2.43211E-04,  2.17005E-04,  1.95954E-04,  1.79195E-04,  1.66009E-04,  1.55794E-04,  1.48047E-04,
NA, -4.18254E-03, -4.34164E-03, -4.50590E-03, -4.67495E-03, -4.84830E-03, -5.02522E-03, -5.20475E-03, -5.38560E-03, -5.56609E-03, -5.74407E-03, -5.91676E-03, -6.08066E-03, -6.23136E-03, -6.36332E-03, -6.46963E-03, -6.54168E-03, -6.56883E-03, -6.53786E-03, -6.43245E-03, -6.23235E-03, -5.91244E-03,NA,NA,NA,NA,NA,NA,NA,NA,NA,NA,NA,NA,NA,NA,NA,NA,NA,NA,NA,NA,NA,NA,NA,NA,NA,NA,NA,NA,NA,NA,NA,NA,NA,NA,NA,NA,NA,NA,NA,NA,NA,NA,NA,NA,NA,NA,  3.13501E-04,  1.88477E-04,  9.84659E-05,  3.44928E-05, -1.00370E-05, -3.99950E-05, -5.90019E-05, -6.97670E-05, -7.43313E-05, -7.42431E-05, -7.06849E-05, -6.45648E-05, -5.65842E-05, -4.72870E-05, -3.70965E-05, -2.63425E-05, -1.52820E-05,
NA, -3.97250E-03, -4.12049E-03, -4.27305E-03, -4.42982E-03, -4.59027E-03, -4.75370E-03, -4.91914E-03, -5.08532E-03, -5.25058E-03, -5.41279E-03, -5.56921E-03, -5.71638E-03, -5.84989E-03, -5.96422E-03, -6.05243E-03, -6.10581E-03, -6.11354E-03, -6.06205E-03, -5.93448E-03, -5.70974E-03, -5.36144E-03,NA,NA,NA,NA,NA,NA,NA,NA,NA,NA,NA,NA,NA,NA,NA,NA,NA,NA,NA,NA,NA,NA,NA,NA,NA,NA,NA,NA,NA,NA,NA,NA,NA,NA,NA,NA,NA,NA,NA,NA,NA,NA,NA,NA,NA,NA, -5.41729E-04, -5.86287E-04, -6.02084E-04, -5.97914E-04, -5.80134E-04, -5.53325E-04, -5.20779E-04, -4.84853E-04, -4.47225E-04, -4.09079E-04, -3.71243E-04, -3.34285E-04, -2.98585E-04, -2.64387E-04, -2.31836E-04, -2.01009E-04, -1.71928E-04,
NA, -3.75879E-03, -3.89561E-03, -4.03645E-03, -4.18095E-03, -4.32860E-03, -4.47870E-03, -4.63033E-03, -4.78226E-03, -4.93289E-03, -5.08015E-03, -5.22141E-03, -5.35330E-03, -5.47154E-03, -5.57070E-03, -5.64396E-03, -5.68270E-03, -5.67607E-03, -5.61044E-03, -5.46867E-03, -5.22918E-03, -4.86475E-03,NA,NA,NA,NA,NA,NA,NA,NA,NA,NA,NA,NA,NA,NA,NA,NA,NA,NA,NA,NA,NA,NA,NA,NA,NA,NA,NA,NA,NA,NA,NA,NA,NA,NA,NA,NA,NA,NA,NA,NA,NA,NA,NA,NA,NA,NA, -1.34829E-03, -1.31629E-03, -1.26189E-03, -1.19352E-03, -1.11717E-03, -1.03708E-03, -9.56178E-04, -8.76456E-04, -7.99237E-04, -7.25357E-04, -6.55309E-04, -5.89344E-04, -5.27543E-04, -4.69874E-04, -4.16225E-04, -3.66437E-04, -3.20321E-04,
NA, -3.54215E-03, -3.66779E-03, -3.79695E-03, -3.92926E-03, -4.06426E-03, -4.20127E-03, -4.33943E-03, -4.47757E-03, -4.61421E-03, -4.74739E-03, -4.87463E-03, -4.99273E-03, -5.09762E-03, -5.18412E-03, -5.24563E-03, -5.27378E-03, -5.25796E-03, -5.18470E-03, -5.03694E-03, -4.79301E-03, -4.42540E-03,NA,NA,NA,NA,NA,NA,NA,NA,NA,NA,NA,NA,NA,NA,NA,NA,NA,NA,NA,NA,NA,NA,NA,NA,NA,NA,NA,NA,NA,NA,NA,NA,NA,NA,NA,NA,NA,NA,NA,NA,NA,NA,NA,NA,NA, -2.17220E-03, -2.09629E-03, -1.99297E-03, -1.87345E-03, -1.74569E-03, -1.61528E-03, -1.48604E-03, -1.36055E-03, -1.24043E-03, -1.12667E-03, -1.01978E-03, -9.19943E-04, -8.27120E-04, -7.41124E-04, -6.61668E-04, -5.88411E-04, -5.20980E-04, -4.58991E-04,
NA, -3.32334E-03, -3.43784E-03, -3.55538E-03, -3.67564E-03, -3.79816E-03, -3.92234E-03, -4.04739E-03, -4.17224E-03, -4.29553E-03, -4.41548E-03, -4.52980E-03, -4.63555E-03, -4.72894E-03, -4.80513E-03, -4.85792E-03, -4.87935E-03, -4.85927E-03, -4.78464E-03, -4.63884E-03, -4.40055E-03, -4.04250E-03,NA,NA,NA,NA,NA,NA,NA,NA,NA,NA,NA,NA,NA,NA,NA,NA,NA,NA,NA,NA,NA,NA,NA,NA,NA,NA,NA,NA,NA,NA,NA,NA,NA,NA,NA,NA,NA,NA,NA,NA,NA,NA,NA,NA,NA, -2.92323E-03, -2.77619E-03, -2.60815E-03, -2.42968E-03, -2.24825E-03, -2.06900E-03, -1.89539E-03, -1.72961E-03, -1.57298E-03, -1.42614E-03, -1.28934E-03, -1.16246E-03, -1.04522E-03, -9.37197E-04, -8.37872E-04, -7.46703E-04, -6.63129E-04, -5.86595E-04,
NA, -3.10306E-03, -3.20650E-03, -3.31254E-03, -3.42089E-03, -3.53114E-03, -3.64278E-03, -3.75508E-03, -3.86711E-03, -3.97767E-03, -4.08517E-03, -4.18758E-03, -4.28227E-03, -4.36581E-03, -4.43381E-03, -4.48057E-03, -4.49872E-03, -4.47876E-03, -4.40837E-03, -4.27169E-03, -4.04818E-03, -3.71138E-03,NA,NA,NA,NA,NA,NA,NA,NA,NA,NA,NA,NA,NA,NA,NA,NA,NA,NA,NA,NA,NA,NA,NA,NA,NA,NA,NA,NA,NA,NA,NA,NA,NA,NA,NA,NA,NA,NA,NA,NA,NA,NA,NA,NA,NA, -3.58888E-03, -3.37927E-03, -3.15435E-03, -2.92412E-03, -2.69557E-03, -2.47344E-03, -2.26081E-03, -2.05956E-03, -1.87071E-03, -1.69465E-03, -1.53135E-03, -1.38048E-03, -1.24153E-03, -1.11387E-03, -9.96794E-04, -8.89590E-04, -7.91536E-04, -7.01929E-04,
NA, -2.88199E-03, -2.97448E-03, -3.06915E-03, -3.16577E-03, -3.26399E-03, -3.36335E-03, -3.46326E-03, -3.56291E-03, -3.66129E-03, -3.75703E-03, -3.84840E-03, -3.93310E-03, -4.00817E-03, -4.06970E-03, -4.11263E-03, -4.13031E-03, -4.11407E-03, -4.05255E-03, -3.93093E-03, -3.72987E-03, -3.42417E-03,NA,NA,NA,NA,NA,NA,NA,NA,NA,NA,NA,NA,NA,NA,NA,NA,NA,NA,NA,NA,NA,NA,NA,NA,NA,NA,NA,NA,NA,NA,NA,NA,NA,NA,NA,NA,NA,NA,NA,NA,NA,NA,NA,NA, -4.39854E-03, -4.16024E-03, -3.89798E-03, -3.62515E-03, -3.35125E-03, -3.08286E-03, -2.82438E-03, -2.57859E-03, -2.34712E-03, -2.13073E-03, -1.92961E-03, -1.74353E-03, -1.57196E-03, -1.41421E-03, -1.26950E-03, -1.13697E-03, -1.01577E-03, -9.05030E-04, -8.03944E-04,
NA, -2.66080E-03, -2.74246E-03, -2.82594E-03, -2.91102E-03, -2.99742E-03, -3.08478E-03, -3.17261E-03, -3.26028E-03, -3.34693E-03, -3.43148E-03, -3.51248E-03, -3.58803E-03, -3.65564E-03, -3.71199E-03, -3.75270E-03, -3.77197E-03, -3.76207E-03, -3.71280E-03, -3.61064E-03, -3.43774E-03, -3.17060E-03, -2.77845E-03,NA,NA,NA,NA,NA,NA,NA,NA,NA,NA,NA,NA,NA,NA,NA,NA,NA,NA,NA,NA,NA,NA,NA,NA,NA,NA,NA,NA,NA,NA,NA,NA,NA,NA,NA,NA,NA,NA,NA,NA,NA,NA,NA, -4.91433E-03, -4.63025E-03, -4.32630E-03, -4.01538E-03, -3.70660E-03, -3.40623E-03, -3.11842E-03, -2.84575E-03, -2.58963E-03, -2.35069E-03, -2.12894E-03, -1.92399E-03, -1.73521E-03, -1.56177E-03, -1.40275E-03, -1.25719E-03, -1.12414E-03, -1.00263E-03, -8.91763E-04,
NA, -2.44011E-03, -2.51110E-03, -2.58355E-03, -2.65729E-03, -2.73211E-03, -2.80773E-03, -2.88377E-03, -2.95976E-03, -3.03507E-03, -3.10883E-03, -3.17995E-03, -3.24691E-03, -3.30772E-03, -3.35967E-03, -3.39913E-03, -3.42118E-03, -3.41918E-03, -3.38418E-03, -3.30414E-03, -3.16293E-03, -2.93910E-03, -2.60420E-03,NA,NA,NA,NA,NA,NA,NA,NA,NA,NA,NA,NA,NA,NA,NA,NA,NA,NA,NA,NA,NA,NA,NA,NA,NA,NA,NA,NA,NA,NA,NA,NA,NA,NA,NA,NA,NA,NA,NA,NA,NA,NA, -5.59284E-03, -5.31071E-03, -4.99394E-03, -4.65996E-03, -4.32134E-03, -3.98695E-03, -3.66286E-03, -3.35308E-03, -3.06007E-03, -2.78515E-03, -2.52883E-03, -2.29104E-03, -2.07133E-03, -1.86896E-03, -1.68303E-03, -1.51256E-03, -1.35652E-03, -1.21386E-03, -1.08358E-03, -9.64685E-04,
NA, -2.22052E-03, -2.28102E-03, -2.34264E-03, -2.40524E-03, -2.46870E-03, -2.53280E-03, -2.59731E-03, -2.66190E-03, -2.72611E-03, -2.78937E-03, -2.85088E-03, -2.90954E-03, -2.96383E-03, -3.01169E-03, -3.05023E-03, -3.07544E-03, -3.08181E-03, -3.06170E-03, -3.00466E-03, -2.89647E-03, -2.71785E-03, -2.44304E-03,NA,NA,NA,NA,NA,NA,NA,NA,NA,NA,NA,NA,NA,NA,NA,NA,NA,NA,NA,NA,NA,NA,NA,NA,NA,NA,NA,NA,NA,NA,NA,NA,NA,NA,NA,NA,NA,NA,NA,NA,NA,NA, -5.88746E-03, -5.58460E-03, -5.24859E-03, -4.89656E-03, -4.54092E-03, -4.19041E-03, -3.85106E-03, -3.52684E-03, -3.22018E-03, -2.93241E-03, -2.66400E-03, -2.41488E-03, -2.18458E-03, -1.97233E-03, -1.77721E-03, -1.59821E-03, -1.43427E-03, -1.28431E-03, -1.14729E-03, -1.02220E-03,
NA,NA, -2.05282E-03, -2.10380E-03, -2.15549E-03, -2.20779E-03, -2.26061E-03, -2.31380E-03, -2.36717E-03, -2.42049E-03, -2.47339E-03, -2.52539E-03, -2.57578E-03, -2.62352E-03, -2.66714E-03, -2.70448E-03, -2.73246E-03, -2.74665E-03, -2.74078E-03, -2.70599E-03, -2.63000E-03, -2.49588E-03, -2.28062E-03,NA,NA,NA,NA,NA,NA,NA,NA,NA,NA,NA,NA,NA,NA,NA,NA,NA,NA,NA,NA,NA,NA,NA,NA,NA,NA,NA,NA,NA,NA,NA,NA,NA,NA,NA,NA,NA,NA,NA,NA,NA, -6.29662E-03, -6.04426E-03, -5.73564E-03, -5.39376E-03, -5.03563E-03, -4.67359E-03, -4.31646E-03, -3.97031E-03, -3.63917E-03, -3.32558E-03, -3.03091E-03, -2.75572E-03, -2.49999E-03, -2.26328E-03, -2.04488E-03, -1.84389E-03, -1.65930E-03, -1.49007E-03, -1.33514E-03, -1.19345E-03, -1.06399E-03,
NA,NA, -1.82706E-03, -1.86763E-03, -1.90861E-03, -1.94999E-03, -1.99172E-03, -2.03378E-03, -2.07610E-03, -2.11863E-03, -2.16122E-03, -2.20366E-03, -2.24560E-03, -2.28646E-03, -2.32532E-03, -2.36071E-03, -2.39041E-03, -2.41104E-03, -2.41763E-03, -2.40291E-03, -2.35650E-03, -2.26383E-03, -2.10470E-03, -1.85166E-03,NA,NA,NA,NA,NA,NA,NA,NA,NA,NA,NA,NA,NA,NA,NA,NA,NA,NA,NA,NA,NA,NA,NA,NA,NA,NA,NA,NA,NA,NA,NA,NA,NA,NA,NA,NA,NA,NA,NA, -6.46282E-03, -6.30845E-03, -6.06612E-03, -5.76610E-03, -5.43125E-03, -5.07856E-03, -4.72048E-03, -4.36596E-03, -4.02125E-03, -3.69058E-03, -3.37661E-03, -3.08090E-03, -2.80415E-03, -2.54645E-03, -2.30747E-03, -2.08659E-03, -1.88300E-03, -1.69574E-03, -1.52382E-03, -1.36622E-03, -1.22191E-03, -1.08991E-03,
NA,NA, -1.60429E-03, -1.63468E-03, -1.66519E-03, -1.69586E-03, -1.72671E-03, -1.75781E-03, -1.78922E-03, -1.82101E-03, -1.85325E-03, -1.88598E-03, -1.91916E-03, -1.95260E-03, -1.98589E-03, -2.01820E-03, -2.04807E-03, -2.07310E-03, -2.08953E-03, -2.09158E-03, -2.07071E-03, -2.01460E-03, -1.90582E-03, -1.72030E-03,NA,NA,NA,NA,NA,NA,NA,NA,NA,NA,NA,NA,NA,NA,NA,NA,NA,NA,NA,NA,NA,NA,NA,NA,NA,NA,NA,NA,NA,NA,NA,NA,NA,NA,NA,NA,NA,NA,NA, -6.30345E-03, -6.17634E-03, -5.95877E-03, -5.68071E-03, -5.36493E-03, -5.02854E-03, -4.68419E-03, -4.34106E-03, -4.00567E-03, -3.68249E-03, -3.37446E-03, -3.08334E-03, -2.81006E-03, -2.55488E-03, -2.31764E-03, -2.09787E-03, -1.89485E-03, -1.70776E-03, -1.53569E-03, -1.37768E-03, -1.23278E-03, -1.10004E-03,
NA,NA, -1.38503E-03, -1.40548E-03, -1.42578E-03, -1.44597E-03, -1.46615E-03, -1.48646E-03, -1.50706E-03, -1.52815E-03, -1.54997E-03, -1.57276E-03, -1.59677E-03, -1.62214E-03, -1.64888E-03, -1.67672E-03, -1.70488E-03, -1.73185E-03, -1.75492E-03, -1.76969E-03, -1.76931E-03, -1.74356E-03, -1.67765E-03, -1.55073E-03, -1.33425E-03,NA,NA,NA,NA,NA,NA,NA,NA,NA,NA,NA,NA,NA,NA,NA,NA,NA,NA,NA,NA,NA,NA,NA,NA,NA,NA,NA,NA,NA,NA,NA,NA,NA,NA,NA,NA,NA, -5.94894E-03, -5.99572E-03, -5.91015E-03, -5.73045E-03, -5.48632E-03, -5.20055E-03, -4.89039E-03, -4.56875E-03, -4.24514E-03, -3.92638E-03, -3.61729E-03, -3.32110E-03, -3.03989E-03, -2.77483E-03, -2.52643E-03, -2.29475E-03, -2.07949E-03, -1.88011E-03, -1.69592E-03, -1.52613E-03, -1.36989E-03, -1.22634E-03, -1.09461E-03,
NA,NA,NA, -1.18057E-03, -1.19090E-03, -1.20086E-03, -1.21060E-03, -1.22030E-03, -1.23021E-03, -1.24063E-03, -1.25195E-03, -1.26456E-03, -1.27894E-03, -1.29552E-03, -1.31466E-03, -1.33654E-03, -1.36098E-03, -1.38719E-03, -1.41341E-03, -1.43644E-03, -1.45094E-03, -1.44859E-03, -1.41700E-03, -1.33835E-03, -1.18781E-03, -9.31727E-04,NA,NA,NA,NA,NA,NA,NA,NA,NA,NA,NA,NA,NA,NA,NA,NA,NA,NA,NA,NA,NA,NA,NA,NA,NA,NA,NA,NA,NA,NA,NA,NA,NA,NA,NA, -5.16213E-03, -5.44996E-03, -5.55413E-03, -5.52210E-03, -5.39146E-03, -5.19164E-03, -4.94544E-03, -4.67029E-03, -4.37940E-03, -4.08261E-03, -3.78713E-03, -3.49814E-03, -3.21923E-03, -2.95282E-03, -2.70039E-03, -2.46275E-03, -2.24018E-03, -2.03263E-03, -1.83976E-03, -1.66104E-03, -1.49584E-03, -1.34345E-03, -1.20311E-03,NA,
NA,NA,NA, -9.60419E-04, -9.61069E-04, -9.61074E-04, -9.60605E-04, -9.59896E-04, -9.59256E-04, -9.59070E-04, -9.59810E-04, -9.62029E-04, -9.66351E-04, -9.73436E-04, -9.83933E-04, -9.98382E-04, -1.01707E-03, -1.03982E-03, -1.06565E-03, -1.09238E-03, -1.11597E-03, -1.12978E-03, -1.12354E-03, -1.08213E-03, -9.84108E-04, -8.00016E-04,NA,NA,NA,NA,NA,NA,NA,NA,NA,NA,NA,NA,NA,NA,NA,NA,NA,NA,NA,NA,NA,NA,NA,NA,NA,NA,NA,NA,NA,NA,NA,NA,NA,NA, -3.86366E-03, -4.46561E-03, -4.82371E-03, -4.99517E-03, -5.02620E-03, -4.95371E-03, -4.80680E-03, -4.60823E-03, -4.37561E-03, -4.12242E-03, -3.85885E-03, -3.59249E-03, -3.32894E-03, -3.07218E-03, -2.82497E-03, -2.58917E-03, -2.36588E-03, -2.15569E-03, -1.95880E-03, -1.77508E-03, -1.60422E-03, -1.44576E-03, -1.29914E-03, -1.16375E-03,NA,
NA,NA,NA, -7.45493E-04, -7.36771E-04, -7.27110E-04, -7.16703E-04, -7.05816E-04, -6.94798E-04, -6.84091E-04, -6.74239E-04, -6.65889E-04, -6.59787E-04, -6.56756E-04, -6.57654E-04, -6.63295E-04, -6.74329E-04, -6.91049E-04, -7.13112E-04, -7.39144E-04, -7.66202E-04, -7.89052E-04, -7.99257E-04, -7.84037E-04, -7.24912E-04, -5.96137E-04,NA,NA,NA,NA,NA,NA,NA,NA,NA,NA,NA,NA,NA,NA,NA,NA,NA,NA,NA,NA,NA,NA,NA,NA,NA,NA,NA,NA,NA,NA,NA,NA,NA,NA, -2.97633E-03, -3.65584E-03, -4.09085E-03, -4.33650E-03, -4.43761E-03, -4.43021E-03, -4.34297E-03, -4.19853E-03, -4.01460E-03, -3.80489E-03, -3.57992E-03, -3.34770E-03, -3.11419E-03, -2.88379E-03, -2.65966E-03, -2.44400E-03, -2.23828E-03, -2.04339E-03, -1.85979E-03, -1.68762E-03, -1.52678E-03, -1.37703E-03, -1.23796E-03,NA,NA,
NA,NA,NA,NA, -5.18457E-04, -4.99449E-04, -4.79403E-04, -4.58603E-04, -4.37422E-04, -4.16335E-04, -3.95929E-04, -3.76913E-04, -3.60112E-04, -3.46453E-04, -3.36936E-04, -3.32568E-04, -3.34253E-04, -3.42633E-04, -3.57840E-04, -3.79137E-04, -4.04441E-04, -4.29667E-04, -4.47891E-04, -4.48309E-04, -4.14973E-04, -3.25335E-04,NA,NA,NA,NA,NA,NA,NA,NA,NA,NA,NA,NA,NA,NA,NA,NA,NA,NA,NA,NA,NA,NA,NA,NA,NA,NA,NA,NA,NA,NA,NA,NA,NA,NA, -1.99787E-03, -2.75708E-03, -3.27231E-03, -3.59625E-03, -3.77203E-03, -3.83459E-03, -3.81198E-03, -3.72660E-03, -3.59614E-03, -3.43450E-03, -3.25250E-03, -3.05849E-03, -2.85885E-03, -2.65836E-03, -2.46058E-03, -2.26810E-03, -2.08272E-03, -1.90565E-03, -1.73766E-03, -1.57916E-03, -1.43028E-03, -1.29097E-03, -1.16104E-03,NA,NA,
NA,NA,NA,NA, -3.06543E-04, -2.78536E-04, -2.49183E-04, -2.18773E-04, -1.87689E-04, -1.56418E-04, -1.25570E-04, -9.58786E-05, -6.82098E-05, -4.35484E-05, -2.29733E-05, -7.60445E-06,  1.48917E-06,  3.43417E-06, -2.22839E-06, -1.52279E-05, -3.41264E-05, -5.57304E-05, -7.43280E-05, -8.07302E-05, -6.11095E-05,  4.36012E-06,  1.43037E-04,NA,NA,NA,NA,NA,NA,NA,NA,NA,NA,NA,NA,NA,NA,NA,NA,NA,NA,NA,NA,NA,NA,NA,NA,NA,NA,NA,NA,NA,NA,NA,NA,NA, -9.54604E-04, -1.79236E-03, -2.38832E-03, -2.79225E-03, -3.04518E-03, -3.18066E-03, -3.22596E-03, -3.20303E-03, -3.12949E-03, -3.01933E-03, -2.88361E-03, -2.73099E-03, -2.56823E-03, -2.40051E-03, -2.23176E-03, -2.06493E-03, -1.90220E-03, -1.74510E-03, -1.59469E-03, -1.45167E-03, -1.31641E-03, -1.18908E-03,NA,NA,NA,
NA,NA,NA,NA, -1.01404E-04, -6.47726E-05, -2.64760E-05,  1.32015E-05,  5.38820E-05,  9.50796E-05,  1.36188E-04,  1.76471E-04,  2.15059E-04,  2.50952E-04,  2.83046E-04,  3.10174E-04,  3.31188E-04,  3.45088E-04,  3.51215E-04,  3.49535E-04,  3.41035E-04,  3.28251E-04,  3.15964E-04,  3.12074E-04,  3.28660E-04,  3.83230E-04,  5.00130E-04,NA,NA,NA,NA,NA,NA,NA,NA,NA,NA,NA,NA,NA,NA,NA,NA,NA,NA,NA,NA,NA,NA,NA,NA,NA,NA,NA,NA,NA,NA,NA,NA,NA,  1.30529E-04, -7.82502E-04, -1.45778E-03, -1.94152E-03, -2.27230E-03, -2.48204E-03, -2.59696E-03, -2.63851E-03, -2.62406E-03, -2.56764E-03, -2.48049E-03, -2.37154E-03, -2.24789E-03, -2.11506E-03, -1.97739E-03, -1.83817E-03, -1.69992E-03, -1.56452E-03, -1.43331E-03, -1.30726E-03, -1.18701E-03, -1.07295E-03,NA,NA,NA,
NA,NA,NA,NA,  9.66268E-05,  1.41485E-04,  1.88333E-04,  2.36900E-04,  2.86824E-04,  3.37636E-04,  3.88750E-04,  4.39453E-04,  4.88897E-04,  5.36107E-04,  5.79999E-04,  6.19416E-04,  6.53205E-04,  6.80328E-04,  7.00040E-04,  7.12143E-04,  7.17342E-04,  7.17724E-04,  7.17384E-04,  7.23216E-04,  7.45868E-04,  8.00864E-04,  9.09868E-04,NA,NA,NA,NA,NA,NA,NA,NA,NA,NA,NA,NA,NA,NA,NA,NA,NA,NA,NA,NA,NA,NA,NA,NA,NA,NA,NA,NA,NA,NA,NA,NA,NA,  1.23860E-03,  2.54277E-04, -4.97816E-04, -1.05995E-03, -1.46794E-03, -1.75187E-03, -1.93682E-03, -2.04358E-03, -2.08922E-03, -2.08772E-03, -2.05045E-03, -1.98656E-03, -1.90345E-03, -1.80698E-03, -1.70182E-03, -1.59162E-03, -1.47922E-03, -1.36681E-03, -1.25605E-03, -1.14817E-03, -1.04404E-03, -9.44299E-04,NA,NA,NA,
NA,NA,NA,NA,  2.87267E-04,  3.39932E-04,  3.94913E-04,  4.51959E-04,  5.10733E-04,  5.70796E-04,  6.31598E-04,  6.92464E-04,  7.52597E-04,  8.11076E-04,  8.66874E-04,  9.18894E-04,  9.66039E-04,  1.00731E-03,  1.04197E-03,  1.06978E-03,  1.09130E-03,  1.10834E-03,  1.12453E-03,  1.14598E-03,  1.18219E-03,  1.24696E-03,  1.35955E-03,NA,NA,NA,NA,NA,NA,NA,NA,NA,NA,NA,NA,NA,NA,NA,NA,NA,NA,NA,NA,NA,NA,NA,NA,NA,NA,NA,NA,NA,NA,NA,NA,  3.67610E-03,  2.35441E-03,  1.30229E-03,  4.76150E-04, -1.62200E-04, -6.45748E-04, -1.00269E-03, -1.25691E-03, -1.42848E-03, -1.53413E-03, -1.58773E-03, -1.60072E-03, -1.58245E-03, -1.54056E-03, -1.48123E-03, -1.40942E-03, -1.32911E-03, -1.24346E-03, -1.15496E-03, -1.06553E-03, -9.76670E-04, -8.89508E-04, -8.04879E-04,NA,NA,NA,
NA,NA,NA,NA,  4.70280E-04,  5.30316E-04,  5.92990E-04,  6.58078E-04,  7.25275E-04,  7.94181E-04,  8.64294E-04,  9.34996E-04,  1.00556E-03,  1.07514E-03,  1.14280E-03,  1.20754E-03,  1.26837E-03,  1.32440E-03,  1.37497E-03,  1.41989E-03,  1.45971E-03,  1.49611E-03,  1.53239E-03,  1.57412E-03,  1.62983E-03,  1.71186E-03,  1.83730E-03,NA,NA,NA,NA,NA,NA,NA,NA,NA,NA,NA,NA,NA,NA,NA,NA,NA,NA,NA,NA,NA,NA,NA,NA,NA,NA,NA,NA,NA,NA,NA,NA,  4.84109E-03,  3.46531E-03,  2.34771E-03,  1.45012E-03,  7.38153E-04,  1.81469E-04, -2.46358E-04, -5.68062E-04, -8.03016E-04, -9.67596E-04, -1.07555E-03, -1.13833E-03, -1.16546E-03, -1.16477E-03, -1.14271E-03, -1.10453E-03, -1.05448E-03, -9.96026E-04, -9.31918E-04, -8.64358E-04, -7.95080E-04, -7.25442E-04, -6.56491E-04,NA,NA,NA,
NA,NA,NA,NA,  6.45480E-04,  7.12438E-04,  7.82349E-04,  8.55020E-04,  9.30184E-04,  1.00749E-03,  1.08649E-03,  1.16664E-03,  1.24729E-03,  1.32770E-03,  1.40704E-03,  1.48445E-03,  1.55909E-03,  1.63019E-03,  1.69727E-03,  1.76025E-03,  1.81975E-03,  1.87745E-03,  1.93647E-03,  2.00196E-03,  2.08171E-03,  2.18683E-03,  2.33248E-03,  2.53858E-03,NA,NA,NA,NA,NA,NA,NA,NA,NA,NA,NA,NA,NA,NA,NA,NA,NA,NA,NA,NA,NA,NA,NA,NA,NA,NA,NA,NA,NA,NA,NA,NA,  4.55950E-03,  3.37758E-03,  2.41095E-03,  1.62837E-03,  1.00168E-03,  5.05969E-04,  1.19498E-04, -1.76487E-04, -3.98023E-04, -5.58715E-04, -6.70035E-04, -7.41602E-04, -7.81433E-04, -7.96187E-04, -7.91360E-04, -7.71475E-04, -7.40230E-04, -7.00639E-04, -6.55140E-04, -6.05698E-04, -5.53881E-04, -5.00932E-04,NA,NA,NA,
NA,NA,NA,NA,NA,  8.86150E-04,  9.62830E-04,  1.04261E-03,  1.12526E-03,  1.21050E-03,  1.29792E-03,  1.38708E-03,  1.47741E-03,  1.56828E-03,  1.65901E-03,  1.74889E-03,  1.83724E-03,  1.92349E-03,  2.00735E-03,  2.08891E-03,  2.16895E-03,  2.24920E-03,  2.33274E-03,  2.42445E-03,  2.53153E-03,  2.66407E-03,  2.83564E-03,  3.06374E-03,NA,NA,NA,NA,NA,NA,NA,NA,NA,NA,NA,NA,NA,NA,NA,NA,NA,NA,NA,NA,NA,NA,NA,NA,NA,NA,NA,NA,NA,NA,NA,NA,  5.62423E-03,  4.37881E-03,  3.34585E-03,  2.49628E-03,  1.80352E-03,  1.24381E-03,  7.96182E-04,  4.42400E-04,  1.66723E-04, -4.43212E-05, -2.02191E-04, -3.16577E-04, -3.95635E-04, -4.46200E-04, -4.73973E-04, -4.83692E-04, -4.79279E-04, -4.63967E-04, -4.40410E-04, -4.10774E-04, -3.76823E-04, -3.39979E-04,NA,NA,NA,
NA,NA,NA,NA,NA,  1.05135E-03,  1.13433E-03,  1.22073E-03,  1.31038E-03,  1.40305E-03,  1.49841E-03,  1.59608E-03,  1.69563E-03,  1.79653E-03,  1.89826E-03,  2.00027E-03,  2.10206E-03,  2.20331E-03,  2.30391E-03,  2.40420E-03,  2.50514E-03,  2.60860E-03,  2.71768E-03,  2.83710E-03,  2.97366E-03,  3.13666E-03,  3.33836E-03,  3.59436E-03,  3.92376E-03,NA,NA,NA,NA,NA,NA,NA,NA,NA,NA,NA,NA,NA,NA,NA,NA,NA,NA,NA,NA,NA,NA,NA,NA,NA,NA,NA,NA,NA,NA,NA,  6.64463E-03,  5.33755E-03,  4.24202E-03,  3.33013E-03,  2.57625E-03,  1.95737E-03,  1.45310E-03,  1.04559E-03,  7.19364E-04,  4.61072E-04,  2.59296E-04,  1.04308E-04, -1.21412E-05, -9.70178E-05, -1.56183E-04, -1.94550E-04, -2.16226E-04, -2.24629E-04, -2.22598E-04, -2.12479E-04, -1.96204E-04,NA,NA,NA,NA,
NA,NA,NA,NA,NA,  1.20800E-03,  1.29679E-03,  1.38932E-03,  1.48547E-03,  1.58505E-03,  1.68783E-03,  1.79351E-03,  1.90176E-03,  2.01219E-03,  2.12443E-03,  2.23811E-03,  2.35294E-03,  2.46880E-03,  2.58585E-03,  2.70467E-03,  2.82643E-03,  2.95318E-03,  3.08811E-03,  3.23590E-03,  3.40306E-03,  3.59832E-03,  3.83300E-03,  4.12123E-03,  4.48016E-03,  4.92985E-03,NA,NA,NA,NA,NA,NA,NA,NA,NA,NA,NA,NA,NA,NA,NA,NA,NA,NA,NA,NA,NA,NA,NA,NA,NA,NA,NA,NA,NA,NA,  7.60353E-03,  6.23911E-03,  5.08668E-03,  4.11863E-03,  3.30980E-03,  2.63763E-03,  2.08213E-03,  1.62577E-03,  1.25329E-03,  9.51497E-04,  7.09040E-04,  5.16197E-04,  3.64673E-04,  2.47421E-04,  1.58467E-04,  9.27667E-05,  4.60705E-05,  1.48091E-05, -4.00690E-06, -1.28743E-05, -1.38720E-05,NA,NA,NA,NA,
NA,NA,NA,NA,NA,  1.35607E-03,  1.45019E-03,  1.54837E-03,  1.65050E-03,  1.75648E-03,  1.86614E-03,  1.97928E-03,  2.09568E-03,  2.21508E-03,  2.33727E-03,  2.46205E-03,  2.58935E-03,  2.71929E-03,  2.85224E-03,  2.98906E-03,  3.13115E-03,  3.28077E-03,  3.44125E-03,  3.61726E-03,  3.81517E-03,  4.04334E-03,  4.31242E-03,  4.63557E-03,  5.02864E-03,  5.51013E-03,NA,NA,NA,NA,NA,NA,NA,NA,NA,NA,NA,NA,NA,NA,NA,NA,NA,NA,NA,NA,NA,NA,NA,NA,NA,NA,NA,NA,NA,NA,  8.48241E-03,  7.06859E-03,  5.86742E-03,  4.85121E-03,  3.99499E-03,  3.27648E-03,  2.67604E-03,  2.17643E-03,  1.76263E-03,  1.42165E-03,  1.14224E-03,  9.14737E-04,  7.30867E-04,  5.83549E-04,  4.66750E-04,  3.75343E-04,  3.04977E-04,  2.51972E-04,  2.13222E-04,  1.86108E-04,  1.68434E-04,NA,NA,NA,NA,
NA,NA,NA,NA,NA,NA,  1.59458E-03,  1.69789E-03,  1.80550E-03,  1.91734E-03,  2.03334E-03,  2.15337E-03,  2.27732E-03,  2.40509E-03,  2.53659E-03,  2.67182E-03,  2.81090E-03,  2.95418E-03,  3.10228E-03,  3.25628E-03,  3.41785E-03,  3.58945E-03,  3.77456E-03,  3.97792E-03,  4.20583E-03,  4.46643E-03,  4.76994E-03,  5.12892E-03,  5.55844E-03,  6.07619E-03,  6.70255E-03,NA,NA,NA,NA,NA,NA,NA,NA,NA,NA,NA,NA,NA,NA,NA,NA,NA,NA,NA,NA,NA,NA,NA,NA,NA,NA,NA,NA,NA,  9.26320E-03,  7.81194E-03,  6.57295E-03,  5.51848E-03,  4.62377E-03,  3.86690E-03,  3.22859E-03,  2.69198E-03,  2.24235E-03,  1.86694E-03,  1.55471E-03,  1.29613E-03,  1.08297E-03,  9.08204E-04,  7.65787E-04,  6.50558E-04,  5.58112E-04,  4.84697E-04,  4.27125E-04,  3.82690E-04,  3.49102E-04,NA,NA,NA,NA,
NA,NA,NA,NA,NA,NA,  1.73001E-03,  1.83798E-03,  1.95054E-03,  2.06771E-03,  2.18947E-03,  2.31580E-03,  2.44670E-03,  2.58217E-03,  2.72228E-03,  2.86721E-03,  3.01727E-03,  3.17300E-03,  3.33528E-03,  3.50540E-03,  3.68526E-03,  3.87753E-03,  4.08583E-03,  4.31499E-03,  4.57131E-03,  4.86278E-03,  5.19936E-03,  5.59324E-03,  6.05904E-03,  6.61409E-03,  7.27864E-03,  8.07623E-03,NA,NA,NA,NA,NA,NA,NA,NA,NA,NA,NA,NA,NA,NA,NA,NA,NA,NA,NA,NA,NA,NA,NA,NA,NA,NA,NA,  1.16438E-02,  9.93047E-03,  8.45735E-03,  7.19388E-03,  6.11271E-03,  5.18960E-03,  4.40318E-03,  3.73473E-03,  3.16785E-03,  2.68827E-03,  2.28357E-03,  1.94297E-03,  1.65714E-03,  1.41802E-03,  1.21866E-03,  1.05307E-03,  9.16110E-04,  8.03364E-04,  7.11051E-04,  6.35937E-04,  5.75260E-04,NA,NA,NA,NA,NA,
NA,NA,NA,NA,NA,NA,  1.85658E-03,  1.96871E-03,  2.08571E-03,  2.20767E-03,  2.33463E-03,  2.46665E-03,  2.60384E-03,  2.74631E-03,  2.89429E-03,  3.04809E-03,  3.20821E-03,  3.37538E-03,  3.55068E-03,  3.73562E-03,  3.93230E-03,  4.14354E-03,  4.37313E-03,  4.62597E-03,  4.90834E-03,  5.22813E-03,  5.59512E-03,  6.02120E-03,  6.52071E-03,  7.11071E-03,  7.81140E-03,  8.64666E-03,  9.64477E-03,NA,NA,NA,NA,NA,NA,NA,NA,NA,NA,NA,NA,NA,NA,NA,NA,NA,NA,NA,NA,NA,NA,NA,NA,NA,NA,  1.21836E-02,  1.04733E-02,  8.99641E-03,  7.72350E-03,  6.62834E-03,  5.68769E-03,  4.88111E-03,  4.19063E-03,  3.60056E-03,  3.09717E-03,  2.66852E-03,  2.30419E-03,  1.99515E-03,  1.73356E-03,  1.51263E-03,  1.32647E-03,  1.17003E-03,  1.03891E-03,  9.29347E-04,  8.38101E-04,  7.62383E-04,NA,NA,NA,NA,NA,
NA,NA,NA,NA,NA,NA,NA,  2.09021E-03,  2.21115E-03,  2.33735E-03,  2.46893E-03,  2.60603E-03,  2.74883E-03,  2.89758E-03,  3.05261E-03,  3.21439E-03,  3.38356E-03,  3.56104E-03,  3.74806E-03,  3.94632E-03,  4.15808E-03,  4.38631E-03,  4.63489E-03,  4.90876E-03,  5.21417E-03,  5.55890E-03,  5.95249E-03,  6.40657E-03,  6.93509E-03,  7.55476E-03,  8.28546E-03,  9.15082E-03,  1.01790E-02,NA,NA,NA,NA,NA,NA,NA,NA,NA,NA,NA,NA,NA,NA,NA,NA,NA,NA,NA,NA,NA,NA,NA,NA,NA,NA,  1.25702E-02,  1.08865E-02,  9.42491E-03,  8.15827E-03,  7.06227E-03,  6.11526E-03,  5.29808E-03,  4.59385E-03,  3.98774E-03,  3.46678E-03,  3.01960E-03,  2.63628E-03,  2.30815E-03,  2.02767E-03,  1.78828E-03,  1.58426E-03,  1.41067E-03,  1.26320E-03,  1.13814E-03,  1.03227E-03,  9.42811E-04,NA,NA,NA,NA,NA,
NA,NA,NA,NA,NA,NA,NA,  2.20265E-03,  2.32701E-03,  2.45691E-03,  2.59252E-03,  2.73406E-03,  2.88180E-03,  3.03606E-03,  3.19730E-03,  3.36610E-03,  3.54325E-03,  3.72979E-03,  3.92712E-03,  4.13705E-03,  4.36197E-03,  4.60494E-03,  4.86990E-03,  5.16177E-03,  5.48671E-03,  5.85231E-03,  6.26784E-03,  6.74451E-03,  7.29576E-03,  7.93764E-03,  8.68926E-03,  9.57324E-03,  1.06164E-02,  1.18504E-02,NA,NA,NA,NA,NA,NA,NA,NA,NA,NA,NA,NA,NA,NA,NA,NA,NA,NA,NA,NA,NA,NA,NA,NA,  1.46722E-02,  1.28057E-02,  1.11711E-02,  9.74309E-03,  8.49798E-03,  7.41400E-03,  6.47155E-03,  5.65315E-03,  4.94327E-03,  4.32818E-03,  3.79579E-03,  3.33545E-03,  2.93783E-03,  2.59472E-03,  2.29894E-03,  2.04423E-03,  1.82509E-03,  1.63674E-03,  1.47501E-03,  1.33626E-03,  1.21733E-03,NA,NA,NA,NA,NA,NA,
NA,NA,NA,NA,NA,NA,NA,NA,  2.43347E-03,  2.56653E-03,  2.70559E-03,  2.85093E-03,  3.00289E-03,  3.16189E-03,  3.32846E-03,  3.50330E-03,  3.68729E-03,  3.88159E-03,  4.08770E-03,  4.30753E-03,  4.54355E-03,  4.79885E-03,  5.07736E-03,  5.38392E-03,  5.72454E-03,  6.10652E-03,  6.53874E-03,  7.03184E-03,  7.59852E-03,  8.25388E-03,  9.01570E-03,  9.90491E-03,  1.09459E-02,  1.21668E-02,NA,NA,NA,NA,NA,NA,NA,NA,NA,NA,NA,NA,NA,NA,NA,NA,NA,NA,NA,NA,NA,NA,NA,NA,  1.46738E-02,  1.28993E-02,  1.13333E-02,  9.95533E-03,  8.74562E-03,  7.68548E-03,  6.75777E-03,  5.94696E-03,  5.23910E-03,  4.62173E-03,  4.08380E-03,  3.61547E-03,  3.20810E-03,  2.85401E-03,  2.54646E-03,  2.27952E-03,  2.04798E-03,  1.84726E-03,  1.67335E-03,  1.52274E-03,  1.39236E-03,NA,NA,NA,NA,NA,NA,
NA,NA,NA,NA,NA,NA,NA,NA,  2.53073E-03,  2.66641E-03,  2.80834E-03,  2.95684E-03,  3.11232E-03,  3.27526E-03,  3.44627E-03,  3.62611E-03,  3.81578E-03,  4.01648E-03,  4.22980E-03,  4.45770E-03,  4.70267E-03,  4.96779E-03,  5.25691E-03,  5.57473E-03,  5.92699E-03,  6.32065E-03,  6.76404E-03,  7.26709E-03,  7.84154E-03,  8.50120E-03,  9.26215E-03,  1.01430E-02,  1.11650E-02,  1.23520E-02,  1.37298E-02,NA,NA,NA,NA,NA,NA,NA,NA,NA,NA,NA,NA,NA,NA,NA,NA,NA,NA,NA,NA,NA,NA,  1.63921E-02,  1.45310E-02,  1.28660E-02,  1.13839E-02,  1.00694E-02,  8.90685E-03,  7.88081E-03,  6.97684E-03,  6.18155E-03,  5.48270E-03,  4.86925E-03,  4.33124E-03,  3.85979E-03,  3.44697E-03,  3.08571E-03,  2.76978E-03,  2.49361E-03,  2.25232E-03,  2.04157E-03,  1.85755E-03,  1.69690E-03,NA,NA,NA,NA,NA,NA,NA,
NA,NA,NA,NA,NA,NA,NA,NA,NA,  2.75679E-03,  2.90101E-03,  3.05203E-03,  3.21032E-03,  3.37639E-03,  3.55094E-03,  3.73477E-03,  3.92891E-03,  4.13465E-03,  4.35359E-03,  4.58770E-03,  4.83945E-03,  5.11186E-03,  5.40863E-03,  5.73425E-03,  6.09413E-03,  6.49476E-03,  6.94384E-03,  7.45044E-03,  8.02516E-03,  8.68029E-03,  9.42993E-03,  1.02900E-02,  1.12784E-02,  1.24140E-02,  1.37169E-02,  1.52057E-02,NA,NA,NA,NA,NA,NA,NA,NA,NA,NA,NA,NA,NA,NA,NA,NA,NA,NA,NA,NA,  1.78542E-02,  1.59776E-02,  1.42686E-02,  1.27242E-02,  1.13367E-02,  1.00957E-02,  8.98939E-03,  8.00581E-03,  7.13314E-03,  6.36017E-03,  5.67647E-03,  5.07243E-03,  4.53930E-03,  4.06916E-03,  3.65487E-03,  3.29002E-03,  2.96887E-03,  2.68632E-03,  2.43780E-03,  2.21928E-03,  2.02715E-03,  1.85824E-03,NA,NA,NA,NA,NA,NA,NA,
NA,NA,NA,NA,NA,NA,NA,NA,NA,  2.83792E-03,  2.98385E-03,  3.13677E-03,  3.29716E-03,  3.46558E-03,  3.64276E-03,  3.82955E-03,  4.02700E-03,  4.23641E-03,  4.45939E-03,  4.69788E-03,  4.95428E-03,  5.23148E-03,  5.53301E-03,  5.86307E-03,  6.22669E-03,  6.62980E-03,  7.07938E-03,  7.58354E-03,  8.15162E-03,  8.79428E-03,  9.52349E-03,  1.03525E-02,  1.12954E-02,  1.23669E-02,  1.35812E-02,  1.49504E-02,  1.64822E-02,NA,NA,NA,NA,NA,NA,NA,NA,NA,NA,NA,NA,NA,NA,NA,NA,NA,NA,  1.89631E-02,  1.71528E-02,  1.54660E-02,  1.39122E-02,  1.24935E-02,  1.12068E-02,  1.00457E-02,  9.00229E-03,  8.06746E-03,  7.23205E-03,  6.48698E-03,  5.82357E-03,  5.23369E-03,  4.70978E-03,  4.24490E-03,  3.83273E-03,  3.46752E-03,  3.14410E-03,  2.85781E-03,  2.60445E-03,  2.38029E-03,  2.18197E-03,NA,NA,NA,NA,NA,NA,NA,NA,
NA,NA,NA,NA,NA,NA,NA,NA,NA,NA,  3.05716E-03,  3.21136E-03,  3.37316E-03,  3.54316E-03,  3.72209E-03,  3.91083E-03,  4.11043E-03,  4.32219E-03,  4.54767E-03,  4.78876E-03,  5.04775E-03,  5.32739E-03,  5.63094E-03,  5.96229E-03,  6.32602E-03,  6.72747E-03,  7.17284E-03,  7.66922E-03,  8.22465E-03,  8.84813E-03,  9.54950E-03,  1.03393E-02,  1.12285E-02,  1.22276E-02,  1.33460E-02,  1.45904E-02,  1.59628E-02,  1.74576E-02,NA,NA,NA,NA,NA,NA,NA,NA,NA,NA,NA,NA,NA,NA,NA,NA,  1.96517E-02,  1.79872E-02,  1.63920E-02,  1.48877E-02,  1.34864E-02,  1.21935E-02,  1.10097E-02,  9.93190E-03,  8.95524E-03,  8.07345E-03,  7.27964E-03,  6.56676E-03,  5.92778E-03,  5.35597E-03,  4.84494E-03,  4.38874E-03,  3.98184E-03,  3.61918E-03,  3.29615E-03,  3.00853E-03,  2.75253E-03,  2.52472E-03,  2.32200E-03,NA,NA,NA,NA,NA,NA,NA,NA,
NA,NA,NA,NA,NA,NA,NA,NA,NA,NA,NA,  3.27613E-03,  3.43868E-03,  3.60950E-03,  3.78934E-03,  3.97905E-03,  4.17970E-03,  4.39253E-03,  4.61905E-03,  4.86107E-03,  5.12072E-03,  5.40057E-03,  5.70361E-03,  6.03338E-03,  6.39396E-03,  6.79009E-03,  7.22714E-03,  7.71120E-03,  8.24902E-03,  8.84799E-03,  9.51597E-03,  1.02611E-02,  1.10913E-02,  1.20137E-02,  1.30339E-02,  1.41545E-02,  1.53735E-02,  1.66822E-02,  1.80635E-02,  1.94892E-02,NA,NA,NA,NA,NA,NA,NA,NA,NA,NA,NA,NA,  2.13260E-02,  1.98974E-02,  1.84426E-02,  1.70010E-02,  1.56028E-02,  1.42689E-02,  1.30129E-02,  1.18423E-02,  1.07601E-02,  9.76616E-03,  8.85799E-03,  8.03164E-03,  7.28230E-03,  6.60464E-03,  5.99322E-03,  5.44257E-03,  4.94743E-03,  4.50276E-03,  4.10383E-03,  3.74625E-03,  3.42595E-03,  3.13918E-03,  2.88253E-03,  2.65290E-03,NA,NA,NA,NA,NA,NA,NA,NA,NA,
NA,NA,NA,NA,NA,NA,NA,NA,NA,NA,NA,  3.33145E-03,  3.49410E-03,  3.66503E-03,  3.84496E-03,  4.03474E-03,  4.23538E-03,  4.44809E-03,  4.67429E-03,  4.91567E-03,  5.17422E-03,  5.45226E-03,  5.75253E-03,  6.07815E-03,  6.43274E-03,  6.82039E-03,  7.24570E-03,  7.71377E-03,  8.23012E-03,  8.80065E-03,  9.43144E-03,  1.01285E-02,  1.08972E-02,  1.17421E-02,  1.26658E-02,  1.36677E-02,  1.47436E-02,  1.58833E-02,  1.70696E-02,  1.82775E-02,  1.94728E-02,  2.06135E-02,NA,NA,NA,NA,NA,NA,NA,NA,  2.18646E-02,  2.08554E-02,  1.97252E-02,  1.85187E-02,  1.72760E-02,  1.60306E-02,  1.48091E-02,  1.36311E-02,  1.25104E-02,  1.14556E-02,  1.04715E-02,  9.55973E-03,  8.71986E-03,  7.94979E-03,  7.24638E-03,  6.60589E-03,  6.02418E-03,  5.49700E-03,  5.02008E-03,  4.58926E-03,  4.20056E-03,  3.85020E-03,  3.53466E-03,  3.25065E-03,  2.99513E-03,NA,NA,NA,NA,NA,NA,NA,NA,NA,NA,
NA,NA,NA,NA,NA,NA,NA,NA,NA,NA,NA,NA,  3.53986E-03,  3.71022E-03,  3.88947E-03,  4.07845E-03,  4.27811E-03,  4.48959E-03,  4.71422E-03,  4.95356E-03,  5.20941E-03,  5.48387E-03,  5.77937E-03,  6.09865E-03,  6.44485E-03,  6.82143E-03,  7.23227E-03,  7.68151E-03,  8.17359E-03,  8.71307E-03,  9.30447E-03,  9.95197E-03,  1.06591E-02,  1.14281E-02,  1.22593E-02,  1.31506E-02,  1.40960E-02,  1.50850E-02,  1.61016E-02,  1.71236E-02,  1.81229E-02,  1.90655E-02,  1.99141E-02,  2.06301E-02,  2.11776E-02,  2.15269E-02,  2.16583E-02,  2.15641E-02,  2.12495E-02,  2.07317E-02,  2.00370E-02,  1.91984E-02,  1.82513E-02,  1.72307E-02,  1.61689E-02,  1.50939E-02,  1.40285E-02,  1.29908E-02,  1.19939E-02,  1.10469E-02,  1.01555E-02,  9.32271E-03,  8.54949E-03,  7.83518E-03,  7.17805E-03,  6.57564E-03,  6.02497E-03,  5.52283E-03,  5.06585E-03,  4.65068E-03,  4.27400E-03,  3.93265E-03,  3.62359E-03,  3.34398E-03,NA,NA,NA,NA,NA,NA,NA,NA,NA,NA,NA,
NA,NA,NA,NA,NA,NA,NA,NA,NA,NA,NA,NA,NA,  3.74556E-03,  3.92344E-03,  4.11082E-03,  4.30861E-03,  4.51787E-03,  4.73980E-03,  4.97583E-03,  5.22759E-03,  5.49692E-03,  5.78596E-03,  6.09707E-03,  6.43291E-03,  6.79640E-03,  7.19068E-03,  7.61909E-03,  8.08506E-03,  8.59201E-03,  9.14314E-03,  9.74119E-03,  1.03881E-02,  1.10845E-02,  1.18294E-02,  1.26193E-02,  1.34477E-02,  1.43043E-02,  1.51746E-02,  1.60396E-02,  1.68760E-02,  1.76568E-02,  1.83528E-02,  1.89349E-02,  1.93760E-02,  1.96542E-02,  1.97549E-02,  1.96723E-02,  1.94100E-02,  1.89803E-02,  1.84029E-02,  1.77021E-02,  1.69052E-02,  1.60394E-02,  1.51307E-02,  1.42022E-02,  1.32734E-02,  1.23603E-02,  1.14752E-02,  1.06271E-02,  9.82205E-03,  9.06390E-03,  8.35456E-03,  7.69450E-03,  7.08306E-03,  6.51881E-03,  5.99977E-03,  5.52360E-03,  5.08772E-03,  4.68950E-03,  4.32624E-03,  3.99531E-03,  3.69416E-03,  3.42033E-03,NA,NA,NA,NA,NA,NA,NA,NA,NA,NA,NA,
NA,NA,NA,NA,NA,NA,NA,NA,NA,NA,NA,NA,NA,NA,  3.94744E-03,  4.13252E-03,  4.32764E-03,  4.53377E-03,  4.75203E-03,  4.98366E-03,  5.23012E-03,  5.49303E-03,  5.77420E-03,  6.07567E-03,  6.39964E-03,  6.74850E-03,  7.12476E-03,  7.53103E-03,  7.96989E-03,  8.44379E-03,  8.95485E-03,  9.50467E-03,  1.00940E-02,  1.07224E-02,  1.13878E-02,  1.20861E-02,  1.28108E-02,  1.35521E-02,  1.42973E-02,  1.50302E-02,  1.57318E-02,  1.63804E-02,  1.69535E-02,  1.74286E-02,  1.77853E-02,  1.80073E-02,  1.80836E-02,  1.80099E-02,  1.77886E-02,  1.74288E-02,  1.69451E-02,  1.63559E-02,  1.56820E-02,  1.49448E-02,  1.41651E-02,  1.33619E-02,  1.25517E-02,  1.17485E-02,  1.09634E-02,  1.02049E-02,  9.47930E-03,  8.79074E-03,  8.14180E-03,  7.53370E-03,  6.96662E-03,  6.43996E-03,  5.95252E-03,  5.50269E-03,  5.08859E-03,  4.70819E-03,  4.35936E-03,  4.03994E-03,  3.74782E-03,NA,NA,NA,NA,NA,NA,NA,NA,NA,NA,NA,NA,
NA,NA,NA,NA,NA,NA,NA,NA,NA,NA,NA,NA,NA,NA,  3.96211E-03,  4.14423E-03,  4.33598E-03,  4.53822E-03,  4.75194E-03,  4.97825E-03,  5.21842E-03,  5.47383E-03,  5.74603E-03,  6.03671E-03,  6.34768E-03,  6.68085E-03,  7.03818E-03,  7.42163E-03,  7.83307E-03,  8.27416E-03,  8.74616E-03,  9.24979E-03,  9.78493E-03,  1.03504E-02,  1.09435E-02,  1.15601E-02,  1.21935E-02,  1.28351E-02,  1.34738E-02,  1.40960E-02,  1.46861E-02,  1.52268E-02,  1.57004E-02,  1.60897E-02,  1.63793E-02,  1.65566E-02,  1.66135E-02,  1.65467E-02,  1.63579E-02,  1.60539E-02,  1.56455E-02,  1.51468E-02,  1.45738E-02,  1.39434E-02,  1.32722E-02,  1.25758E-02,  1.18681E-02,  1.11611E-02,  1.04648E-02,  9.78696E-03,  9.13371E-03,  8.50937E-03,  7.91688E-03,  7.35797E-03,  6.83342E-03,  6.34323E-03,  5.88686E-03,  5.46329E-03,  5.07123E-03,  4.70915E-03,  4.37541E-03,  4.06830E-03,NA,NA,NA,NA,NA,NA,NA,NA,NA,NA,NA,NA,NA,
NA,NA,NA,NA,NA,NA,NA,NA,NA,NA,NA,NA,NA,NA,NA,  4.14668E-03,  4.33444E-03,  4.53212E-03,  4.74059E-03,  4.96082E-03,  5.19388E-03,  5.44096E-03,  5.70335E-03,  5.98242E-03,  6.27961E-03,  6.59643E-03,  6.93437E-03,  7.29484E-03,  7.67911E-03,  8.08820E-03,  8.52273E-03,  8.98274E-03,  9.46753E-03,  9.97541E-03,  1.05035E-02,  1.10474E-02,  1.16012E-02,  1.21570E-02,  1.27053E-02,  1.32347E-02,  1.37324E-02,  1.41848E-02,  1.45778E-02,  1.48981E-02,  1.51339E-02,  1.52756E-02,  1.53171E-02,  1.52558E-02,  1.50930E-02,  1.48338E-02,  1.44863E-02,  1.40613E-02,  1.35714E-02,  1.30298E-02,  1.24499E-02,  1.18443E-02,  1.12249E-02,  1.06018E-02,  9.98380E-03,  9.37808E-03,  8.79030E-03,  8.22476E-03,  7.68456E-03,  7.17175E-03,  6.68751E-03,  6.23232E-03,  5.80610E-03,  5.40835E-03,  5.03822E-03,  4.69464E-03,  4.37638E-03,NA,NA,NA,NA,NA,NA,NA,NA,NA,NA,NA,NA,NA,NA,
NA,NA,NA,NA,NA,NA,NA,NA,NA,NA,NA,NA,NA,NA,NA,NA,  4.32385E-03,  4.51642E-03,  4.71905E-03,  4.93258E-03,  5.15791E-03,  5.39603E-03,  5.64799E-03,  5.91489E-03,  6.19786E-03,  6.49803E-03,  6.81649E-03,  7.15422E-03,  7.51199E-03,  7.89033E-03,  8.28936E-03,  8.70864E-03,  9.14709E-03,  9.60273E-03,  1.00726E-02,  1.05525E-02,  1.10369E-02,  1.15191E-02,  1.19907E-02,  1.24423E-02,  1.28636E-02,  1.32434E-02,  1.35708E-02,  1.38354E-02,  1.40279E-02,  1.41412E-02,  1.41704E-02,  1.41136E-02,  1.39718E-02,  1.37488E-02,  1.34508E-02,  1.30863E-02,  1.26650E-02,  1.21974E-02,  1.16943E-02,  1.11661E-02,  1.06225E-02,  1.00724E-02,  9.52334E-03,  8.98175E-03,  8.45287E-03,  7.94082E-03,  7.44871E-03,  6.97875E-03,  6.53240E-03,  6.11046E-03,  5.71322E-03,  5.34054E-03,  4.99197E-03,  4.66680E-03,NA,NA,NA,NA,NA,NA,NA,NA,NA,NA,NA,NA,NA,NA,NA,
NA,NA,NA,NA,NA,NA,NA,NA,NA,NA,NA,NA,NA,NA,NA,NA,NA,NA,  4.68836E-03,  4.89472E-03,  5.11186E-03,  5.34057E-03,  5.58171E-03,  5.83612E-03,  6.10467E-03,  6.38819E-03,  6.68740E-03,  7.00293E-03,  7.33519E-03,  7.68431E-03,  8.05004E-03,  8.43163E-03,  8.82774E-03,  9.23628E-03,  9.65431E-03,  1.00779E-02,  1.05022E-02,  1.09211E-02,  1.13278E-02,  1.17142E-02,  1.20719E-02,  1.23920E-02,  1.26658E-02,  1.28851E-02,  1.30427E-02,  1.31332E-02,  1.31526E-02,  1.30997E-02,  1.29750E-02,  1.27815E-02,  1.25242E-02,  1.22094E-02,  1.18450E-02,  1.14392E-02,  1.10009E-02,  1.05386E-02,  1.00603E-02,  9.57358E-03,  9.08501E-03,  8.60028E-03,  8.12417E-03,  7.66054E-03,  7.21241E-03,  6.78205E-03,  6.37105E-03,  5.98045E-03,  5.61080E-03,  5.26225E-03,  4.93465E-03,NA,NA,NA,NA,NA,NA,NA,NA,NA,NA,NA,NA,NA,NA,NA,NA,
NA,NA,NA,NA,NA,NA,NA,NA,NA,NA,NA,NA,NA,NA,NA,NA,NA,NA,NA,  4.84838E-03,  5.05701E-03,  5.27604E-03,  5.50614E-03,  5.74796E-03,  6.00212E-03,  6.26918E-03,  6.54962E-03,  6.84375E-03,  7.15170E-03,  7.47330E-03,  7.80805E-03,  8.15499E-03,  8.51266E-03,  8.87893E-03,  9.25100E-03,  9.62529E-03,  9.99741E-03,  1.03622E-02,  1.07136E-02,  1.10452E-02,  1.13500E-02,  1.16208E-02,  1.18506E-02,  1.20330E-02,  1.21624E-02,  1.22343E-02,  1.22461E-02,  1.21964E-02,  1.20858E-02,  1.19167E-02,  1.16928E-02,  1.14193E-02,  1.11023E-02,  1.07485E-02,  1.03650E-02,  9.95881E-03,  9.53672E-03,  9.10505E-03,  8.66951E-03,  8.23511E-03,  7.80615E-03,  7.38618E-03,  6.97809E-03,  6.58412E-03,  6.20592E-03,  5.84468E-03,  5.50112E-03,  5.17560E-03,NA,NA,NA,NA,NA,NA,NA,NA,NA,NA,NA,NA,NA,NA,NA,NA,NA,
NA,NA,NA,NA,NA,NA,NA,NA,NA,NA,NA,NA,NA,NA,NA,NA,NA,NA,NA,NA,  4.99457E-03,  5.20379E-03,  5.42280E-03,  5.65208E-03,  5.89205E-03,  6.14306E-03,  6.40536E-03,  6.67905E-03,  6.96401E-03,  7.25989E-03,  7.56601E-03,  7.88128E-03,  8.20417E-03,  8.53265E-03,  8.86406E-03,  9.19518E-03,  9.52212E-03,  9.84039E-03,  1.01450E-02,  1.04304E-02,  1.06910E-02,  1.09208E-02,  1.11144E-02,  1.12666E-02,  1.13730E-02,  1.14301E-02,  1.14357E-02,  1.13889E-02,  1.12901E-02,  1.11412E-02,  1.09451E-02,  1.07060E-02,  1.04287E-02,  1.01187E-02,  9.78169E-03,  9.42351E-03,  9.04982E-03,  8.66597E-03,  8.27690E-03,  7.88698E-03,  7.50005E-03,  7.11936E-03,  6.74761E-03,  6.38695E-03,  6.03905E-03,  5.70516E-03,NA,NA,NA,NA,NA,NA,NA,NA,NA,NA,NA,NA,NA,NA,NA,NA,NA,NA,NA,
NA,NA,NA,NA,NA,NA,NA,NA,NA,NA,NA,NA,NA,NA,NA,NA,NA,NA,NA,NA,NA,NA,  5.33308E-03,  5.55001E-03,  5.77613E-03,  6.01162E-03,  6.25656E-03,  6.51086E-03,  6.77425E-03,  7.04622E-03,  7.32599E-03,  7.61242E-03,  7.90399E-03,  8.19874E-03,  8.49425E-03,  8.78761E-03,  9.07540E-03,  9.35376E-03,  9.61845E-03,  9.86490E-03,  1.00884E-02,  1.02842E-02,  1.04478E-02,  1.05752E-02,  1.06627E-02,  1.07078E-02,  1.07085E-02,  1.06643E-02,  1.05755E-02,  1.04435E-02,  1.02707E-02,  1.00605E-02,  9.81664E-03,  9.54367E-03,  9.24627E-03,  8.92924E-03,  8.59733E-03,  8.25509E-03,  7.90674E-03,  7.55612E-03,  7.20663E-03,  6.86120E-03,  6.52234E-03,  6.19209E-03,  5.87207E-03,NA,NA,NA,NA,NA,NA,NA,NA,NA,NA,NA,NA,NA,NA,NA,NA,NA,NA,NA,NA,
NA,NA,NA,NA,NA,NA,NA,NA,NA,NA,NA,NA,NA,NA,NA,NA,NA,NA,NA,NA,NA,NA,NA,  5.44310E-03,  5.65582E-03,  5.87642E-03,  6.10484E-03,  6.34087E-03,  6.58412E-03,  6.83399E-03,  7.08963E-03,  7.34988E-03,  7.61329E-03,  7.87801E-03,  8.14183E-03,  8.40215E-03,  8.65600E-03,  8.90006E-03,  9.13071E-03,  9.34415E-03,  9.53649E-03,  9.70387E-03,  9.84263E-03,  9.94946E-03,  1.00216E-02,  1.00568E-02,  1.00538E-02,  1.00119E-02,  9.93155E-03,  9.81383E-03,  9.66071E-03,  9.47480E-03,  9.25931E-03,  9.01786E-03,  8.75431E-03,  8.47267E-03,  8.17692E-03,  7.87092E-03,  7.55829E-03,  7.24240E-03,  6.92623E-03,  6.61244E-03,  6.30330E-03,NA,NA,NA,NA,NA,NA,NA,NA,NA,NA,NA,NA,NA,NA,NA,NA,NA,NA,NA,NA,NA,NA,
NA,NA,NA,NA,NA,NA,NA,NA,NA,NA,NA,NA,NA,NA,NA,NA,NA,NA,NA,NA,NA,NA,NA,NA,NA,  5.73881E-03,  5.95161E-03,  6.17051E-03,  6.39504E-03,  6.62454E-03,  6.85813E-03,  7.09469E-03,  7.33282E-03,  7.57081E-03,  7.80668E-03,  8.03811E-03,  8.26250E-03,  8.47700E-03,  8.67856E-03,  8.86398E-03,  9.03004E-03,  9.17357E-03,  9.29159E-03,  9.38142E-03,  9.44083E-03,  9.46809E-03,  9.46210E-03,  9.42243E-03,  9.34934E-03,  9.24377E-03,  9.10730E-03,  8.94208E-03,  8.75073E-03,  8.53620E-03,  8.30171E-03,  8.05060E-03,  7.78622E-03,  7.51184E-03,  7.23060E-03,  6.94541E-03,  6.65891E-03,NA,NA,NA,NA,NA,NA,NA,NA,NA,NA,NA,NA,NA,NA,NA,NA,NA,NA,NA,NA,NA,NA,NA,NA,
NA,NA,NA,NA,NA,NA,NA,NA,NA,NA,NA,NA,NA,NA,NA,NA,NA,NA,NA,NA,NA,NA,NA,NA,NA,NA,NA,  6.00093E-03,  6.20812E-03,  6.41890E-03,  6.63241E-03,  6.84756E-03,  7.06302E-03,  7.27725E-03,  7.48845E-03,  7.69458E-03,  7.89337E-03,  8.08237E-03,  8.25899E-03,  8.42055E-03,  8.56437E-03,  8.68783E-03,  8.78850E-03,  8.86420E-03,  8.91312E-03,  8.93389E-03,  8.92562E-03,  8.88798E-03,  8.82119E-03,  8.72603E-03,  8.60381E-03,  8.45626E-03,  8.28556E-03,  8.09415E-03,  7.88471E-03,  7.66002E-03,  7.42293E-03,  7.17622E-03,  6.92259E-03,NA,NA,NA,NA,NA,NA,NA,NA,NA,NA,NA,NA,NA,NA,NA,NA,NA,NA,NA,NA,NA,NA,NA,NA,NA,NA,
NA,NA,NA,NA,NA,NA,NA,NA,NA,NA,NA,NA,NA,NA,NA,NA,NA,NA,NA,NA,NA,NA,NA,NA,NA,NA,NA,NA,NA,  6.21789E-03,  6.41312E-03,  6.60893E-03,  6.80410E-03,  6.99719E-03,  7.18662E-03,  7.37056E-03,  7.54707E-03,  7.71402E-03,  7.86921E-03,  8.01040E-03,  8.13532E-03,  8.24184E-03,  8.32794E-03,  8.39185E-03,  8.43210E-03,  8.44757E-03,  8.43757E-03,  8.40183E-03,  8.34055E-03,  8.25439E-03,  8.14440E-03,  8.01205E-03,  7.85912E-03,  7.68765E-03,  7.49988E-03,  7.29815E-03,  7.08487E-03,NA,NA,NA,NA,NA,NA,NA,NA,NA,NA,NA,NA,NA,NA,NA,NA,NA,NA,NA,NA,NA,NA,NA,NA,NA,NA,NA,NA,
NA,NA,NA,NA,NA,NA,NA,NA,NA,NA,NA,NA,NA,NA,NA,NA,NA,NA,NA,NA,NA,NA,NA,NA,NA,NA,NA,NA,NA,NA,NA,NA,NA,  6.73034E-03,  6.90053E-03,  7.06501E-03,  7.22208E-03,  7.36992E-03,  7.50666E-03,  7.63038E-03,  7.73922E-03,  7.83139E-03,  7.90521E-03,  7.95925E-03,  7.99230E-03,  8.00346E-03,  7.99217E-03,  7.95822E-03,  7.90180E-03,  7.82344E-03,  7.72405E-03,  7.60483E-03,  7.46727E-03,  7.31308E-03,NA,NA,NA,NA,NA,NA,NA,NA,NA,NA,NA,NA,NA,NA,NA,NA,NA,NA,NA,NA,NA,NA,NA,NA,NA,NA,NA,NA,NA,NA,NA,
NA,NA,NA,NA,NA,NA,NA,NA,NA,NA,NA,NA,NA,NA,NA,NA,NA,NA,NA,NA,NA,NA,NA,NA,NA,NA,NA,NA,NA,NA,NA,NA,NA,NA,NA,NA,NA,  7.04818E-03,  7.16897E-03,  7.27770E-03,  7.37280E-03,  7.45276E-03,  7.51621E-03,  7.56196E-03,  7.58903E-03,  7.59667E-03,  7.58445E-03,  7.55219E-03,  7.50008E-03,NA,NA,NA,NA,NA,NA,NA,NA,NA,NA,NA,NA,NA,NA,NA,NA,NA,NA,NA,NA,NA,NA,NA,NA,NA,NA,NA,NA,NA,NA,NA,NA,NA,NA,NA,NA,
