 -2.12892E-04, -2.14354E-04, -2.15117E-04, -2.15087E-04, -2.14164E-04, -2.12242E-04, -2.09209E-04, -2.04953E-04, -1.99357E-04, -1.92304E-04, -1.83679E-04, -1.73372E-04, -1.61278E-04, -1.47307E-04, -1.31378E-04, -1.13435E-04, -9.34407E-05, -7.13893E-05, -4.73071E-05, -2.12589E-05,  6.64771E-06,  3.62587E-05,  6.73704E-05,  9.97275E-05,  1.33023E-04,  1.66898E-04,  2.00948E-04,  2.34727E-04,  2.67752E-04,  2.99519E-04,  3.29511E-04,  3.57213E-04,  3.82124E-04,  4.03777E-04,  4.21753E-04,  4.35693E-04,  4.45312E-04,  4.50413E-04,  4.50889E-04,  4.46729E-04,  4.38020E-04,  4.24944E-04,  4.07767E-04,  3.86833E-04,  3.62551E-04,  3.35381E-04,  3.05815E-04,  2.74368E-04,  2.41558E-04,  2.07892E-04,  1.73859E-04,  1.39912E-04,  1.06466E-04,  7.38888E-05,  4.24983E-05,  1.25604E-05, -1.57107E-05, -4.21510E-05, -6.66437E-05, -8.91156E-05, -1.09533E-04, -1.27895E-04, -1.44233E-04, -1.58601E-04, -1.71073E-04, -1.81739E-04, -1.90701E-04, -1.98067E-04, -2.03953E-04, -2.08474E-04, -2.11749E-04, -2.13890E-04, -2.15009E-04, -2.15214E-04, -2.14605E-04, -2.13279E-04,
 -2.24668E-04, -2.26828E-04, -2.28279E-04, -2.28916E-04, -2.28627E-04, -2.27292E-04, -2.24785E-04, -2.20976E-04, -2.15728E-04, -2.08905E-04, -2.00368E-04, -1.89982E-04, -1.77619E-04, -1.63160E-04, -1.46501E-04, -1.27558E-04, -1.06271E-04, -8.26130E-05, -5.65919E-05, -2.82604E-05,  2.28016E-06,  3.48741E-05,  6.93067E-05,  1.05301E-04,  1.42519E-04,  1.80556E-04,  2.18952E-04,  2.57192E-04,  2.94715E-04,  3.30929E-04,  3.65223E-04,  3.96984E-04,  4.25612E-04,  4.50548E-04,  4.71283E-04,  4.87384E-04,  4.98505E-04,  5.04406E-04,  5.04956E-04,  5.00143E-04,  4.90073E-04,  4.74966E-04,  4.55146E-04,  4.31030E-04,  4.03112E-04,  3.71944E-04,  3.38118E-04,  3.02245E-04,  2.64940E-04,  2.26799E-04,  1.88390E-04,  1.50238E-04,  1.12816E-04,  7.65399E-05,  4.17613E-05,  8.76987E-06, -2.22073E-05, -5.10027E-05, -7.75041E-05, -1.01650E-04, -1.23422E-04, -1.42843E-04, -1.59965E-04, -1.74867E-04, -1.87652E-04, -1.98433E-04, -2.07339E-04, -2.14503E-04, -2.20063E-04, -2.24156E-04, -2.26919E-04, -2.28484E-04, -2.28978E-04, -2.28521E-04, -2.27228E-04, -2.25205E-04,
 -2.37270E-04, -2.40242E-04, -2.42501E-04, -2.43932E-04, -2.44411E-04, -2.43804E-04, -2.41968E-04, -2.38752E-04, -2.34001E-04, -2.27552E-04, -2.19241E-04, -2.08906E-04, -1.96389E-04, -1.81538E-04, -1.64219E-04, -1.44315E-04, -1.21737E-04, -9.64276E-05, -6.83721E-05, -3.76038E-05, -4.21223E-06,  3.16498E-05,  6.97597E-05,  1.09821E-04,  1.51460E-04,  1.94226E-04,  2.37594E-04,  2.80970E-04,  3.23701E-04,  3.65092E-04,  4.04416E-04,  4.40942E-04,  4.73951E-04,  5.02765E-04,  5.26769E-04,  5.45435E-04,  5.58342E-04,  5.65194E-04,  5.65833E-04,  5.60243E-04,  5.48554E-04,  5.31036E-04,  5.08083E-04,  4.80205E-04,  4.48000E-04,  4.12135E-04,  3.73323E-04,  3.32294E-04,  2.89777E-04,  2.46477E-04,  2.03055E-04,  1.60119E-04,  1.18208E-04,  7.77890E-05,  3.92510E-05,  2.90637E-06, -3.10075E-05, -6.23241E-05, -9.09412E-05, -1.16815E-04, -1.39951E-04, -1.60397E-04, -1.78239E-04, -1.93585E-04, -2.06570E-04, -2.17340E-04, -2.26053E-04, -2.32871E-04, -2.37957E-04, -2.41475E-04, -2.43582E-04, -2.44429E-04, -2.44162E-04, -2.42915E-04, -2.40815E-04, -2.37980E-04,
 -2.50724E-04, -2.54632E-04, -2.57834E-04, -2.60204E-04, -2.61605E-04, -2.61886E-04, -2.60888E-04, -2.58440E-04, -2.54360E-04, -2.48461E-04, -2.40549E-04, -2.30429E-04, -2.17907E-04, -2.02795E-04, -1.84920E-04, -1.64127E-04, -1.40286E-04, -1.13306E-04, -8.31367E-05, -4.97856E-05, -1.33223E-05,  2.61098E-05,  6.82852E-05,  1.12890E-04,  1.59516E-04,  2.07660E-04,  2.56726E-04,  3.06029E-04,  3.54809E-04,  4.02244E-04,  4.47472E-04,  4.89615E-04,  5.27808E-04,  5.61227E-04,  5.89123E-04,  6.10849E-04,  6.25889E-04,  6.33879E-04,  6.34624E-04,  6.28105E-04,  6.14483E-04,  5.94086E-04,  5.67403E-04,  5.35055E-04,  4.97772E-04,  4.56366E-04,  4.11696E-04,  3.64639E-04,  3.16064E-04,  2.66801E-04,  2.17627E-04,  1.69240E-04,  1.22257E-04,  7.71999E-05,  3.44964E-05, -5.52068E-06, -4.26082E-05, -7.66066E-05, -1.07432E-04, -1.35065E-04, -1.59544E-04, -1.80954E-04, -1.99416E-04, -2.15081E-04, -2.28119E-04, -2.38717E-04, -2.47066E-04, -2.53362E-04, -2.57800E-04, -2.60568E-04, -2.61849E-04, -2.61816E-04, -2.60633E-04, -2.58450E-04, -2.55407E-04, -2.51634E-04,
 -2.65050E-04, -2.70031E-04, -2.74326E-04, -2.77796E-04, -2.80291E-04, -2.81646E-04, -2.81681E-04, -2.80201E-04, -2.77002E-04, -2.71864E-04, -2.64560E-04, -2.54859E-04, -2.42524E-04, -2.27326E-04, -2.09043E-04, -1.87473E-04, -1.62437E-04, -1.33797E-04, -1.01461E-04, -6.53959E-05, -2.56422E-05,  1.76754E-05,  6.43358E-05,  1.14012E-04,  1.66263E-04,  2.20531E-04,  2.76140E-04,  3.32300E-04,  3.88126E-04,  4.42645E-04,  4.94831E-04,  5.43626E-04,  5.87982E-04,  6.26896E-04,  6.59449E-04,  6.84845E-04,  7.02448E-04,  7.11806E-04,  7.12679E-04,  7.05042E-04,  6.89095E-04,  6.65246E-04,  6.34096E-04,  5.96411E-04,  5.53087E-04,  5.05113E-04,  4.53533E-04,  3.99404E-04,  3.43762E-04,  2.87592E-04,  2.31800E-04,  1.77196E-04,  1.24480E-04,  7.42343E-05,  2.69235E-05, -1.71023E-05, -5.76013E-05, -9.44299E-05, -1.27532E-04, -1.56925E-04, -1.82690E-04, -2.04959E-04, -2.23901E-04, -2.39714E-04, -2.52618E-04, -2.62841E-04, -2.70617E-04, -2.76181E-04, -2.79760E-04, -2.81575E-04, -2.81834E-04, -2.80735E-04, -2.78459E-04, -2.75176E-04, -2.71038E-04, -2.66186E-04,
 -2.80256E-04, -2.86462E-04, -2.92015E-04, -2.96766E-04, -3.00551E-04, -3.03189E-04, -3.04479E-04, -3.04204E-04, -3.02130E-04, -2.98004E-04, -2.91564E-04, -2.82532E-04, -2.70629E-04, -2.55571E-04, -2.37081E-04, -2.14898E-04, -1.88785E-04, -1.58543E-04, -1.24021E-04, -8.51352E-05, -4.18821E-05,  5.64513E-06,  5.72407E-05,  1.12572E-04,  1.71170E-04,  2.32418E-04,  2.95553E-04,  3.59669E-04,  4.23729E-04,  4.86583E-04,  5.47002E-04,  6.03711E-04,  6.55433E-04,  7.00938E-04,  7.39094E-04,  7.68918E-04,  7.89617E-04,  8.00631E-04,  8.01658E-04,  7.92670E-04,  7.73913E-04,  7.45897E-04,  7.09369E-04,  6.65277E-04,  6.14728E-04,  5.58934E-04,  4.99166E-04,  4.36705E-04,  3.72793E-04,  3.08597E-04,  2.45179E-04,  1.83475E-04,  1.24276E-04,  6.82301E-05,  1.58352E-05, -3.25485E-05, -7.66905E-05, -1.16476E-04, -1.51889E-04, -1.83000E-04, -2.09946E-04, -2.32917E-04, -2.52144E-04, -2.67884E-04, -2.80412E-04, -2.90010E-04, -2.96959E-04, -3.01538E-04, -3.04012E-04, -3.04636E-04, -3.03648E-04, -3.01269E-04, -2.97703E-04, -2.93136E-04, -2.87734E-04, -2.81649E-04,
 -2.96342E-04, -3.03938E-04, -3.10930E-04, -3.17162E-04, -3.22456E-04, -3.26614E-04, -3.29414E-04, -3.30616E-04, -3.29952E-04, -3.27138E-04, -3.21866E-04, -3.13813E-04, -3.02644E-04, -2.88016E-04, -2.69586E-04, -2.47022E-04, -2.20013E-04, -1.88283E-04, -1.51607E-04, -1.09831E-04, -6.28901E-05, -1.08277E-05,  4.61807E-05,  1.07810E-04,  1.73567E-04,  2.42781E-04,  3.14594E-04,  3.87966E-04,  4.61683E-04,  5.34384E-04,  6.04592E-04,  6.70763E-04,  7.31334E-04,  7.84791E-04,  8.29731E-04,  8.64928E-04,  8.89393E-04,  9.02423E-04,  9.03638E-04,  8.93004E-04,  8.70829E-04,  8.37754E-04,  7.94711E-04,  7.42885E-04,  6.83646E-04,  6.18491E-04,  5.48978E-04,  4.76660E-04,  4.03032E-04,  3.29483E-04,  2.57256E-04,  1.87431E-04,  1.20901E-04,  5.83775E-05,  3.87874E-07, -5.27093E-05, -1.00710E-04, -1.43544E-04, -1.81257E-04, -2.13986E-04, -2.41943E-04, -2.65395E-04, -2.84647E-04, -3.00027E-04, -3.11878E-04, -3.20542E-04, -3.26358E-04, -3.29651E-04, -3.30731E-04, -3.29890E-04, -3.27396E-04, -3.23497E-04, -3.18418E-04, -3.12363E-04, -3.05512E-04, -2.98027E-04,
 -3.13294E-04, -3.22457E-04, -3.31088E-04, -3.39021E-04, -3.46066E-04, -3.52010E-04, -3.56611E-04, -3.59600E-04, -3.60680E-04, -3.59527E-04, -3.55788E-04, -3.49088E-04, -3.39029E-04, -3.25197E-04, -3.07174E-04, -2.84542E-04, -2.56897E-04, -2.23870E-04, -1.85140E-04, -1.40459E-04, -8.96752E-05, -3.27606E-05,  3.01618E-05,  9.87916E-05,  1.72626E-04,  2.50942E-04,  3.32783E-04,  4.16955E-04,  5.02043E-04,  5.86429E-04,  6.68335E-04,  7.45881E-04,  8.17146E-04,  8.80255E-04,  9.33458E-04,  9.75220E-04,  1.00429E-03,  1.01979E-03,  1.02124E-03,  1.00859E-03,  9.82228E-04,  9.42969E-04,  8.91987E-04,  8.30764E-04,  7.61014E-04,  6.84594E-04,  6.03420E-04,  5.19388E-04,  4.34302E-04,  3.49816E-04,  2.67389E-04,  1.88261E-04,  1.13439E-04,  4.36913E-05, -2.04342E-05, -7.85979E-05, -1.30643E-04, -1.76568E-04, -2.16502E-04, -2.50676E-04, -2.79396E-04, -3.03025E-04, -3.21960E-04, -3.36617E-04, -3.47416E-04, -3.54773E-04, -3.59087E-04, -3.60741E-04, -3.60091E-04, -3.57468E-04, -3.53174E-04, -3.47484E-04, -3.40645E-04, -3.32877E-04, -3.24373E-04, -3.15305E-04,
 -3.31083E-04, -3.42003E-04, -3.52487E-04, -3.62362E-04, -3.71428E-04, -3.79454E-04, -3.86181E-04, -3.91313E-04, -3.94520E-04, -3.95438E-04, -3.93665E-04, -3.88766E-04, -3.80274E-04, -3.67698E-04, -3.50525E-04, -3.28237E-04, -3.00320E-04, -2.66285E-04, -2.25689E-04, -1.78160E-04, -1.23431E-04, -6.13688E-05,  7.98533E-06,  8.43819E-05,  1.67328E-04,  2.56059E-04,  3.49515E-04,  4.46336E-04,  5.44867E-04,  6.43185E-04,  7.39144E-04,  8.30442E-04,  9.14710E-04,  9.89609E-04,  1.05295E-03,  1.10278E-03,  1.13754E-03,  1.15609E-03,  1.15782E-03,  1.14267E-03,  1.11115E-03,  1.06429E-03,  1.00356E-03,  9.30850E-04,  8.48307E-04,  7.58249E-04,  6.63048E-04,  5.65027E-04,  4.66369E-04,  3.69049E-04,  2.74778E-04,  1.84979E-04,  1.00772E-04,  2.29817E-05, -4.78464E-05, -1.11415E-04, -1.67644E-04, -2.16633E-04, -2.58624E-04, -2.93972E-04, -3.23105E-04, -3.46507E-04, -3.64687E-04, -3.78164E-04, -3.87453E-04, -3.93049E-04, -3.95427E-04, -3.95027E-04, -3.92257E-04, -3.87491E-04, -3.81066E-04, -3.73282E-04, -3.64408E-04, -3.54680E-04, -3.44304E-04, -3.33459E-04,
 -3.49658E-04, -3.62538E-04, -3.75107E-04, -3.87185E-04, -3.98564E-04, -4.09003E-04, -4.18220E-04, -4.25897E-04, -4.31670E-04, -4.35134E-04, -4.35834E-04, -4.33272E-04, -4.26903E-04, -4.16146E-04, -4.00383E-04, -3.78974E-04, -3.51272E-04, -3.16642E-04, -2.74482E-04, -2.24263E-04, -1.65560E-04, -9.80937E-05, -2.17828E-05,  6.32112E-05,  1.56435E-04,  2.57100E-04,  3.64049E-04,  4.75737E-04,  5.90234E-04,  7.05249E-04,  8.18183E-04,  9.26210E-04,  1.02639E-03,  1.11579E-03,  1.19164E-03,  1.25148E-03,  1.29329E-03,  1.31563E-03,  1.31772E-03,  1.29947E-03,  1.26154E-03,  1.20524E-03,  1.13248E-03,  1.04562E-03,  9.47410E-04,  8.40742E-04,  7.28571E-04,  6.13756E-04,  4.98948E-04,  3.86509E-04,  2.78446E-04,  1.76382E-04,  8.15537E-05, -5.17767E-06, -8.32932E-05, -1.52575E-04, -2.13060E-04, -2.64990E-04, -3.08762E-04, -3.44891E-04, -3.73963E-04, -3.96610E-04, -4.13479E-04, -4.25212E-04, -4.32431E-04, -4.35728E-04, -4.35655E-04, -4.32719E-04, -4.27383E-04, -4.20065E-04, -4.11135E-04, -4.00921E-04, -3.89712E-04, -3.77757E-04, -3.65272E-04, -3.52440E-04,
 -3.68950E-04, -3.84003E-04, -3.98901E-04, -4.13463E-04, -4.27475E-04, -4.40686E-04, -4.52799E-04, -4.63472E-04, -4.72311E-04, -4.78866E-04, -4.82631E-04, -4.83039E-04, -4.79460E-04, -4.71211E-04, -4.57554E-04, -4.37706E-04, -4.10859E-04, -3.76197E-04, -3.32923E-04, -2.80301E-04, -2.17696E-04, -1.44630E-04, -6.08424E-05,  3.36448E-05,  1.38461E-04,  2.52826E-04,  3.75496E-04,  5.04729E-04,  6.38278E-04,  7.73411E-04,  9.06973E-04,  1.03548E-03,  1.15526E-03,  1.26262E-03,  1.35404E-03,  1.42636E-03,  1.47700E-03,  1.50409E-03,  1.50662E-03,  1.48450E-03,  1.43854E-03,  1.37046E-03,  1.28270E-03,  1.17832E-03,  1.06078E-03,  9.33750E-04,  8.00923E-04,  6.65835E-04,  5.31717E-04,  4.01394E-04,  2.77215E-04,  1.61027E-04,  5.41709E-05, -4.24796E-05, -1.28475E-04, -2.03728E-04, -2.68447E-04, -3.23070E-04, -3.68205E-04, -4.04570E-04, -4.32954E-04, -4.54171E-04, -4.69033E-04, -4.78329E-04, -4.82807E-04, -4.83164E-04, -4.80039E-04, -4.74011E-04, -4.65601E-04, -4.55269E-04, -4.43420E-04, -4.30407E-04, -4.16534E-04, -4.02064E-04, -3.87217E-04, -3.72179E-04,
 -3.88860E-04, -4.06308E-04, -4.23793E-04, -4.41137E-04, -4.58126E-04, -4.74502E-04, -4.89957E-04, -5.04128E-04, -5.16595E-04, -5.26865E-04, -5.34379E-04, -5.38498E-04, -5.38502E-04, -5.33594E-04, -5.22897E-04, -5.05466E-04, -4.80297E-04, -4.46355E-04, -4.02597E-04, -3.48023E-04, -2.81724E-04, -2.02949E-04, -1.11186E-04, -6.24494E-06,  1.11650E-04,  2.41774E-04,  3.82821E-04,  5.32847E-04,  6.89245E-04,  8.48758E-04,  1.00754E-03,  1.16129E-03,  1.30539E-03,  1.43515E-03,  1.54608E-03,  1.63411E-03,  1.69589E-03,  1.72898E-03,  1.73207E-03,  1.70504E-03,  1.64897E-03,  1.56605E-03,  1.45949E-03,  1.33322E-03,  1.19166E-03,  1.03950E-03,  8.81377E-04,  7.21674E-04,  5.64344E-04,  4.12771E-04,  2.69698E-04,  1.37204E-04,  1.67216E-05, -9.09114E-05, -1.85375E-04, -2.66782E-04, -3.35586E-04, -3.92496E-04, -4.38393E-04, -4.74264E-04, -5.01147E-04, -5.20082E-04, -5.32081E-04, -5.38102E-04, -5.39036E-04, -5.35700E-04, -5.28827E-04, -5.19071E-04, -5.07012E-04, -4.93151E-04, -4.77926E-04, -4.61710E-04, -4.44822E-04, -4.27528E-04, -4.10054E-04, -3.92582E-04,
 -4.09263E-04, -4.29333E-04, -4.49673E-04, -4.70113E-04, -4.90444E-04, -5.10407E-04, -5.29689E-04, -5.47914E-04, -5.64635E-04, -5.79326E-04, -5.91372E-04, -6.00062E-04, -6.04582E-04, -6.04010E-04, -5.97313E-04, -5.83355E-04, -5.60905E-04, -5.28659E-04, -4.85270E-04, -4.29403E-04, -3.59790E-04, -2.75316E-04, -1.75119E-04, -5.86999E-05,  7.39548E-05,  2.22247E-04,  3.84855E-04,  5.59638E-04,  7.43587E-04,  9.32818E-04,  1.12264E-03,  1.30771E-03,  1.48220E-03,  1.64013E-03,  1.77572E-03,  1.88367E-03,  1.95960E-03,  2.00034E-03,  2.00415E-03,  1.97087E-03,  1.90191E-03,  1.80018E-03,  1.66984E-03,  1.51601E-03,  1.34441E-03,  1.16102E-03,  9.71700E-04,  7.81930E-04,  5.96546E-04,  4.19603E-04,  2.54292E-04,  1.02927E-04, -3.30080E-05, -1.52776E-04, -2.56274E-04, -3.43913E-04, -4.16490E-04, -4.75077E-04, -5.20917E-04, -5.55338E-04, -5.79689E-04, -5.95285E-04, -6.03374E-04, -6.05114E-04, -6.01559E-04, -5.93653E-04, -5.82232E-04, -5.68029E-04, -5.51676E-04, -5.33718E-04, -5.14618E-04, -4.94764E-04, -4.74483E-04, -4.54043E-04, -4.33663E-04, -4.13522E-04,
 -4.30000E-04, -4.52921E-04, -4.76389E-04, -5.00250E-04, -5.24306E-04, -5.48306E-04, -5.71938E-04, -5.94821E-04, -6.16491E-04, -6.36391E-04, -6.53857E-04, -6.68108E-04, -6.78231E-04, -6.83169E-04, -6.81718E-04, -6.72524E-04, -6.54086E-04, -6.24778E-04, -5.82880E-04, -5.26631E-04, -4.54302E-04, -3.64296E-04, -2.55271E-04, -1.26286E-04,  2.30349E-05,  1.92329E-04,  3.80331E-04,  5.84733E-04,  8.02086E-04,  1.02777E-03,  1.25606E-03,  1.48026E-03,  1.69302E-03,  1.88667E-03,  2.05366E-03,  2.18709E-03,  2.28120E-03,  2.33178E-03,  2.33651E-03,  2.29518E-03,  2.20969E-03,  2.08387E-03,  1.92320E-03,  1.73440E-03,  1.52491E-03,  1.30242E-03,  1.07438E-03,  8.47654E-04,  6.28170E-04,  4.20786E-04,  2.29192E-04,  5.59230E-05, -9.75521E-05, -2.30700E-04, -3.43758E-04, -4.37566E-04, -5.13397E-04, -5.72805E-04, -6.17502E-04, -6.49249E-04, -6.69780E-04, -6.80742E-04, -6.83664E-04, -6.79932E-04, -6.70781E-04, -6.57296E-04, -6.40419E-04, -6.20958E-04, -5.99600E-04, -5.76922E-04, -5.53406E-04, -5.29451E-04, -5.05380E-04, -4.81457E-04, -4.57889E-04, -4.34841E-04,
 -4.50874E-04, -4.76871E-04, -5.03743E-04, -5.31357E-04, -5.59535E-04, -5.88043E-04, -6.16582E-04, -6.44774E-04, -6.72150E-04, -6.98131E-04, -7.22014E-04, -7.42949E-04, -7.59925E-04, -7.71745E-04, -7.77017E-04, -7.74137E-04, -7.61293E-04, -7.36475E-04, -6.97505E-04, -6.42090E-04, -5.67911E-04, -4.72738E-04, -3.54582E-04, -2.11882E-04, -4.37271E-05,  1.49913E-04,  3.67952E-04,  6.07972E-04,  8.66064E-04,  1.13675E-03,  1.41302E-03,  1.68653E-03,  1.94788E-03,  2.18717E-03,  2.39454E-03,  2.56089E-03,  2.67854E-03,  2.74188E-03,  2.74781E-03,  2.69605E-03,  2.58912E-03,  2.43216E-03,  2.23246E-03,  1.99890E-03,  1.74124E-03,  1.46941E-03,  1.19297E-03,  9.20510E-04,  6.59329E-04,  4.15228E-04,  1.92433E-04, -6.34243E-06, -1.79756E-04, -3.27627E-04, -4.50708E-04, -5.50442E-04, -6.28749E-04, -6.87823E-04, -7.29976E-04, -7.57514E-04, -7.72642E-04, -7.77409E-04, -7.73670E-04, -7.63071E-04, -7.47047E-04, -7.26833E-04, -7.03478E-04, -6.77862E-04, -6.50718E-04, -6.22648E-04, -5.94142E-04, -5.65596E-04, -5.37325E-04, -5.09574E-04, -4.82533E-04, -4.56341E-04,
 -4.71649E-04, -5.00941E-04, -5.31486E-04, -5.63183E-04, -5.95886E-04, -6.29389E-04, -6.63417E-04, -6.97611E-04, -7.31508E-04, -7.64524E-04, -7.95924E-04, -8.24804E-04, -8.50054E-04, -8.70337E-04, -8.84054E-04, -8.89328E-04, -8.83984E-04, -8.65558E-04, -8.31317E-04, -7.78310E-04, -7.03470E-04, -6.03742E-04, -4.76273E-04, -3.18650E-04, -1.29183E-04,  9.27750E-05,  3.46500E-04,  6.29581E-04,  9.37662E-04,  1.26429E-03,  1.60089E-03,  1.93699E-03,  2.26059E-03,  2.55878E-03,  2.81858E-03,  3.02787E-03,  3.17634E-03,  3.25643E-03,  3.26394E-03,  3.19847E-03,  3.06346E-03,  2.86584E-03,  2.61542E-03,  2.32402E-03,  2.00455E-03,  1.66997E-03,  1.33254E-03,  1.00309E-03,  6.90603E-04,  4.01967E-04,  1.41962E-04, -8.66218E-05, -2.82739E-04, -4.46783E-04, -5.80258E-04, -6.85452E-04, -7.65149E-04, -8.22379E-04, -8.60221E-04, -8.81658E-04, -8.89472E-04, -8.86187E-04, -8.74037E-04, -8.54959E-04, -8.30608E-04, -8.02372E-04, -7.71405E-04, -7.38652E-04, -7.04879E-04, -6.70700E-04, -6.36600E-04, -6.02959E-04, -5.70068E-04, -5.38145E-04, -5.07347E-04, -4.77786E-04,
 -4.92047E-04, -5.24834E-04, -5.59309E-04, -5.95413E-04, -6.33040E-04, -6.72029E-04, -7.12145E-04, -7.53064E-04, -7.94348E-04, -8.35422E-04, -8.75541E-04, -9.13757E-04, -9.48875E-04, -9.79413E-04, -1.00356E-03, -1.01913E-03, -1.02355E-03, -1.01380E-03, -9.86504E-04, -9.37892E-04, -8.63956E-04, -7.60581E-04, -6.23774E-04, -4.49957E-04, -2.36335E-04,  1.86793E-05,  3.15008E-04,  6.50449E-04,  1.02027E-03,  1.41694E-03,  1.83002E-03,  2.24632E-03,  2.65041E-03,  3.02540E-03,  3.35403E-03,  3.61999E-03,  3.80932E-03,  3.91165E-03,  3.92125E-03,  3.83758E-03,  3.66533E-03,  3.41400E-03,  3.09690E-03,  2.72999E-03,  2.33043E-03,  1.91528E-03,  1.50037E-03,  1.09938E-03,  7.23338E-04,  3.80367E-04,  7.57594E-05, -1.87796E-04, -4.09823E-04, -5.91606E-04, -7.35729E-04, -8.45641E-04, -9.25276E-04, -9.78745E-04, -1.01010E-03, -1.02315E-03, -1.02138E-03, -1.00787E-03, -9.85284E-04, -9.55894E-04, -9.21581E-04, -8.83891E-04, -8.44073E-04, -8.03123E-04, -7.61825E-04, -7.20786E-04, -6.80469E-04, -6.41220E-04, -6.03292E-04, -5.66858E-04, -5.32036E-04, -4.98891E-04,
 -5.11740E-04, -5.48203E-04, -5.86843E-04, -6.27655E-04, -6.70593E-04, -7.15553E-04, -7.62359E-04, -8.10742E-04, -8.60311E-04, -9.10525E-04, -9.60650E-04, -1.00972E-03, -1.05645E-03, -1.09925E-03, -1.13607E-03, -1.16440E-03, -1.18120E-03, -1.18285E-03, -1.16516E-03, -1.12339E-03, -1.05236E-03, -9.46591E-04, -8.00608E-04, -6.09259E-04, -3.68196E-04, -7.44320E-05,  2.73028E-04,  6.72532E-04,  1.11916E-03,  1.60425E-03,  2.11513E-03,  2.63521E-03,  3.14456E-03,  3.62087E-03,  4.04100E-03,  4.38276E-03,  4.62697E-03,  4.75927E-03,  4.77169E-03,  4.66348E-03,  4.44118E-03,  4.11793E-03,  3.71209E-03,  3.24537E-03,  2.74089E-03,  2.22126E-03,  1.70701E-03,  1.21545E-03,  7.60092E-04,  3.50403E-04, -7.96214E-06, -3.12731E-04, -5.64410E-04, -7.65632E-04, -9.20512E-04, -1.03408E-03, -1.11178E-03, -1.15911E-03, -1.18133E-03, -1.18329E-03, -1.16928E-03, -1.14304E-03, -1.10774E-03, -1.06598E-03, -1.01990E-03, -9.71197E-04, -9.21195E-04, -8.70927E-04, -8.21169E-04, -7.72500E-04, -7.25338E-04, -6.79974E-04, -6.36603E-04, -5.95341E-04, -5.56245E-04, -5.19328E-04,
 -5.30357E-04, -5.70640E-04, -6.13648E-04, -6.59442E-04, -7.08049E-04, -7.59442E-04, -8.13525E-04, -8.70107E-04, -9.28874E-04, -9.89345E-04, -1.05083E-03, -1.11235E-03, -1.17261E-03, -1.22985E-03, -1.28184E-03, -1.32570E-03, -1.35788E-03, -1.37407E-03, -1.36913E-03, -1.33715E-03, -1.27149E-03, -1.16499E-03, -1.01022E-03, -7.99910E-04, -5.27572E-04, -1.88163E-04,  2.21030E-04,  6.99463E-04,  1.24241E-03,  1.84013E-03,  2.47737E-03,  3.13329E-03,  3.78198E-03,  4.39379E-03,  4.93731E-03,  5.38198E-03,  5.70106E-03,  5.87438E-03,  5.89067E-03,  5.74887E-03,  5.45822E-03,  5.03723E-03,  4.51151E-03,  3.91108E-03,  3.26740E-03,  2.61068E-03,  1.96771E-03,  1.36044E-03,  8.05296E-04,  3.13095E-04, -1.10461E-04, -4.64046E-04, -7.49785E-04, -9.72310E-04, -1.13789E-03, -1.25368E-03, -1.32711E-03, -1.36543E-03, -1.37540E-03, -1.36310E-03, -1.33381E-03, -1.29203E-03, -1.24145E-03, -1.18507E-03, -1.12527E-03, -1.06388E-03, -1.00230E-03, -9.41546E-04, -8.82376E-04, -8.25307E-04, -7.70684E-04, -7.18720E-04, -6.69528E-04, -6.23147E-04, -5.79562E-04, -5.38716E-04,
 -5.47476E-04, -5.91683E-04, -6.39217E-04, -6.90221E-04, -7.44810E-04, -8.03056E-04, -8.64967E-04, -9.30459E-04, -9.99322E-04, -1.07117E-03, -1.14539E-03, -1.22105E-03, -1.29682E-03, -1.37087E-03, -1.44072E-03, -1.50317E-03, -1.55409E-03, -1.58837E-03, -1.59982E-03, -1.58110E-03, -1.52381E-03, -1.41865E-03, -1.25569E-03, -1.02488E-03, -7.16738E-04, -3.23243E-04,  1.60994E-04,  7.37444E-04,  1.40225E-03,  2.14494E-03,  2.94738E-03,  3.78339E-03,  4.61919E-03,  5.41498E-03,  6.12762E-03,  6.71442E-03,  7.13748E-03,  7.36797E-03,  7.38967E-03,  7.20103E-03,  6.81537E-03,  6.25920E-03,  5.56890E-03,  4.78655E-03,  3.95550E-03,  3.11652E-03,  2.30479E-03,  1.54810E-03,  8.66232E-04,  2.71155E-04, -2.32018E-04, -6.43780E-04, -9.68834E-04, -1.21475E-03, -1.39080E-03, -1.50699E-03, -1.57330E-03, -1.59920E-03, -1.59330E-03, -1.56315E-03, -1.51519E-03, -1.45473E-03, -1.38610E-03, -1.31268E-03, -1.23709E-03, -1.16128E-03, -1.08667E-03, -1.01426E-03, -9.44741E-04, -8.78526E-04, -8.15860E-04, -7.56850E-04, -7.01503E-04, -6.49760E-04, -6.01514E-04, -5.56625E-04,
 -5.62626E-04, -6.10808E-04, -6.62969E-04, -7.19349E-04, -7.80172E-04, -8.45629E-04, -9.15856E-04, -9.90910E-04, -1.07072E-03, -1.15503E-03, -1.24335E-03, -1.33484E-03, -1.42817E-03, -1.52147E-03, -1.61206E-03, -1.69637E-03, -1.76969E-03, -1.82602E-03, -1.85794E-03, -1.85646E-03, -1.81105E-03, -1.70975E-03, -1.53945E-03, -1.28638E-03, -9.36968E-04, -4.78916E-04,  9.72926E-05,  7.96576E-04,  1.61720E-03,  2.54865E-03,  3.56988E-03,  4.64815E-03,  5.73923E-03,  6.78913E-03,  7.73784E-03,  8.52472E-03,  9.09508E-03,  9.40687E-03,  9.43626E-03,  9.18097E-03,  8.66061E-03,  7.91388E-03,  6.99341E-03,  5.95919E-03,  4.87185E-03,  3.78696E-03,  2.75096E-03,  1.79901E-03,  9.54486E-04,  2.29933E-04, -3.71285E-04, -8.52897E-04, -1.22364E-03, -1.49536E-03, -1.68150E-03, -1.79584E-03, -1.85168E-03, -1.86125E-03, -1.83539E-03, -1.78340E-03, -1.71302E-03, -1.63054E-03, -1.54090E-03, -1.44791E-03, -1.35439E-03, -1.26240E-03, -1.17334E-03, -1.08814E-03, -1.00737E-03, -9.31315E-04, -8.60086E-04, -7.93647E-04, -7.31875E-04, -6.74588E-04, -6.21567E-04, -5.72575E-04,
 -5.75293E-04, -6.27434E-04, -6.84252E-04, -7.46097E-04, -8.13321E-04, -8.86256E-04, -9.65198E-04, -1.05037E-03, -1.14189E-03, -1.23967E-03, -1.34339E-03, -1.45233E-03, -1.56526E-03, -1.68027E-03, -1.79454E-03, -1.90413E-03, -2.00372E-03, -2.08636E-03, -2.14323E-03, -2.16343E-03, -2.13389E-03, -2.03937E-03, -1.86270E-03, -1.58527E-03, -1.18787E-03, -6.52056E-04,  3.79463E-05,  8.92785E-04,  1.91495E-03,  3.09544E-03,  4.41067E-03,  5.82006E-03,  7.26545E-03,  8.67290E-03,  9.95766E-03,  1.10320E-02,  1.18155E-02,  1.22454E-02,  1.22860E-02,  1.19338E-02,  1.12184E-02,  1.01974E-02,  8.94857E-03,  7.55906E-03,  6.11493E-03,  4.69283E-03,  3.35440E-03,  2.14383E-03,  1.08805E-03,  1.98797E-04, -5.24336E-04, -1.09058E-03, -1.51490E-03, -1.81535E-03, -2.01111E-03, -2.12100E-03, -2.16255E-03, -2.15140E-03, -2.10108E-03, -2.02293E-03, -1.92618E-03, -1.81815E-03, -1.70447E-03, -1.58934E-03, -1.47579E-03, -1.36590E-03, -1.26102E-03, -1.16197E-03, -1.06915E-03, -9.82661E-04, -9.02442E-04, -8.28282E-04, -7.59898E-04, -6.96962E-04, -6.39126E-04, -5.86038E-04,
 -5.84919E-04, -6.40927E-04, -7.02345E-04, -7.69649E-04, -8.43335E-04, -9.23901E-04, -1.01183E-03, -1.10755E-03, -1.21138E-03, -1.32349E-03, -1.44376E-03, -1.57166E-03, -1.70610E-03, -1.84520E-03, -1.98603E-03, -2.12433E-03, -2.25415E-03, -2.36752E-03, -2.45409E-03, -2.50075E-03, -2.49143E-03, -2.40691E-03, -2.22489E-03, -1.92036E-03, -1.46646E-03, -8.35952E-04, -3.60138E-06,  1.05053E-03,  2.33670E-03,  3.85035E-03,  5.56671E-03,  7.43625E-03,  9.38232E-03,  1.13026E-02,  1.30755E-02,  1.45717E-02,  1.56703E-02,  1.62758E-02,  1.63330E-02,  1.58368E-02,  1.48325E-02,  1.34083E-02,  1.16815E-02,  9.78098E-03,  7.83105E-03,  5.93867E-03,  4.18599E-03,  2.62803E-03,  1.29429E-03,  1.93047E-04, -6.83367E-04, -1.35329E-03, -1.84118E-03, -2.17409E-03, -2.37910E-03, -2.48168E-03, -2.50473E-03, -2.46812E-03, -2.38856E-03, -2.27974E-03, -2.15256E-03, -2.01544E-03, -1.87472E-03, -1.73498E-03, -1.59939E-03, -1.47002E-03, -1.34811E-03, -1.23429E-03, -1.12875E-03, -1.03137E-03, -9.41863E-04, -8.59807E-04, -7.84733E-04, -7.16142E-04, -6.53539E-04, -5.96440E-04,
 -5.90909E-04, -6.50604E-04, -7.16464E-04, -7.89105E-04, -8.69184E-04, -9.57387E-04, -1.05441E-03, -1.16092E-03, -1.27750E-03, -1.40458E-03, -1.54232E-03, -1.69045E-03, -1.84807E-03, -2.01341E-03, -2.18349E-03, -2.35375E-03, -2.51766E-03, -2.66616E-03, -2.78722E-03, -2.86527E-03, -2.88072E-03, -2.80950E-03, -2.62287E-03, -2.28747E-03, -1.76599E-03, -1.01869E-03, -6.12370E-06,  1.30646E-03,  2.94298E-03,  4.90854E-03,  7.18051E-03,  9.69997E-03,  1.23660E-02,  1.50355E-02,  1.75313E-02,  1.96594E-02,  2.12338E-02,  2.21056E-02,  2.21882E-02,  2.14732E-02,  2.00322E-02,  1.80030E-02,  1.55665E-02,  1.29172E-02,  1.02375E-02,  7.67833E-03,  5.34953E-03,  3.31827E-03,  1.61398E-03,  2.36496E-04, -8.34950E-04, -1.63346E-03, -2.19793E-03, -2.56830E-03, -2.78255E-03, -2.87491E-03, -2.87510E-03, -2.80813E-03, -2.69448E-03, -2.55050E-03, -2.38891E-03, -2.21933E-03, -2.04877E-03, -1.88216E-03, -1.72276E-03, -1.57256E-03, -1.43264E-03, -1.30335E-03, -1.18463E-03, -1.07608E-03, -9.77143E-04, -8.87167E-04, -8.05457E-04, -7.31324E-04, -6.64104E-04, -6.03172E-04,
 -5.92643E-04, -6.55744E-04, -7.25773E-04, -8.03496E-04, -8.89747E-04, -9.85418E-04, -1.09144E-03, -1.20875E-03, -1.33824E-03, -1.48065E-03, -1.63647E-03, -1.80575E-03, -1.98786E-03, -2.18119E-03, -2.38280E-03, -2.58790E-03, -2.78938E-03, -2.97710E-03, -3.13724E-03, -3.25145E-03, -3.29605E-03, -3.24117E-03, -3.04998E-03, -2.67824E-03, -2.07446E-03, -1.18112E-03,  6.23353E-05,  1.71403E-03,  3.82103E-03,  6.40737E-03,  9.45930E-03,  1.29100E-02,  1.66272E-02,  2.04093E-02,  2.39944E-02,  2.70857E-02,  2.93920E-02,  3.06759E-02,  3.07977E-02,  2.97442E-02,  2.76304E-02,  2.46770E-02,  2.11683E-02,  1.74035E-02,  1.36543E-02,  1.01360E-02,  6.99494E-03,  4.31060E-03,  2.10636E-03,  3.64680E-04, -9.57877E-04, -1.91798E-03, -2.57624E-03, -2.99109E-03, -3.21542E-03, -3.29498E-03, -3.26810E-03, -3.16602E-03, -3.01363E-03, -2.83028E-03, -2.63067E-03, -2.42562E-03, -2.22282E-03, -2.02748E-03, -1.84288E-03, -1.67087E-03, -1.51226E-03, -1.36710E-03, -1.23499E-03, -1.11523E-03, -1.00695E-03, -9.09205E-04, -8.21072E-04, -7.41645E-04, -6.70079E-04, -6.05592E-04,
 -5.89481E-04, -6.55598E-04, -7.29395E-04, -8.11796E-04, -9.03821E-04, -1.00658E-03, -1.12128E-03, -1.24913E-03, -1.39137E-03, -1.54910E-03, -1.72318E-03, -1.91405E-03, -2.12141E-03, -2.34392E-03, -2.57871E-03, -2.82088E-03, -3.06275E-03, -3.29314E-03, -3.49629E-03, -3.65083E-03, -3.72837E-03, -3.69206E-03, -3.49502E-03, -3.07887E-03, -2.37294E-03, -1.29464E-03,  2.47759E-04,  2.34864E-03,  5.09341E-03,  8.54068E-03,  1.26986E-02,  1.74980E-02,  2.27679E-02,  2.82229E-02,  3.34713E-02,  3.80523E-02,  4.15013E-02,  4.34323E-02,  4.36160E-02,  4.20302E-02,  3.88645E-02,  3.44786E-02,  2.93280E-02,  2.38804E-02,  1.85455E-02,  1.36322E-02,  9.33424E-03,  5.73997E-03,  2.85483E-03,  6.28453E-04, -1.02073E-03, -2.18641E-03, -2.96152E-03, -3.43086E-03, -3.66764E-03, -3.73269E-03, -3.67515E-03, -3.53381E-03, -3.33865E-03, -3.11238E-03, -2.87179E-03, -2.62893E-03, -2.39212E-03, -2.16678E-03, -1.95614E-03, -1.76181E-03, -1.58428E-03, -1.42322E-03, -1.27787E-03, -1.14713E-03, -1.02982E-03, -9.24678E-04, -8.30516E-04, -7.46200E-04, -6.70689E-04, -6.03040E-04,
 -5.80780E-04, -6.49407E-04, -7.26432E-04, -8.12940E-04, -9.10146E-04, -1.01940E-03, -1.14215E-03, -1.27996E-03, -1.43441E-03, -1.60699E-03, -1.79901E-03, -2.01130E-03, -2.24399E-03, -2.49605E-03, -2.76482E-03, -3.04529E-03, -3.32936E-03, -3.60476E-03, -3.85377E-03, -4.05165E-03, -4.16466E-03, -4.14763E-03, -3.94120E-03, -3.46878E-03, -2.63392E-03, -1.31899E-03,  6.13200E-04,  3.31244E-03,  6.92604E-03,  1.15731E-02,  1.73073E-02,  2.40710E-02,  3.16491E-02,  3.96381E-02,  4.74480E-02,  5.43549E-02,  5.96068E-02,  6.25656E-02,  6.28479E-02,  6.04160E-02,  5.55879E-02,  4.89599E-02,  4.12731E-02,  3.32671E-02,  2.55656E-02,  1.86117E-02,  1.26575E-02,  7.78930E-03,  3.97225E-03,  1.09729E-03, -9.79585E-04, -2.40920E-03, -3.33211E-03, -3.87022E-03, -4.12428E-03, -4.17474E-03, -4.08425E-03, -3.90065E-03, -3.65982E-03, -3.38816E-03, -3.10468E-03, -2.82266E-03, -2.55097E-03, -2.29517E-03, -2.05835E-03, -1.84182E-03, -1.64567E-03, -1.46916E-03, -1.31108E-03, -1.16996E-03, -1.04421E-03, -9.32282E-04, -8.32688E-04, -7.44057E-04, -6.65148E-04, -5.94851E-04,
 -5.65908E-04, -6.36414E-04, -7.15980E-04, -8.05850E-04, -9.07432E-04, -1.02231E-03, -1.15221E-03, -1.29903E-03, -1.46470E-03, -1.65116E-03, -1.86014E-03, -2.09297E-03, -2.35020E-03, -2.63121E-03, -2.93357E-03, -3.25232E-03, -3.57894E-03, -3.90012E-03, -4.19610E-03, -4.43850E-03, -4.58746E-03, -4.58797E-03, -4.36530E-03, -3.81956E-03, -2.82009E-03, -1.20091E-03,  1.24041E-03,  4.73664E-03,  9.53258E-03,  1.58492E-02,  2.38270E-02,  3.34495E-02,  4.44601E-02,  5.62939E-02,  6.80614E-02,  7.86176E-02,  8.67316E-02,  9.13347E-02,  9.17749E-02,  8.79882E-02,  8.05159E-02,  7.03607E-02,  5.87418E-02,  4.68391E-02,  3.56032E-02,  2.56663E-02,  1.73438E-02,  1.06945E-02,  5.60357E-03,  1.86102E-03, -7.76595E-04, -2.54650E-03, -3.65816E-03, -4.28508E-03, -4.56485E-03, -4.60321E-03, -4.47959E-03, -4.25263E-03, -3.96495E-03, -3.64705E-03, -3.32024E-03, -2.99901E-03, -2.69275E-03, -2.40706E-03, -2.14482E-03, -1.90696E-03, -1.69314E-03, -1.50216E-03, -1.33234E-03, -1.18178E-03, -1.04853E-03, -9.30680E-04, -8.26469E-04, -7.34282E-04, -6.52673E-04, -5.80368E-04,
 -5.44258E-04, -6.15892E-04, -6.97161E-04, -7.89464E-04, -8.94396E-04, -1.01376E-03, -1.14958E-03, -1.30405E-03, -1.47948E-03, -1.67824E-03, -1.90252E-03, -2.15413E-03, -2.43411E-03, -2.74226E-03, -3.07646E-03, -3.43180E-03, -3.79946E-03, -4.16510E-03, -4.50683E-03, -4.79228E-03, -4.97469E-03, -4.98749E-03, -4.73721E-03, -4.09453E-03, -2.88411E-03, -8.74500E-04,  2.22833E-03,  6.77844E-03,  1.31699E-02,  2.17895E-02,  3.29331E-02,  4.66845E-02,  6.27677E-02,  8.04110E-02,  9.82820E-02,  1.14566E-01,  1.27235E-01,  1.34479E-01,  1.35173E-01,  1.29209E-01,  1.17519E-01,  1.01809E-01,  8.41029E-02,  6.62864E-02,  4.98029E-02,  3.55373E-02,  2.38571E-02,  1.47400E-02,  7.92237E-03,  3.02802E-03, -3.40572E-04, -2.54800E-03, -3.90124E-03, -4.64420E-03, -4.96295E-03, -4.99537E-03, -4.84149E-03, -4.57274E-03, -4.23947E-03, -3.87661E-03, -3.50795E-03, -3.14916E-03, -2.81008E-03, -2.49629E-03, -2.21043E-03, -1.95301E-03, -1.72321E-03, -1.51934E-03, -1.33927E-03, -1.18065E-03, -1.04115E-03, -9.18536E-04, -8.10756E-04, -7.15959E-04, -6.32506E-04, -5.58962E-04,
 -5.15272E-04, -5.87157E-04, -6.69144E-04, -7.62768E-04, -8.69798E-04, -9.92251E-04, -1.13240E-03, -1.29274E-03, -1.47597E-03, -1.68483E-03, -1.92197E-03, -2.18968E-03, -2.48947E-03, -2.82158E-03, -3.18421E-03, -3.57256E-03, -3.97748E-03, -4.38363E-03, -4.76686E-03, -5.09048E-03, -5.29993E-03, -5.31519E-03, -5.02027E-03, -4.24943E-03, -2.77016E-03, -2.64615E-04,  3.68634E-03,  9.60873E-03,  1.81178E-02,  2.98603E-02,  4.53984E-02,  6.50232E-02,  8.85070E-02,  1.14841E-01,  1.42061E-01,  1.67303E-01,  1.87215E-01,  1.98702E-01,  1.99808E-01,  1.90337E-01,  1.71922E-01,  1.47494E-01,  1.20421E-01,  9.37135E-02,  6.95345E-02,  4.90793E-02,  3.27154E-02,  2.02361E-02,  1.11171E-02,  4.71747E-03,  4.09106E-04, -2.35473E-03, -4.01514E-03, -4.90958E-03, -5.28653E-03, -5.32392E-03, -5.14669E-03, -4.84126E-03, -4.46672E-03, -4.06290E-03, -3.65618E-03, -3.26347E-03, -2.89500E-03, -2.55635E-03, -2.24984E-03, -1.97559E-03, -1.73230E-03, -1.51780E-03, -1.32949E-03, -1.16462E-03, -1.02050E-03, -8.94560E-04, -7.84492E-04, -6.88224E-04, -6.03937E-04, -5.30050E-04,
 -4.78454E-04, -5.49601E-04, -6.31177E-04, -7.24834E-04, -8.32490E-04, -9.56348E-04, -1.09891E-03, -1.26294E-03, -1.45145E-03, -1.66755E-03, -1.91432E-03, -2.19445E-03, -2.50991E-03, -2.86132E-03, -3.24719E-03, -3.66279E-03, -4.09862E-03, -4.53826E-03, -4.95516E-03, -5.30792E-03, -5.53323E-03, -5.53565E-03, -5.17269E-03, -4.23459E-03, -2.41785E-03,  7.05777E-04,  5.72039E-03,  1.33869E-02,  2.46359E-02,  4.05060E-02,  6.19939E-02,  8.97841E-02,  1.23850E-01,  1.62971E-01,  2.04332E-01,  2.43467E-01,  2.74835E-01,  2.93125E-01,  2.94893E-01,  2.79793E-01,  2.50705E-01,  2.12694E-01,  1.71376E-01,  1.31510E-01,  9.62633E-02,  6.71547E-02,  4.44160E-02,  2.74718E-02,  1.53629E-02,  7.04373E-03,  1.55409E-03, -1.90352E-03, -3.94829E-03, -5.03797E-03, -5.49894E-03, -5.55785E-03, -5.36908E-03, -5.03634E-03, -4.62856E-03, -4.19094E-03, -3.75265E-03, -3.33188E-03, -2.93934E-03, -2.58059E-03, -2.25769E-03, -1.97037E-03, -1.71691E-03, -1.49470E-03, -1.30073E-03, -1.13187E-03, -9.85085E-04, -8.57550E-04, -7.46706E-04, -6.50291E-04, -5.66329E-04, -4.93116E-04,
 -4.33394E-04, -5.02709E-04, -5.82615E-04, -6.74854E-04, -7.81461E-04, -9.04787E-04, -1.04751E-03, -1.21263E-03, -1.40341E-03, -1.62328E-03, -1.87563E-03, -2.16352E-03, -2.48927E-03, -2.85381E-03, -3.25585E-03, -3.69064E-03, -4.14825E-03, -4.61104E-03, -5.04983E-03, -5.41802E-03, -5.64269E-03, -5.61102E-03, -5.15021E-03, -3.99896E-03, -1.76884E-03,  2.10387E-03,  8.41155E-03,  1.82219E-02,  3.28948E-02,  5.40321E-02,  8.33047E-02,  1.22088E-01,  1.70852E-01,  2.28327E-01,  2.90650E-01,  3.50989E-01,  4.00268E-01,  4.29365E-01,  4.32192E-01,  4.08129E-01,  3.62289E-01,  3.03432E-01,  2.40866E-01,  1.81988E-01,  1.31264E-01,  9.04328E-02,  5.93067E-02,  3.66375E-02,  2.07776E-02,  1.00920E-02,  3.16382E-03, -1.13442E-03, -3.64821E-03, -4.98373E-03, -5.56107E-03, -5.66409E-03, -5.48105E-03, -5.13517E-03, -4.70628E-03, -4.24548E-03, -3.78498E-03, -3.34442E-03, -2.93506E-03, -2.56256E-03, -2.22880E-03, -1.93322E-03, -1.67375E-03, -1.44742E-03, -1.25089E-03, -1.08071E-03, -9.33585E-04, -8.06448E-04, -6.96553E-04, -6.01484E-04, -5.19143E-04, -4.47730E-04,
 -3.79784E-04, -4.46086E-04, -5.22951E-04, -6.12179E-04, -7.15882E-04, -8.36510E-04, -9.76870E-04, -1.14011E-03, -1.32969E-03, -1.54924E-03, -1.80239E-03, -2.09244E-03, -2.42193E-03, -2.79196E-03, -3.20128E-03, -3.64496E-03, -4.11244E-03, -4.58464E-03, -5.02944E-03, -5.39460E-03, -5.59673E-03, -5.50400E-03, -4.91007E-03, -3.49581E-03, -7.75753E-04,  3.97200E-03,  1.17892E-02,  2.41226E-02,  4.28847E-02,  7.04421E-02,  1.09449E-01,  1.62401E-01,  2.30769E-01,  3.13633E-01,  4.06040E-01,  4.97868E-01,  5.74511E-01,  6.20439E-01,  6.24927E-01,  5.86869E-01,  5.15315E-01,  4.25303E-01,  3.32017E-01,  2.46638E-01,  1.75120E-01,  1.19078E-01,  7.74030E-02,  4.77221E-02,  2.73657E-02,  1.38879E-02,  5.27868E-03, -5.25021E-07, -3.06771E-03, -4.70314E-03, -5.43444E-03, -5.60989E-03, -5.45536E-03, -5.11542E-03, -4.68177E-03, -4.21194E-03, -3.74149E-03, -3.29175E-03, -2.87474E-03, -2.49637E-03, -2.15851E-03, -1.86046E-03, -1.59991E-03, -1.37368E-03, -1.17818E-03, -1.00975E-03, -8.64887E-04, -7.40382E-04, -6.33350E-04, -5.41270E-04, -4.61963E-04, -3.93567E-04,
 -3.17439E-04, -3.79477E-04, -4.51843E-04, -5.36357E-04, -6.35156E-04, -7.50735E-04, -8.85959E-04, -1.04405E-03, -1.22856E-03, -1.44321E-03, -1.69174E-03, -1.97753E-03, -2.30318E-03, -2.66975E-03, -3.07583E-03, -3.51605E-03, -3.97894E-03, -4.44368E-03, -4.87485E-03, -5.21412E-03, -5.36696E-03, -5.18152E-03, -4.41597E-03, -2.68951E-03,  5.88082E-04,  6.31229E-03,  1.58046E-02,  3.09495E-02,  5.43225E-02,  8.92550E-02,  1.39727E-01,  2.09895E-01,  3.02954E-01,  4.19082E-01,  5.52539E-01,  6.89037E-01,  8.05807E-01,  8.76996E-01,  8.84000E-01,  8.24873E-01,  7.15393E-01,  5.80858E-01,  4.45310E-01,  3.24920E-01,  2.27006E-01,  1.52353E-01,  9.81789E-02,  6.04059E-02,  3.49627E-02,  1.83679E-02,  7.89292E-03,  1.52137E-03, -2.17210E-03, -4.15959E-03, -5.08514E-03, -5.36589E-03, -5.26749E-03, -4.95709E-03, -4.53893E-03, -4.07747E-03, -3.61200E-03, -3.16584E-03, -2.75206E-03, -2.37706E-03, -2.04294E-03, -1.74905E-03, -1.49305E-03, -1.27165E-03, -1.08118E-03, -9.17884E-04, -7.78161E-04, -6.58719E-04, -5.56617E-04, -4.69286E-04, -3.94516E-04, -3.30427E-04,
 -2.46305E-04, -3.02787E-04, -3.69141E-04, -4.47158E-04, -5.38954E-04, -6.47000E-04, -7.74142E-04, -9.23589E-04, -1.09886E-03, -1.30365E-03, -1.54164E-03, -1.81614E-03, -2.12955E-03, -2.48270E-03, -2.87371E-03, -3.29647E-03, -3.73828E-03, -4.17616E-03, -4.57103E-03, -4.85810E-03, -4.93141E-03, -4.61891E-03, -3.64329E-03, -1.56212E-03,  2.32011E-03,  9.07524E-03,  2.03139E-02,  3.83843E-02,  6.65888E-02,  1.09367E-01,  1.72314E-01,  2.61773E-01,  3.83505E-01,  5.39851E-01,  7.25126E-01,  9.20487E-01,  1.09221E+00,  1.19897E+00,  1.20956E+00,  1.12065E+00,  9.58876E-01,  7.65177E-01,  5.75803E-01,  4.12713E-01,  2.83903E-01,  1.88251E-01,  1.20403E-01,  7.39874E-02,  4.32009E-02,  2.33602E-02,  1.09425E-02,  3.42182E-03, -9.46201E-04, -3.32912E-03, -4.48818E-03, -4.90941E-03, -4.89822E-03, -4.64446E-03, -4.26519E-03, -3.83213E-03, -3.38870E-03, -2.96060E-03, -2.56228E-03, -2.20098E-03, -1.87929E-03, -1.59686E-03, -1.35153E-03, -1.14011E-03, -9.58993E-04, -8.04449E-04, -6.72912E-04, -5.61105E-04, -4.66105E-04, -3.85365E-04, -3.16699E-04, -2.58250E-04,
 -1.66476E-04, -2.16095E-04, -2.74898E-04, -3.44604E-04, -4.27247E-04, -5.25207E-04, -6.41228E-04, -7.78398E-04, -9.40093E-04, -1.12984E-03, -1.35108E-03, -1.60684E-03, -1.89914E-03, -2.22826E-03, -2.59155E-03, -2.98182E-03, -3.38472E-03, -3.77478E-03, -4.10884E-03, -4.31549E-03, -4.27754E-03, -3.80374E-03, -2.58375E-03, -1.18489E-04,  4.38397E-03,  1.21573E-02,  2.50805E-02,  4.59396E-02,  7.87434E-02,  1.29049E-01,  2.04168E-01,  3.12921E-01,  4.64262E-01,  6.63751E-01,  9.07043E-01,  1.17136E+00,  1.41031E+00,  1.56207E+00,  1.57726E+00,  1.45049E+00,  1.22424E+00,  9.60584E-01,  7.10388E-01,  5.01107E-01,  3.40158E-01,  2.23378E-01,  1.42128E-01,  8.73976E-02,  5.15202E-02,  2.85888E-02,  1.43034E-02,  5.65438E-03,  6.00634E-04, -2.20515E-03, -3.63154E-03, -4.22777E-03, -4.33616E-03, -4.16799E-03, -3.85286E-03, -3.46988E-03, -3.06691E-03, -2.67244E-03, -2.30270E-03, -1.96610E-03, -1.66606E-03, -1.40280E-03, -1.17457E-03, -9.78523E-04, -8.11252E-04, -6.69226E-04, -5.49027E-04, -4.47499E-04, -3.61827E-04, -2.89556E-04, -2.28583E-04, -1.77127E-04,
 -7.82005E-05, -1.19664E-04, -1.69393E-04, -2.28984E-04, -3.00332E-04, -3.85657E-04, -4.87511E-04, -6.08760E-04, -7.52512E-04, -9.21970E-04, -1.12018E-03, -1.34967E-03, -1.61183E-03, -1.90611E-03, -2.22880E-03, -2.57125E-03, -2.91710E-03, -3.23799E-03, -3.48649E-03, -3.58461E-03, -3.40474E-03, -2.73875E-03, -1.24845E-03,  1.61162E-03,  6.71060E-03,  1.54106E-02,  2.98025E-02,  5.30219E-02,  8.96504E-02,  1.46178E-01,  2.31405E-01,  3.56412E-01,  5.33279E-01,  7.71130E-01,  1.06800E+00,  1.39882E+00,  1.70554E+00,  1.90436E+00,  1.92444E+00,  1.75787E+00,  1.46605E+00,  1.13431E+00,  8.27468E-01,  5.76818E-01,  3.88002E-01,  2.53350E-01,  1.60948E-01,  9.93432E-02,  5.92414E-02,  3.37061E-02,  1.78037E-02,  8.13796E-03,  2.43275E-03, -8.01518E-04, -2.51912E-03, -3.32077E-03, -3.57970E-03, -3.52587E-03, -3.30035E-03, -2.98946E-03, -2.64574E-03, -2.30077E-03, -1.97295E-03, -1.67225E-03, -1.40323E-03, -1.16696E-03, -9.62371E-04, -7.87120E-04, -6.38231E-04, -5.12505E-04, -4.06802E-04, -3.18198E-04, -2.44073E-04, -1.82138E-04, -1.30435E-04, -8.73067E-05,
  1.81181E-05, -1.39453E-05, -5.31280E-05, -1.00861E-04, -1.58841E-04, -2.29057E-04, -3.13787E-04, -4.15574E-04, -5.37134E-04, -6.81205E-04, -8.50272E-04, -1.04615E-03, -1.26939E-03, -1.51836E-03, -1.78798E-03, -2.06783E-03, -2.33923E-03, -2.57066E-03, -2.71037E-03, -2.67420E-03, -2.32562E-03, -1.44322E-03,  3.31406E-04,  3.57495E-03,  9.20560E-03,  1.86631E-02,  3.41628E-02,  5.90414E-02,  9.82096E-02,  1.58700E-01,  2.50196E-01,  3.85175E-01,  5.77743E-01,  8.39530E-01,  1.17066E+00,  1.54544E+00,  1.89865E+00,  2.13078E+00,  2.15437E+00,  1.95949E+00,  1.62237E+00,  1.24529E+00,  9.01999E-01,  6.25425E-01,  4.19433E-01,  2.73823E-01,  1.74527E-01,  1.08574E-01,  6.56948E-02,  3.83524E-02,  2.12489E-02,  1.07660E-02,  4.49046E-03,  8.47127E-04, -1.17208E-03, -2.20210E-03, -2.63821E-03, -2.72486E-03, -2.61277E-03, -2.39487E-03, -2.12837E-03, -1.84820E-03, -1.57522E-03, -1.32128E-03, -1.09237E-03, -8.90707E-04, -7.16104E-04, -5.66947E-04, -4.40850E-04, -3.35101E-04, -2.46961E-04, -1.73846E-04, -1.13416E-04, -6.36245E-05, -2.27143E-05,  1.07975E-05,
  1.21921E-04,  1.00425E-04,  7.31676E-05,  3.89294E-05, -3.73719E-06, -5.65232E-05, -1.21356E-04, -2.00359E-04, -2.95749E-04, -4.09666E-04, -5.43878E-04, -6.99337E-04, -8.75530E-04, -1.06954E-03, -1.27470E-03, -1.47858E-03, -1.65995E-03, -1.78409E-03, -1.79509E-03, -1.60347E-03, -1.06589E-03,  4.76825E-05,  2.10634E-03,  5.69968E-03,  1.17609E-02,  2.17462E-02,  3.78880E-02,  6.35395E-02,  1.03626E-01,  1.65196E-01,  2.57955E-01,  3.94424E-01,  5.88804E-01,  8.52891E-01,  1.18702E+00,  1.56558E+00,  1.92290E+00,  2.15807E+00,  2.18199E+00,  1.98451E+00,  1.64336E+00,  1.26236E+00,  9.15910E-01,  6.36911E-01,  4.29023E-01,  2.81866E-01,  1.81266E-01,  1.14198E-01,  7.03684E-02,  4.22244E-02,  2.44533E-02,  1.34206E-02,  6.69594E-03,  2.68755E-03,  3.71977E-04, -8.99085E-04, -1.53206E-03, -1.78040E-03, -1.80200E-03, -1.69540E-03, -1.52214E-03, -1.32058E-03, -1.11423E-03, -9.17037E-04, -7.36663E-04, -5.76668E-04, -4.37969E-04, -3.19853E-04, -2.20677E-04, -1.38351E-04, -7.06543E-05, -1.54340E-05,  2.92825E-05,  6.52365E-05,  9.39252E-05,  1.16613E-04,
  2.32500E-04,  2.22632E-04,  2.08551E-04,  1.89290E-04,  1.63698E-04,  1.30439E-04,  8.80056E-05,  3.47752E-05, -3.08773E-05, -1.10384E-04, -2.04673E-04, -3.13696E-04, -4.35742E-04, -5.66457E-04, -6.97426E-04, -8.14109E-04, -8.92727E-04, -8.95448E-04, -7.62723E-04, -4.00970E-04,  3.37318E-04,  1.68545E-03,  4.01284E-03,  7.90262E-03,  1.42678E-02,  2.45186E-02,  4.07963E-02,  6.62848E-02,  1.05610E-01,  1.65304E-01,  2.54227E-01,  3.83573E-01,  5.65646E-01,  8.09947E-01,  1.11495E+00,  1.45562E+00,  1.77262E+00,  1.97881E+00,  1.99967E+00,  1.82683E+00,  1.52500E+00,  1.18315E+00,  8.67801E-01,  6.10389E-01,  4.16148E-01,  2.77003E-01,  1.80785E-01,  1.15911E-01,  7.30196E-02,  4.51312E-02,  2.72682E-02,  1.59870E-02,  8.96133E-03,  4.65267E-03,  2.06182E-03,  5.49077E-04, -2.91330E-04, -7.15729E-04, -8.86109E-04, -9.05160E-04, -8.38204E-04, -7.26780E-04, -5.97082E-04, -4.65249E-04, -3.40755E-04, -2.28657E-04, -1.31114E-04, -4.84521E-05,  2.01015E-05,  7.59056E-05,  1.20565E-04,  1.55716E-04,  1.82894E-04,  2.03474E-04,  2.18646E-04,  2.29413E-04,
  3.49013E-04,  3.51697E-04,  3.51882E-04,  3.48886E-04,  3.41895E-04,  3.29973E-04,  3.12090E-04,  2.87187E-04,  2.54306E-04,  2.12801E-04,  1.62671E-04,  1.05052E-04,  4.29345E-05, -1.78221E-05, -6.70339E-05, -8.80852E-05, -5.47940E-05,  7.33794E-05,  3.58825E-04,  8.97650E-04,  1.83854E-03,  3.41252E-03,  5.97926E-03,  1.00974E-02,  1.66282E-02,  2.68821E-02,  4.28182E-02,  6.73007E-02,  1.04410E-01,  1.59770E-01,  2.40775E-01,  3.56378E-01,  5.15771E-01,  7.24868E-01,  9.79616E-01,  1.25692E+00,  1.50852E+00,  1.66891E+00,  1.68499E+00,  1.55094E+00,  1.31251E+00,  1.03572E+00,  7.73697E-01,  5.54445E-01,  3.85156E-01,  2.61303E-01,  1.73984E-01,  1.14035E-01,  7.37042E-02,  4.70152E-02,  2.95978E-02,  1.83657E-02,  1.11974E-02,  6.66780E-03,  3.83717E-03,  2.09465E-03,  1.04651E-03,  4.39834E-04,  1.11930E-04, -4.22488E-05, -9.08530E-05, -7.81771E-05, -3.28872E-05,  2.67371E-05,  8.93907E-05,  1.48462E-04,  2.00468E-04,  2.43959E-04,  2.78749E-04,  3.05383E-04,  3.24776E-04,  3.37981E-04,  3.46039E-04,  3.49912E-04,  3.50439E-04,  3.48329E-04,
  4.70495E-04,  4.86496E-04,  5.01847E-04,  5.16174E-04,  5.29031E-04,  5.39917E-04,  5.48319E-04,  5.53786E-04,  5.56077E-04,  5.55380E-04,  5.52666E-04,  5.50193E-04,  5.52245E-04,  5.66160E-04,  6.03802E-04,  6.83671E-04,  8.33996E-04,  1.09739E-03,  1.53800E-03,  2.25262E-03,  3.38799E-03,  5.16758E-03,  7.93245E-03,  1.22021E-02,  1.87618E-02,  2.87838E-02,  4.39845E-02,  6.68168E-02,  1.00681E-01,  1.50109E-01,  2.20790E-01,  3.19188E-01,  4.51234E-01,  6.19436E-01,  8.18056E-01,  1.02749E+00,  1.21197E+00,  1.32695E+00,  1.33837E+00,  1.24258E+00,  1.06869E+00,  8.60977E-01,  6.58011E-01,  4.82742E-01,  3.43314E-01,  2.38455E-01,  1.62637E-01,  1.09358E-01,  7.27153E-02,  4.79362E-02,  3.14008E-02,  2.04794E-02,  1.33215E-02,  8.65763E-03,  5.63426E-03,  3.68560E-03,  2.43981E-03,  1.65321E-03,  1.16591E-03,  8.72543E-04,  7.03348E-04,  6.11979E-04,  5.67701E-04,  5.50311E-04,  5.46781E-04,  5.48978E-04,  5.52092E-04,  5.53514E-04,  5.52058E-04,  5.47408E-04,  5.39740E-04,  5.29476E-04,  5.17125E-04,  5.03195E-04,  4.88146E-04,  4.72367E-04,
  5.95878E-04,  6.25786E-04,  6.56989E-04,  6.89439E-04,  7.23079E-04,  7.57865E-04,  7.93823E-04,  8.31135E-04,  8.70297E-04,  9.12348E-04,  9.59235E-04,  1.01432E-03,  1.08312E-03,  1.17435E-03,  1.30134E-03,  1.48415E-03,  1.75252E-03,  2.15029E-03,  2.74209E-03,  3.62340E-03,  4.93597E-03,  6.89110E-03,  9.80431E-03,  1.41456E-02,  2.06096E-02,  3.02094E-02,  4.43926E-02,  6.51719E-02,  9.52474E-02,  1.38068E-01,  1.97726E-01,  2.78485E-01,  3.83625E-01,  5.13287E-01,  6.61344E-01,  8.12410E-01,  9.41653E-01,  1.02052E+00,  1.02829E+00,  9.62772E-01,  8.41578E-01,  6.92706E-01,  5.42445E-01,  4.08253E-01,  2.97950E-01,  2.12403E-01,  1.48764E-01,  1.02846E-01,  7.04660E-02,  4.80275E-02,  3.26784E-02,  2.22745E-02,  1.52633E-02,  1.05528E-02,  7.39164E-03,  5.27028E-03,  3.84626E-03,  2.89022E-03,  2.24834E-03,  1.81714E-03,  1.52663E-03,  1.32935E-03,  1.19306E-03,  1.09602E-03,  1.02370E-03,  9.66569E-04,  9.18553E-04,  8.75913E-04,  8.36463E-04,  7.99008E-04,  7.62967E-04,  7.28106E-04,  6.94378E-04,  6.61819E-04,  6.30484E-04,  6.00428E-04,
  7.24017E-04,  7.68228E-04,  8.15740E-04,  8.66839E-04,  9.21863E-04,  9.81234E-04,  1.04553E-03,  1.11555E-03,  1.19255E-03,  1.27839E-03,  1.37595E-03,  1.48964E-03,  1.62610E-03,  1.79521E-03,  2.01151E-03,  2.29615E-03,  2.67972E-03,  3.20633E-03,  3.93966E-03,  4.97189E-03,  6.43702E-03,  8.53046E-03,  1.15373E-02,  1.58724E-02,  2.21337E-02,  3.11713E-02,  4.41672E-02,  6.27152E-02,  8.88764E-02,  1.25163E-01,  1.74365E-01,  2.39089E-01,  3.20833E-01,  4.18491E-01,  5.26490E-01,  6.33393E-01,  7.22518E-01,  7.75933E-01,  7.81155E-01,  7.36894E-01,  6.53691E-01,  5.48946E-01,  4.40040E-01,  3.39632E-01,  2.54423E-01,  1.86277E-01,  1.34090E-01,  9.53890E-02,  6.73720E-02,  4.74485E-02,  3.34601E-02,  2.37203E-02,  1.69692E-02,  1.22954E-02,  9.05541E-03,  6.80170E-03,  5.22633E-03,  4.11814E-03,  3.33240E-03,  2.76960E-03,  2.36108E-03,  2.05927E-03,  1.83120E-03,  1.65403E-03,  1.51205E-03,  1.39456E-03,  1.29433E-03,  1.20658E-03,  1.12815E-03,  1.05700E-03,  9.91781E-04,  9.31618E-04,  8.75895E-04,  8.24163E-04,  7.76073E-04,  7.31330E-04,
  8.53708E-04,  9.12419E-04,  9.76457E-04,  1.04644E-03,  1.12311E-03,  1.20734E-03,  1.30023E-03,  1.40324E-03,  1.51829E-03,  1.64805E-03,  1.79628E-03,  1.96830E-03,  2.17172E-03,  2.41737E-03,  2.72061E-03,  3.10319E-03,  3.59581E-03,  4.24184E-03,  5.10259E-03,  6.26509E-03,  7.85324E-03,  1.00438E-02,  1.30888E-02,  1.73458E-02,  2.33177E-02,  3.17000E-02,  4.34321E-02,  5.97407E-02,  8.21528E-02,  1.12440E-01,  1.52432E-01,  2.03624E-01,  2.66483E-01,  3.39468E-01,  4.17961E-01,  4.93695E-01,  5.55516E-01,  5.92040E-01,  5.95591E-01,  5.65386E-01,  5.07879E-01,  4.34026E-01,  3.55307E-01,  2.80702E-01,  2.15558E-01,  1.61966E-01,  1.19780E-01,  8.76506E-02,  6.37756E-02,  4.63505E-02,  3.37906E-02,  2.48073E-02,  1.84053E-02,  1.38434E-02,  1.05832E-02,  8.24106E-03,  6.54600E-03,  5.30792E-03,  4.39357E-03,  3.70943E-03,  3.18960E-03,  2.78754E-03,  2.47030E-03,  2.21451E-03,  2.00368E-03,  1.82616E-03,  1.67377E-03,  1.54079E-03,  1.42317E-03,  1.31806E-03,  1.22340E-03,  1.13766E-03,  1.05968E-03,  9.88535E-04,  9.23465E-04,  8.63833E-04,
  9.83716E-04,  1.05692E-03,  1.13746E-03,  1.22629E-03,  1.32450E-03,  1.43344E-03,  1.55472E-03,  1.69037E-03,  1.84298E-03,  2.01594E-03,  2.21379E-03,  2.44265E-03,  2.71089E-03,  3.03002E-03,  3.41586E-03,  3.89021E-03,  4.48318E-03,  5.23639E-03,  6.20751E-03,  7.47683E-03,  9.15631E-03,  1.14023E-02,  1.44326E-02,  1.85492E-02,  2.41656E-02,  3.18384E-02,  4.22980E-02,  5.64672E-02,  7.54519E-02,  1.00472E-01,  1.32696E-01,  1.72928E-01,  2.21115E-01,  2.75718E-01,  3.33106E-01,  3.87358E-01,  4.30924E-01,  4.56385E-01,  4.58851E-01,  4.37826E-01,  3.97411E-01,  3.44704E-01,  2.87406E-01,  2.31861E-01,  1.82173E-01,  1.40269E-01,  1.06451E-01,  8.00436E-02,  5.99232E-02,  4.48625E-02,  3.37241E-02,  2.55456E-02,  1.95582E-02,  1.51719E-02,  1.19465E-02,  9.55978E-03,  7.77861E-03,  6.43560E-03,  5.41085E-03,  4.61844E-03,  3.99664E-03,  3.50094E-03,  3.09918E-03,  2.76805E-03,  2.49066E-03,  2.25472E-03,  2.05130E-03,  1.87385E-03,  1.71758E-03,  1.57888E-03,  1.45501E-03,  1.34385E-03,  1.24371E-03,  1.15320E-03,  1.07118E-03,  9.96664E-04,
  1.11280E-03,  1.20029E-03,  1.29708E-03,  1.40441E-03,  1.52375E-03,  1.65686E-03,  1.80582E-03,  1.97321E-03,  2.16221E-03,  2.37686E-03,  2.62235E-03,  2.90546E-03,  3.23513E-03,  3.62327E-03,  4.08578E-03,  4.64406E-03,  5.32692E-03,  6.17339E-03,  7.23648E-03,  8.58846E-03,  1.03281E-02,  1.25906E-02,  1.55599E-02,  1.94854E-02,  2.47001E-02,  3.16406E-02,  4.08634E-02,  5.30498E-02,  6.89858E-02,  8.94962E-02,  1.15308E-01,  1.46815E-01,  1.83739E-01,  2.24721E-01,  2.66984E-01,  3.06286E-01,  3.37443E-01,  3.55500E-01,  3.57243E-01,  3.42350E-01,  3.13508E-01,  2.75439E-01,  2.33394E-01,  1.91873E-01,  1.53965E-01,  1.21297E-01,  9.43339E-02,  7.27896E-02,  5.59825E-02,  4.30940E-02,  3.33228E-02,  2.59635E-02,  2.04338E-02,  1.62739E-02,  1.31309E-02,  1.07401E-02,  8.90551E-03,  7.48304E-03,  6.36736E-03,  5.48140E-03,  4.76868E-03,  4.18766E-03,  3.70764E-03,  3.30591E-03,  2.96553E-03,  2.67390E-03,  2.42152E-03,  2.20121E-03,  2.00751E-03,  1.83616E-03,  1.68382E-03,  1.54781E-03,  1.42595E-03,  1.31643E-03,  1.21772E-03,  1.12854E-03,
  1.23974E-03,  1.34112E-03,  1.45366E-03,  1.57889E-03,  1.71862E-03,  1.87498E-03,  2.05049E-03,  2.24819E-03,  2.47181E-03,  2.72592E-03,  3.01626E-03,  3.35011E-03,  3.73679E-03,  4.18834E-03,  4.72045E-03,  5.35365E-03,  6.11496E-03,  7.04017E-03,  8.17682E-03,  9.58842E-03,  1.13600E-02,  1.36053E-02,  1.64762E-02,  2.01737E-02,  2.49600E-02,  3.11704E-02,  3.92207E-02,  4.96046E-02,  6.28708E-02,  7.95662E-02,  1.00129E-01,  1.24716E-01,  1.52973E-01,  1.83769E-01,  2.15010E-01,  2.43657E-01,  2.66119E-01,  2.79045E-01,  2.80290E-01,  2.69640E-01,  2.48884E-01,  2.21207E-01,  1.90224E-01,  1.59133E-01,  1.30235E-01,  1.04845E-01,  8.34577E-02,  6.59991E-02,  5.20726E-02,  4.11431E-02,  3.26562E-02,  2.61044E-02,  2.10552E-02,  1.71574E-02,  1.41345E-02,  1.17743E-02,  9.91559E-03,  8.43771E-03,  7.25035E-03,  6.28609E-03,  5.49446E-03,  4.83754E-03,  4.28670E-03,  3.82020E-03,  3.42148E-03,  3.07782E-03,  2.77940E-03,  2.51856E-03,  2.28928E-03,  2.08677E-03,  1.90714E-03,  1.74724E-03,  1.60443E-03,  1.47652E-03,  1.36165E-03,  1.25821E-03,
  1.36334E-03,  1.47803E-03,  1.60562E-03,  1.74791E-03,  1.90699E-03,  2.08534E-03,  2.28586E-03,  2.51200E-03,  2.76792E-03,  3.05865E-03,  3.39037E-03,  3.77069E-03,  4.20914E-03,  4.71768E-03,  5.31151E-03,  6.00998E-03,  6.83796E-03,  7.82756E-03,  9.02045E-03,  1.04710E-02,  1.22505E-02,  1.44522E-02,  1.71979E-02,  2.06451E-02,  2.49949E-02,  3.04985E-02,  3.74595E-02,  4.62279E-02,  5.71792E-02,  7.06676E-02,  8.69447E-02,  1.06037E-01,  1.27586E-01,  1.50684E-01,  1.73766E-01,  1.94663E-01,  2.10885E-01,  2.20160E-01,  2.21051E-01,  2.13416E-01,  1.98452E-01,  1.78309E-01,  1.55483E-01,  1.32240E-01,  1.10280E-01,  9.06400E-02,  7.37783E-02,  5.97334E-02,  4.82884E-02,  3.91023E-02,  3.17995E-02,  2.60223E-02,  2.14569E-02,  1.78414E-02,  1.49652E-02,  1.26622E-02,  1.08039E-02,  9.29191E-03,  8.05082E-03,  7.02315E-03,  6.16486E-03,  5.44208E-03,  4.82861E-03,  4.30405E-03,  3.85243E-03,  3.46120E-03,  3.12035E-03,  2.82192E-03,  2.55947E-03,  2.32775E-03,  2.12244E-03,  1.93995E-03,  1.77727E-03,  1.63186E-03,  1.50153E-03,  1.38445E-03,
  1.48249E-03,  1.60974E-03,  1.75149E-03,  1.90975E-03,  2.08690E-03,  2.28568E-03,  2.50931E-03,  2.76160E-03,  3.04707E-03,  3.37109E-03,  3.74014E-03,  4.16206E-03,  4.64642E-03,  5.20493E-03,  5.85210E-03,  6.60592E-03,  7.48887E-03,  8.52921E-03,  9.76269E-03,  1.12347E-02,  1.30033E-02,  1.51425E-02,  1.77468E-02,  2.09356E-02,  2.48579E-02,  2.96957E-02,  3.56638E-02,  4.30036E-02,  5.19648E-02,  6.27702E-02,  7.55550E-02,  9.02794E-02,  1.06620E-01,  1.23867E-01,  1.40864E-01,  1.56072E-01,  1.67769E-01,  1.74417E-01,  1.75054E-01,  1.69587E-01,  1.58814E-01,  1.44187E-01,  1.27422E-01,  1.10121E-01,  9.35237E-02,  7.84317E-02,  6.52391E-02,  5.40345E-02,  4.47107E-02,  3.70574E-02,  3.08268E-02,  2.57740E-02,  2.16782E-02,  1.83506E-02,  1.56358E-02,  1.34086E-02,  1.15698E-02,  1.00415E-02,  8.76268E-03,  7.68562E-03,  6.77274E-03,  5.99437E-03,  5.32692E-03,  4.75156E-03,  4.25312E-03,  3.81935E-03,  3.44028E-03,  3.10773E-03,  2.81498E-03,  2.55642E-03,  2.32738E-03,  2.12393E-03,  1.94271E-03,  1.78091E-03,  1.63607E-03,  1.50610E-03,
  1.59615E-03,  1.73506E-03,  1.88989E-03,  2.06287E-03,  2.25655E-03,  2.47394E-03,  2.71851E-03,  2.99435E-03,  3.30622E-03,  3.65978E-03,  4.06168E-03,  4.51988E-03,  5.04383E-03,  5.64490E-03,  6.33676E-03,  7.13593E-03,  8.06246E-03,  9.14083E-03,  1.04010E-02,  1.18800E-02,  1.36236E-02,  1.56885E-02,  1.81450E-02,  2.10796E-02,  2.45976E-02,  2.88245E-02,  3.39053E-02,  3.99990E-02,  4.72657E-02,  5.58396E-02,  6.57867E-02,  7.70422E-02,  8.93372E-02,  1.02131E-01,  1.14586E-01,  1.25611E-01,  1.34024E-01,  1.38779E-01,  1.39234E-01,  1.35327E-01,  1.27591E-01,  1.17007E-01,  1.04754E-01,  9.19542E-02,  7.95056E-02,  6.80089E-02,  5.77837E-02,  4.89302E-02,  4.14039E-02,  3.50805E-02,  2.98031E-02,  2.54112E-02,  2.17564E-02,  1.87093E-02,  1.61606E-02,  1.40201E-02,  1.22145E-02,  1.06844E-02,  9.38192E-03,  8.26843E-03,  7.31259E-03,  6.48887E-03,  5.77637E-03,  5.15785E-03,  4.61911E-03,  4.14832E-03,  3.73565E-03,  3.37287E-03,  3.05305E-03,  2.77037E-03,  2.51986E-03,  2.29732E-03,  2.09915E-03,  1.92227E-03,  1.76401E-03,  1.62211E-03,
  1.70337E-03,  1.85291E-03,  2.01962E-03,  2.20586E-03,  2.41438E-03,  2.64835E-03,  2.91144E-03,  3.20793E-03,  3.54279E-03,  3.92182E-03,  4.35178E-03,  4.84059E-03,  5.39753E-03,  6.03348E-03,  6.76123E-03,  7.59580E-03,  8.55491E-03,  9.65942E-03,  1.09340E-02,  1.24081E-02,  1.41164E-02,  1.61006E-02,  1.84101E-02,  2.11038E-02,  2.42505E-02,  2.79304E-02,  3.22337E-02,  3.72573E-02,  4.30967E-02,  4.98283E-02,  5.74796E-02,  6.59862E-02,  7.51405E-02,  8.45468E-02,  9.36065E-02,  1.01558E-01,  1.07585E-01,  1.10978E-01,  1.11302E-01,  1.08517E-01,  1.02982E-01,  9.53628E-02,  8.64683E-02,  7.70818E-02,  6.78404E-02,  5.91809E-02,  5.13463E-02,  4.44259E-02,  3.84072E-02,  3.32214E-02,  2.87755E-02,  2.49724E-02,  2.17202E-02,  1.89369E-02,  1.65513E-02,  1.45028E-02,  1.27399E-02,  1.12197E-02,  9.90578E-03,  8.76784E-03,  7.78025E-03,  6.92135E-03,  6.17279E-03,  5.51901E-03,  4.94677E-03,  4.44480E-03,  4.00350E-03,  3.61468E-03,  3.27135E-03,  2.96752E-03,  2.69804E-03,  2.45853E-03,  2.24517E-03,  2.05469E-03,  1.88428E-03,  1.73149E-03,
  1.80332E-03,  1.96236E-03,  2.13961E-03,  2.33755E-03,  2.55904E-03,  2.80739E-03,  3.08640E-03,  3.40047E-03,  3.75468E-03,  4.15490E-03,  4.60788E-03,  5.12143E-03,  5.70455E-03,  6.36757E-03,  7.12236E-03,  7.98249E-03,  8.96345E-03,  1.00829E-02,  1.13607E-02,  1.28195E-02,  1.44847E-02,  1.63852E-02,  1.85529E-02,  2.10237E-02,  2.38373E-02,  2.70372E-02,  3.06712E-02,  3.47895E-02,  3.94414E-02,  4.46652E-02,  5.04698E-02,  5.68042E-02,  6.35215E-02,  7.03461E-02,  7.68629E-02,  8.25456E-02,  8.68330E-02,  8.92398E-02,  8.94708E-02,  8.74972E-02,  8.35643E-02,  7.81272E-02,  7.17411E-02,  6.49465E-02,  5.81845E-02,  5.17589E-02,  4.58404E-02,  4.04963E-02,  3.57276E-02,  3.15006E-02,  2.77678E-02,  2.44789E-02,  2.15860E-02,  1.90449E-02,  1.68151E-02,  1.48601E-02,  1.31470E-02,  1.16465E-02,  1.03323E-02,  9.18120E-03,  8.17269E-03,  7.28863E-03,  6.51308E-03,  5.83204E-03,  5.23331E-03,  4.70620E-03,  4.24146E-03,  3.83103E-03,  3.46794E-03,  3.14613E-03,  2.86038E-03,  2.60616E-03,  2.37953E-03,  2.17709E-03,  1.99590E-03,  1.83339E-03,
  1.89529E-03,  2.06261E-03,  2.24898E-03,  2.45693E-03,  2.68943E-03,  2.94984E-03,  3.24205E-03,  3.57050E-03,  3.94030E-03,  4.35729E-03,  4.82814E-03,  5.36045E-03,  5.96285E-03,  6.64509E-03,  7.41808E-03,  8.29400E-03,  9.28631E-03,  1.04097E-02,  1.16799E-02,  1.31140E-02,  1.47294E-02,  1.65442E-02,  1.85763E-02,  2.08433E-02,  2.33613E-02,  2.61457E-02,  2.92115E-02,  3.25741E-02,  3.62498E-02,  4.02523E-02,  4.45823E-02,  4.92077E-02,  5.40364E-02,  5.88898E-02,  6.34923E-02,  6.74885E-02,  7.04959E-02,  7.21821E-02,  7.23448E-02,  7.09644E-02,  6.82091E-02,  6.43908E-02,  5.98883E-02,  5.50670E-02,  5.02209E-02,  4.55475E-02,  4.11542E-02,  3.70832E-02,  3.33388E-02,  2.99094E-02,  2.67794E-02,  2.39337E-02,  2.13576E-02,  1.90364E-02,  1.69539E-02,  1.50930E-02,  1.34357E-02,  1.19640E-02,  1.06601E-02,  9.50674E-03,  8.48793E-03,  7.58864E-03,  6.79512E-03,  6.09489E-03,  5.47673E-03,  4.93065E-03,  4.44778E-03,  4.02029E-03,  3.64132E-03,  3.30486E-03,  3.00564E-03,  2.73910E-03,  2.50123E-03,  2.28856E-03,  2.09806E-03,  1.92709E-03,
  1.97869E-03,  2.15303E-03,  2.34701E-03,  2.56325E-03,  2.80472E-03,  3.07481E-03,  3.37742E-03,  3.71698E-03,  4.09855E-03,  4.52785E-03,  5.01139E-03,  5.55648E-03,  6.17129E-03,  6.86493E-03,  7.64737E-03,  8.52945E-03,  9.52274E-03,  1.06393E-02,  1.18914E-02,  1.32912E-02,  1.48497E-02,  1.65763E-02,  1.84778E-02,  2.05573E-02,  2.28130E-02,  2.52391E-02,  2.78260E-02,  3.05639E-02,  3.34461E-02,  3.64701E-02,  3.96346E-02,  4.29258E-02,  4.62973E-02,  4.96470E-02,  5.28042E-02,  5.55388E-02,  5.75956E-02,  5.87494E-02,  5.88620E-02,  5.79200E-02,  5.60387E-02,  5.34297E-02,  5.03466E-02,  4.70276E-02,  4.36562E-02,  4.03473E-02,  3.71565E-02,  3.41024E-02,  3.11880E-02,  2.84154E-02,  2.57912E-02,  2.33257E-02,  2.10290E-02,  1.89083E-02,  1.69661E-02,  1.52006E-02,  1.36054E-02,  1.21717E-02,  1.08885E-02,  9.74373E-03,  8.72510E-03,  7.82037E-03,  7.01782E-03,  6.30638E-03,  5.67587E-03,  5.11697E-03,  4.62130E-03,  4.18134E-03,  3.79044E-03,  3.44269E-03,  3.13289E-03,  2.85649E-03,  2.60949E-03,  2.38838E-03,  2.19011E-03,  2.01199E-03,
  2.05309E-03,  2.23312E-03,  2.43321E-03,  2.65595E-03,  2.90432E-03,  3.18169E-03,  3.49190E-03,  3.83931E-03,  4.22883E-03,  4.66604E-03,  5.15715E-03,  5.70913E-03,  6.32963E-03,  7.02703E-03,  7.81037E-03,  8.68918E-03,  9.67327E-03,  1.07724E-02,  1.19958E-02,  1.33514E-02,  1.48452E-02,  1.64796E-02,  1.82527E-02,  2.01568E-02,  2.21770E-02,  2.42919E-02,  2.64749E-02,  2.86990E-02,  3.09419E-02,  3.31916E-02,  3.54470E-02,  3.77100E-02,  3.99696E-02,  4.21811E-02,  4.42518E-02,  4.60431E-02,  4.73921E-02,  4.81507E-02,  4.82263E-02,  4.76101E-02,  4.63793E-02,  4.46739E-02,  4.26567E-02,  4.04731E-02,  3.82251E-02,  3.59654E-02,  3.37099E-02,  3.14579E-02,  2.92094E-02,  2.69746E-02,  2.47748E-02,  2.26373E-02,  2.05897E-02,  1.86549E-02,  1.68493E-02,  1.51821E-02,  1.36564E-02,  1.22702E-02,  1.10182E-02,  9.89268E-03,  8.88453E-03,  7.98397E-03,  7.18112E-03,  6.46631E-03,  5.83034E-03,  5.26468E-03,  4.76147E-03,  4.31360E-03,  3.91469E-03,  3.55902E-03,  3.24153E-03,  2.95776E-03,  2.70374E-03,  2.47602E-03,  2.27155E-03,  2.08764E-03,
  2.11817E-03,  2.30257E-03,  2.50723E-03,  2.73471E-03,  2.98793E-03,  3.27019E-03,  3.58524E-03,  3.93728E-03,  4.33106E-03,  4.77187E-03,  5.26562E-03,  5.81881E-03,  6.43852E-03,  7.13237E-03,  7.90840E-03,  8.77487E-03,  9.73996E-03,  1.08113E-02,  1.19955E-02,  1.32970E-02,  1.47175E-02,  1.62541E-02,  1.78985E-02,  1.96349E-02,  2.14394E-02,  2.32803E-02,  2.51204E-02,  2.69219E-02,  2.86536E-02,  3.02986E-02,  3.18572E-02,  3.33432E-02,  3.47707E-02,  3.61359E-02,  3.74021E-02,  3.84967E-02,  3.93238E-02,  3.97911E-02,  3.98396E-02,  3.94635E-02,  3.87125E-02,  3.76743E-02,  3.64459E-02,  3.51057E-02,  3.36968E-02,  3.22282E-02,  3.06873E-02,  2.90591E-02,  2.73403E-02,  2.55452E-02,  2.37034E-02,  2.18527E-02,  2.00313E-02,  1.82728E-02,  1.66029E-02,  1.50388E-02,  1.35906E-02,  1.22618E-02,  1.10515E-02,  9.95568E-03,  8.96797E-03,  8.08082E-03,  7.28606E-03,  6.57537E-03,  5.94060E-03,  5.37401E-03,  4.86835E-03,  4.41699E-03,  4.01388E-03,  3.65360E-03,  3.33127E-03,  3.04257E-03,  2.78367E-03,  2.55116E-03,  2.34206E-03,  2.15372E-03,
  2.17376E-03,  2.36122E-03,  2.56894E-03,  2.79941E-03,  3.05548E-03,  3.34032E-03,  3.65753E-03,  4.01113E-03,  4.40560E-03,  4.84595E-03,  5.33765E-03,  5.88670E-03,  6.49953E-03,  7.18297E-03,  7.94403E-03,  8.78970E-03,  9.72660E-03,  1.07604E-02,  1.18954E-02,  1.31331E-02,  1.44717E-02,  1.59044E-02,  1.74178E-02,  1.89911E-02,  2.05947E-02,  2.21909E-02,  2.37370E-02,  2.51902E-02,  2.65159E-02,  2.76956E-02,  2.87318E-02,  2.96460E-02,  3.04686E-02,  3.12227E-02,  3.19098E-02,  3.25030E-02,  3.29543E-02,  3.32119E-02,  3.32408E-02,  3.30378E-02,  3.26323E-02,  3.20741E-02,  3.14133E-02,  3.06812E-02,  2.98812E-02,  2.89928E-02,  2.79853E-02,  2.68344E-02,  2.55337E-02,  2.40983E-02,  2.25611E-02,  2.09645E-02,  1.93523E-02,  1.77640E-02,  1.62308E-02,  1.47757E-02,  1.34132E-02,  1.21514E-02,  1.09929E-02,  9.93660E-03,  8.97866E-03,  8.11355E-03,  7.33474E-03,  6.63521E-03,  6.00789E-03,  5.44586E-03,  4.94257E-03,  4.49191E-03,  4.08827E-03,  3.72654E-03,  3.40212E-03,  3.11089E-03,  2.84916E-03,  2.61366E-03,  2.40149E-03,  2.21007E-03,
  2.21982E-03,  2.40906E-03,  2.61837E-03,  2.85016E-03,  3.10714E-03,  3.39235E-03,  3.70919E-03,  4.06144E-03,  4.45330E-03,  4.88937E-03,  5.37470E-03,  5.91469E-03,  6.51510E-03,  7.18188E-03,  7.92102E-03,  8.73827E-03,  9.63873E-03,  1.06263E-02,  1.17031E-02,  1.28684E-02,  1.41174E-02,  1.54404E-02,  1.68208E-02,  1.82344E-02,  1.96489E-02,  2.10245E-02,  2.23169E-02,  2.34830E-02,  2.44886E-02,  2.53163E-02,  2.59709E-02,  2.64786E-02,  2.68785E-02,  2.72097E-02,  2.74969E-02,  2.77439E-02,  2.79352E-02,  2.80474E-02,  2.80628E-02,  2.79797E-02,  2.78131E-02,  2.75863E-02,  2.73170E-02,  2.70053E-02,  2.66294E-02,  2.61517E-02,  2.55313E-02,  2.47387E-02,  2.37649E-02,  2.26236E-02,  2.13471E-02,  1.99779E-02,  1.85612E-02,  1.71382E-02,  1.57432E-02,  1.44022E-02,  1.31331E-02,  1.19469E-02,  1.08491E-02,  9.84115E-03,  8.92138E-03,  8.08610E-03,  7.33033E-03,  6.64835E-03,  6.03417E-03,  5.48176E-03,  4.98529E-03,  4.53924E-03,  4.13848E-03,  3.77829E-03,  3.45439E-03,  3.16290E-03,  2.90032E-03,  2.66356E-03,  2.44982E-03,  2.25663E-03,
  2.25642E-03,  2.44622E-03,  2.65573E-03,  2.88725E-03,  3.14333E-03,  3.42684E-03,  3.74096E-03,  4.08918E-03,  4.47537E-03,  4.90373E-03,  5.37878E-03,  5.90533E-03,  6.48839E-03,  7.13306E-03,  7.84426E-03,  8.62654E-03,  9.48356E-03,  1.04176E-02,  1.14290E-02,  1.25148E-02,  1.36684E-02,  1.48776E-02,  1.61242E-02,  1.73825E-02,  1.86195E-02,  1.97960E-02,  2.08695E-02,  2.17996E-02,  2.25554E-02,  2.31222E-02,  2.35070E-02,  2.37379E-02,  2.38575E-02,  2.39119E-02,  2.39389E-02,  2.39605E-02,  2.39821E-02,  2.39991E-02,  2.40055E-02,  2.40007E-02,  2.39899E-02,  2.39787E-02,  2.39638E-02,  2.39263E-02,  2.38304E-02,  2.36304E-02,  2.32814E-02,  2.27519E-02,  2.20307E-02,  2.11289E-02,  2.00754E-02,  1.89099E-02,  1.76754E-02,  1.64125E-02,  1.51558E-02,  1.39325E-02,  1.27624E-02,  1.16587E-02,  1.06290E-02,  9.67677E-03,  8.80228E-03,  8.00351E-03,  7.27693E-03,  6.61811E-03,  6.02210E-03,  5.48381E-03,  4.99816E-03,  4.56027E-03,  4.16552E-03,  3.80963E-03,  3.48866E-03,  3.19902E-03,  2.93747E-03,  2.70108E-03,  2.48721E-03,  2.29352E-03,
  2.28378E-03,  2.47298E-03,  2.68138E-03,  2.91114E-03,  3.16465E-03,  3.44457E-03,  3.75382E-03,  4.09561E-03,  4.47342E-03,  4.89101E-03,  5.35238E-03,  5.86170E-03,  6.42324E-03,  7.04120E-03,  7.71952E-03,  8.46153E-03,  9.26961E-03,  1.01446E-02,  1.10851E-02,  1.20869E-02,  1.31414E-02,  1.42356E-02,  1.53501E-02,  1.64594E-02,  1.75316E-02,  1.85300E-02,  1.94160E-02,  2.01539E-02,  2.07173E-02,  2.10954E-02,  2.12968E-02,  2.13495E-02,  2.12958E-02,  2.11832E-02,  2.10547E-02,  2.09414E-02,  2.08611E-02,  2.08206E-02,  2.08214E-02,  2.08637E-02,  2.09463E-02,  2.10637E-02,  2.12004E-02,  2.13275E-02,  2.14033E-02,  2.13802E-02,  2.12135E-02,  2.08720E-02,  2.03431E-02,  1.96346E-02,  1.87706E-02,  1.77860E-02,  1.67197E-02,  1.56095E-02,  1.44886E-02,  1.33840E-02,  1.23161E-02,  1.12995E-02,  1.03432E-02,  9.45231E-03,  8.62868E-03,  7.87178E-03,  7.17945E-03,  6.54846E-03,  5.97491E-03,  5.45461E-03,  4.98327E-03,  4.55665E-03,  4.17069E-03,  3.82157E-03,  3.50574E-03,  3.21991E-03,  2.96110E-03,  2.72659E-03,  2.51394E-03,  2.32092E-03,
  2.30220E-03,  2.48972E-03,  2.69581E-03,  2.92245E-03,  3.17187E-03,  3.44650E-03,  3.74899E-03,  4.08222E-03,  4.44930E-03,  4.85352E-03,  5.29835E-03,  5.78732E-03,  6.32395E-03,  6.91160E-03,  7.55321E-03,  8.25106E-03,  9.00632E-03,  9.81856E-03,  1.06852E-02,  1.16006E-02,  1.25555E-02,  1.35360E-02,  1.45231E-02,  1.54924E-02,  1.64142E-02,  1.72557E-02,  1.79830E-02,  1.85662E-02,  1.89841E-02,  1.92296E-02,  1.93123E-02,  1.92591E-02,  1.91093E-02,  1.89082E-02,  1.86987E-02,  1.85154E-02,  1.83818E-02,  1.83109E-02,  1.83086E-02,  1.83753E-02,  1.85064E-02,  1.86903E-02,  1.89053E-02,  1.91188E-02,  1.92885E-02,  1.93687E-02,  1.93179E-02,  1.91065E-02,  1.87212E-02,  1.81665E-02,  1.74615E-02,  1.66353E-02,  1.57217E-02,  1.47544E-02,  1.37639E-02,  1.27760E-02,  1.18109E-02,  1.08833E-02,  1.00035E-02,  9.17754E-03,  8.40867E-03,  7.69759E-03,  7.04337E-03,  6.44388E-03,  5.89624E-03,  5.39713E-03,  4.94302E-03,  4.53034E-03,  4.15558E-03,  3.81540E-03,  3.50664E-03,  3.22636E-03,  2.97185E-03,  2.74062E-03,  2.53041E-03,  2.33917E-03,
  2.31206E-03,  2.49694E-03,  2.69962E-03,  2.92195E-03,  3.16593E-03,  3.43378E-03,  3.72786E-03,  4.05074E-03,  4.40512E-03,  4.79384E-03,  5.21982E-03,  5.68598E-03,  6.19514E-03,  6.74983E-03,  7.35212E-03,  8.00328E-03,  8.70347E-03,  9.45123E-03,  1.02430E-02,  1.10723E-02,  1.19295E-02,  1.28008E-02,  1.36679E-02,  1.45083E-02,  1.52955E-02,  1.60009E-02,  1.65962E-02,  1.70569E-02,  1.73670E-02,  1.75224E-02,  1.75335E-02,  1.74249E-02,  1.72318E-02,  1.69953E-02,  1.67552E-02,  1.65455E-02,  1.63914E-02,  1.63086E-02,  1.63049E-02,  1.63807E-02,  1.65300E-02,  1.67384E-02,  1.69824E-02,  1.72293E-02,  1.74398E-02,  1.75722E-02,  1.75895E-02,  1.74645E-02,  1.71842E-02,  1.67500E-02,  1.61763E-02,  1.54865E-02,  1.47089E-02,  1.38724E-02,  1.30044E-02,  1.21284E-02,  1.12636E-02,  1.04246E-02,  9.62197E-03,  8.86265E-03,  8.15071E-03,  7.48797E-03,  6.87450E-03,  6.30918E-03,  5.79005E-03,  5.31461E-03,  4.88008E-03,  4.48351E-03,  4.12196E-03,  3.79256E-03,  3.49256E-03,  3.21934E-03,  2.97050E-03,  2.74379E-03,  2.53714E-03,  2.34868E-03,
  2.31385E-03,  2.49521E-03,  2.69353E-03,  2.91048E-03,  3.14787E-03,  3.40767E-03,  3.69198E-03,  4.00301E-03,  4.34311E-03,  4.71465E-03,  5.12005E-03,  5.56164E-03,  6.04155E-03,  6.56161E-03,  7.12306E-03,  7.72634E-03,  8.37077E-03,  9.05407E-03,  9.77200E-03,  1.05177E-02,  1.12815E-02,  1.20501E-02,  1.28067E-02,  1.35310E-02,  1.42001E-02,  1.47896E-02,  1.52766E-02,  1.56419E-02,  1.58737E-02,  1.59706E-02,  1.59429E-02,  1.58125E-02,  1.56103E-02,  1.53719E-02,  1.51328E-02,  1.49243E-02,  1.47703E-02,  1.46872E-02,  1.46830E-02,  1.47584E-02,  1.49068E-02,  1.51134E-02,  1.53553E-02,  1.56025E-02,  1.58196E-02,  1.59705E-02,  1.60227E-02,  1.59524E-02,  1.57469E-02,  1.54056E-02,  1.49387E-02,  1.43643E-02,  1.37054E-02,  1.29864E-02,  1.22308E-02,  1.14596E-02,  1.06904E-02,  9.93724E-03,  9.21055E-03,  8.51766E-03,  7.86328E-03,  7.24999E-03,  6.67874E-03,  6.14927E-03,  5.66041E-03,  5.21045E-03,  4.79725E-03,  4.41849E-03,  4.07176E-03,  3.75465E-03,  3.46479E-03,  3.19994E-03,  2.95795E-03,  2.73683E-03,  2.53473E-03,  2.34993E-03,
  2.30810E-03,  2.48518E-03,  2.67831E-03,  2.88897E-03,  3.11880E-03,  3.36952E-03,  3.64294E-03,  3.94098E-03,  4.26559E-03,  4.61874E-03,  5.00236E-03,  5.41822E-03,  5.86789E-03,  6.35250E-03,  6.87264E-03,  7.42805E-03,  8.01736E-03,  8.63775E-03,  9.28455E-03,  9.95088E-03,  1.06273E-02,  1.13014E-02,  1.19582E-02,  1.25799E-02,  1.31469E-02,  1.36395E-02,  1.40390E-02,  1.43309E-02,  1.45071E-02,  1.45680E-02,  1.45234E-02,  1.43924E-02,  1.42014E-02,  1.39806E-02,  1.37605E-02,  1.35686E-02,  1.34267E-02,  1.33498E-02,  1.33458E-02,  1.34153E-02,  1.35519E-02,  1.37418E-02,  1.39641E-02,  1.41923E-02,  1.43959E-02,  1.45442E-02,  1.46097E-02,  1.45716E-02,  1.44182E-02,  1.41474E-02,  1.37661E-02,  1.32879E-02,  1.27309E-02,  1.21153E-02,  1.14608E-02,  1.07857E-02,  1.01058E-02,  9.43394E-03,  8.78024E-03,  8.15205E-03,  7.55442E-03,  6.99050E-03,  6.46189E-03,  5.96902E-03,  5.51143E-03,  5.08806E-03,  4.69740E-03,  4.33768E-03,  4.00698E-03,  3.70333E-03,  3.42475E-03,  3.16931E-03,  2.93516E-03,  2.72056E-03,  2.52384E-03,  2.34349E-03,
  2.29539E-03,  2.46755E-03,  2.65478E-03,  2.85843E-03,  3.07990E-03,  3.32071E-03,  3.58241E-03,  3.86660E-03,  4.17489E-03,  4.50886E-03,  4.86998E-03,  5.25958E-03,  5.67865E-03,  6.12781E-03,  6.60705E-03,  7.11558E-03,  7.65154E-03,  8.21174E-03,  8.79138E-03,  9.38373E-03,  9.97989E-03,  1.05687E-02,  1.11369E-02,  1.16693E-02,  1.21496E-02,  1.25618E-02,  1.28914E-02,  1.31277E-02,  1.32651E-02,  1.33054E-02,  1.32576E-02,  1.31382E-02,  1.29691E-02,  1.27756E-02,  1.25834E-02,  1.24157E-02,  1.22915E-02,  1.22241E-02,  1.22206E-02,  1.22816E-02,  1.24012E-02,  1.25671E-02,  1.27613E-02,  1.29610E-02,  1.31407E-02,  1.32747E-02,  1.33400E-02,  1.33190E-02,  1.32010E-02,  1.29831E-02,  1.26695E-02,  1.22705E-02,  1.17999E-02,  1.12738E-02,  1.07087E-02,  1.01202E-02,  9.52196E-03,  8.92572E-03,  8.34080E-03,  7.77437E-03,  7.23157E-03,  6.71589E-03,  6.22941E-03,  5.77310E-03,  5.34707E-03,  4.95082E-03,  4.58338E-03,  4.24348E-03,  3.92965E-03,  3.64032E-03,  3.37386E-03,  3.12867E-03,  2.90316E-03,  2.69582E-03,  2.50520E-03,  2.32995E-03,
  2.27634E-03,  2.44303E-03,  2.62381E-03,  2.81984E-03,  3.03237E-03,  3.26266E-03,  3.51203E-03,  3.78181E-03,  4.07327E-03,  4.38765E-03,  4.72604E-03,  5.08931E-03,  5.47805E-03,  5.89238E-03,  6.33187E-03,  6.79531E-03,  7.28052E-03,  7.78415E-03,  8.30142E-03,  8.82596E-03,  9.34963E-03,  9.86254E-03,  1.03532E-02,  1.08088E-02,  1.12162E-02,  1.15626E-02,  1.18368E-02,  1.20310E-02,  1.21419E-02,  1.21718E-02,  1.21288E-02,  1.20268E-02,  1.18841E-02,  1.17214E-02,  1.15598E-02,  1.14187E-02,  1.13141E-02,  1.12573E-02,  1.12544E-02,  1.13060E-02,  1.14070E-02,  1.15467E-02,  1.17101E-02,  1.18782E-02,  1.20298E-02,  1.21439E-02,  1.22014E-02,  1.21877E-02,  1.20932E-02,  1.19147E-02,  1.16546E-02,  1.13200E-02,  1.09217E-02,  1.04723E-02,  9.98522E-03,  9.47346E-03,  8.94887E-03,  8.42172E-03,  7.90053E-03,  7.39202E-03,  6.90128E-03,  6.43191E-03,  5.98631E-03,  5.56583E-03,  5.17106E-03,  4.80193E-03,  4.45794E-03,  4.13824E-03,  3.84177E-03,  3.56732E-03,  3.31358E-03,  3.07925E-03,  2.86299E-03,  2.66351E-03,  2.47956E-03,  2.30996E-03,
  2.25158E-03,  2.41238E-03,  2.58626E-03,  2.77424E-03,  2.97738E-03,  3.19675E-03,  3.43342E-03,  3.68848E-03,  3.96292E-03,  4.25765E-03,  4.57342E-03,  4.91076E-03,  5.26988E-03,  5.65055E-03,  6.05199E-03,  6.47272E-03,  6.91038E-03,  7.36158E-03,  7.82175E-03,  8.28499E-03,  8.74401E-03,  9.19018E-03,  9.61373E-03,  1.00041E-02,  1.03507E-02,  1.06433E-02,  1.08737E-02,  1.10363E-02,  1.11292E-02,  1.11550E-02,  1.11209E-02,  1.10384E-02,  1.09226E-02,  1.07902E-02,  1.06585E-02,  1.05433E-02,  1.04577E-02,  1.04113E-02,  1.04091E-02,  1.04515E-02,  1.05343E-02,  1.06487E-02,  1.07822E-02,  1.09191E-02,  1.10425E-02,  1.11350E-02,  1.11812E-02,  1.11688E-02,  1.10898E-02,  1.09405E-02,  1.07222E-02,  1.04400E-02,  1.01017E-02,  9.71730E-03,  9.29753E-03,  8.85309E-03,  8.39400E-03,  7.92916E-03,  7.46618E-03,  7.01123E-03,  6.56916E-03,  6.14358E-03,  5.73703E-03,  5.35114E-03,  4.98682E-03,  4.64437E-03,  4.32366E-03,  4.02420E-03,  3.74527E-03,  3.48599E-03,  3.24534E-03,  3.02227E-03,  2.81569E-03,  2.62451E-03,  2.44768E-03,  2.28416E-03,
  2.22175E-03,  2.37632E-03,  2.54299E-03,  2.72262E-03,  2.91609E-03,  3.12430E-03,  3.34812E-03,  3.58838E-03,  3.84585E-03,  4.12115E-03,  4.41477E-03,  4.72692E-03,  5.05752E-03,  5.40608E-03,  5.77157E-03,  6.15235E-03,  6.54599E-03,  6.94922E-03,  7.35772E-03,  7.76616E-03,  8.16811E-03,  8.55617E-03,  8.92214E-03,  9.25741E-03,  9.55345E-03,  9.80248E-03,  9.99828E-03,  1.01370E-02,  1.02176E-02,  1.02430E-02,  1.02192E-02,  1.01559E-02,  1.00652E-02,  9.96066E-03,  9.85613E-03,  9.76442E-03,  9.69621E-03,  9.65920E-03,  9.65758E-03,  9.69169E-03,  9.75801E-03,  9.84940E-03,  9.95564E-03,  1.00642E-02,  1.01612E-02,  1.02328E-02,  1.02667E-02,  1.02525E-02,  1.01833E-02,  1.00559E-02,  9.87052E-03,  9.63055E-03,  9.34193E-03,  9.01228E-03,  8.65010E-03,  8.26412E-03,  7.86268E-03,  7.45342E-03,  7.04299E-03,  6.63696E-03,  6.23986E-03,  5.85515E-03,  5.48543E-03,  5.13248E-03,  4.79743E-03,  4.48086E-03,  4.18293E-03,  3.90345E-03,  3.64198E-03,  3.39791E-03,  3.17050E-03,  2.95892E-03,  2.76229E-03,  2.57973E-03,  2.41032E-03,  2.25321E-03,
  2.18748E-03,  2.33560E-03,  2.49485E-03,  2.66594E-03,  2.84961E-03,  3.04658E-03,  3.25756E-03,  3.48316E-03,  3.72392E-03,  3.98027E-03,  4.25243E-03,  4.54040E-03,  4.84386E-03,  5.16213E-03,  5.49403E-03,  5.83785E-03,  6.19118E-03,  6.55092E-03,  6.91311E-03,  7.27299E-03,  7.62499E-03,  7.96281E-03,  8.27966E-03,  8.56856E-03,  8.82278E-03,  9.03635E-03,  9.20466E-03,  9.32508E-03,  9.39739E-03,  9.42415E-03,  9.41068E-03,  9.36483E-03,  9.29636E-03,  9.21618E-03,  9.13533E-03,  9.06404E-03,  9.01089E-03,  8.98207E-03,  8.98096E-03,  9.00782E-03,  9.05982E-03,  9.13122E-03,  9.21378E-03,  9.29748E-03,  9.37127E-03,  9.42413E-03,  9.44594E-03,  9.42842E-03,  9.36573E-03,  9.25480E-03,  9.09534E-03,  8.88963E-03,  8.64200E-03,  8.35824E-03,  8.04506E-03,  7.70948E-03,  7.35840E-03,  6.99827E-03,  6.63485E-03,  6.27307E-03,  5.91707E-03,  5.57012E-03,  5.23475E-03,  4.91282E-03,  4.60558E-03,  4.31382E-03,  4.03790E-03,  3.77789E-03,  3.53357E-03,  3.30458E-03,  3.09038E-03,  2.89034E-03,  2.70379E-03,  2.53001E-03,  2.36824E-03,  2.21777E-03,
  2.14938E-03,  2.29092E-03,  2.44263E-03,  2.60511E-03,  2.77897E-03,  2.96478E-03,  3.16307E-03,  3.37430E-03,  3.59882E-03,  3.83686E-03,  4.08847E-03,  4.35345E-03,  4.63134E-03,  4.92132E-03,  5.22213E-03,  5.53204E-03,  5.84877E-03,  6.16940E-03,  6.49040E-03,  6.80755E-03,  7.11607E-03,  7.41067E-03,  7.68577E-03,  7.93576E-03,  8.15536E-03,  8.34000E-03,  8.48634E-03,  8.59261E-03,  8.65903E-03,  8.68794E-03,  8.68384E-03,  8.65311E-03,  8.60362E-03,  8.54404E-03,  8.48313E-03,  8.42903E-03,  8.38855E-03,  8.36662E-03,  8.36593E-03,  8.38668E-03,  8.42663E-03,  8.48118E-03,  8.54379E-03,  8.60650E-03,  8.66055E-03,  8.69715E-03,  8.70820E-03,  8.68697E-03,  8.62858E-03,  8.53027E-03,  8.39146E-03,  8.21359E-03,  7.99978E-03,  7.75445E-03,  7.48281E-03,  7.19049E-03,  6.88314E-03,  6.56615E-03,  6.24446E-03,  5.92239E-03,  5.60364E-03,  5.29125E-03,  4.98763E-03,  4.69462E-03,  4.41356E-03,  4.14533E-03,  3.89048E-03,  3.64923E-03,  3.42159E-03,  3.20734E-03,  3.00616E-03,  2.81760E-03,  2.64113E-03,  2.47618E-03,  2.32216E-03,  2.17846E-03,
  2.10805E-03,  2.24294E-03,  2.38709E-03,  2.54099E-03,  2.70514E-03,  2.87997E-03,  3.06586E-03,  3.26314E-03,  3.47201E-03,  3.69254E-03,  3.92463E-03,  4.16797E-03,  4.42196E-03,  4.68572E-03,  4.95797E-03,  5.23702E-03,  5.52072E-03,  5.80643E-03,  6.09097E-03,  6.37071E-03,  6.64155E-03,  6.89910E-03,  7.13878E-03,  7.35612E-03,  7.54699E-03,  7.70793E-03,  7.83651E-03,  7.93161E-03,  7.99367E-03,  8.02479E-03,  8.02872E-03,  8.01065E-03,  7.97687E-03,  7.93426E-03,  7.88976E-03,  7.84977E-03,  7.81969E-03,  7.80341E-03,  7.80306E-03,  7.81879E-03,  7.84881E-03,  7.88951E-03,  7.93571E-03,  7.98112E-03,  8.01883E-03,  8.04185E-03,  8.04373E-03,  8.01902E-03,  7.96367E-03,  7.87527E-03,  7.75307E-03,  7.59795E-03,  7.41215E-03,  7.19897E-03,  6.96249E-03,  6.70719E-03,  6.43766E-03,  6.15838E-03,  5.87352E-03,  5.58686E-03,  5.30166E-03,  5.02068E-03,  4.74618E-03,  4.47993E-03,  4.22328E-03,  3.97719E-03,  3.74231E-03,  3.51900E-03,  3.30739E-03,  3.10744E-03,  2.91897E-03,  2.74167E-03,  2.57517E-03,  2.41903E-03,  2.27276E-03,  2.13588E-03,
  2.06404E-03,  2.19229E-03,  2.32893E-03,  2.47438E-03,  2.62899E-03,  2.79311E-03,  2.96701E-03,  3.15086E-03,  3.34477E-03,  3.54869E-03,  3.76240E-03,  3.98549E-03,  4.21731E-03,  4.45694E-03,  4.70311E-03,  4.95423E-03,  5.20831E-03,  5.46296E-03,  5.71541E-03,  5.96249E-03,  6.20077E-03,  6.42658E-03,  6.63622E-03,  6.82613E-03,  6.99307E-03,  7.13446E-03,  7.24852E-03,  7.33458E-03,  7.39320E-03,  7.42621E-03,  7.43672E-03,  7.42894E-03,  7.40787E-03,  7.37896E-03,  7.34767E-03,  7.31907E-03,  7.29737E-03,  7.28564E-03,  7.28554E-03,  7.29720E-03,  7.31921E-03,  7.34873E-03,  7.38168E-03,  7.41312E-03,  7.43760E-03,  7.44960E-03,  7.44397E-03,  7.41633E-03,  7.36334E-03,  7.28292E-03,  7.17427E-03,  7.03789E-03,  6.87535E-03,  6.68915E-03,  6.48244E-03,  6.25877E-03,  6.02186E-03,  5.77542E-03,  5.52296E-03,  5.26772E-03,  5.01256E-03,  4.75996E-03,  4.51199E-03,  4.27033E-03,  4.03630E-03,  3.81089E-03,  3.59480E-03,  3.38848E-03,  3.19218E-03,  3.00597E-03,  2.82979E-03,  2.66347E-03,  2.50673E-03,  2.35926E-03,  2.22069E-03,  2.09063E-03,
  2.01788E-03,  2.13955E-03,  2.26881E-03,  2.40597E-03,  2.55132E-03,  2.70509E-03,  2.86745E-03,  3.03849E-03,  3.21821E-03,  3.40646E-03,  3.60297E-03,  3.80725E-03,  4.01862E-03,  4.23615E-03,  4.45865E-03,  4.68461E-03,  4.91222E-03,  5.13937E-03,  5.36362E-03,  5.58227E-03,  5.79243E-03,  5.99107E-03,  6.17521E-03,  6.34199E-03,  6.48892E-03,  6.61403E-03,  6.71607E-03,  6.79464E-03,  6.85034E-03,  6.88475E-03,  6.90044E-03,  6.90080E-03,  6.88979E-03,  6.87174E-03,  6.85095E-03,  6.83137E-03,  6.81631E-03,  6.80818E-03,  6.80827E-03,  6.81669E-03,  6.83233E-03,  6.85296E-03,  6.87539E-03,  6.89574E-03,  6.90972E-03,  6.91297E-03,  6.90142E-03,  6.87153E-03,  6.82057E-03,  6.74676E-03,  6.64933E-03,  6.52851E-03,  6.38541E-03,  6.22190E-03,  6.04043E-03,  5.84379E-03,  5.63500E-03,  5.41711E-03,  5.19305E-03,  4.96560E-03,  4.73724E-03,  4.51016E-03,  4.28625E-03,  4.06707E-03,  3.85387E-03,  3.64764E-03,  3.44911E-03,  3.25879E-03,  3.07700E-03,  2.90389E-03,  2.73952E-03,  2.58379E-03,  2.43654E-03,  2.29755E-03,  2.16655E-03,  2.04322E-03,
  1.97004E-03,  2.08526E-03,  2.20731E-03,  2.33643E-03,  2.47282E-03,  2.61665E-03,  2.76799E-03,  2.92688E-03,  3.09321E-03,  3.26680E-03,  3.44729E-03,  3.63418E-03,  3.82679E-03,  4.02419E-03,  4.22528E-03,  4.42865E-03,  4.63270E-03,  4.83554E-03,  5.03507E-03,  5.22899E-03,  5.41487E-03,  5.59024E-03,  5.75266E-03,  5.89988E-03,  6.02995E-03,  6.14140E-03,  6.23333E-03,  6.30555E-03,  6.35862E-03,  6.39390E-03,  6.41350E-03,  6.42013E-03,  6.41695E-03,  6.40737E-03,  6.39477E-03,  6.38224E-03,  6.37238E-03,  6.36706E-03,  6.36729E-03,  6.37316E-03,  6.38380E-03,  6.39746E-03,  6.41165E-03,  6.42332E-03,  6.42912E-03,  6.42560E-03,  6.40954E-03,  6.37809E-03,  6.32902E-03,  6.26085E-03,  6.17285E-03,  6.06508E-03,  5.93833E-03,  5.79400E-03,  5.63397E-03,  5.46047E-03,  5.27592E-03,  5.08282E-03,  4.88363E-03,  4.68068E-03,  4.47615E-03,  4.27195E-03,  4.06977E-03,  3.87103E-03,  3.67693E-03,  3.48841E-03,  3.30620E-03,  3.13084E-03,  2.96271E-03,  2.80203E-03,  2.64891E-03,  2.50334E-03,  2.36525E-03,  2.23449E-03,  2.11087E-03,  1.99414E-03,
  1.92097E-03,  2.02990E-03,  2.14495E-03,  2.26631E-03,  2.39411E-03,  2.52844E-03,  2.66934E-03,  2.81675E-03,  2.97053E-03,  3.13044E-03,  3.29611E-03,  3.46700E-03,  3.64245E-03,  3.82159E-03,  4.00337E-03,  4.18653E-03,  4.36963E-03,  4.55103E-03,  4.72890E-03,  4.90130E-03,  5.06621E-03,  5.22159E-03,  5.36547E-03,  5.49606E-03,  5.61186E-03,  5.71173E-03,  5.79505E-03,  5.86174E-03,  5.91233E-03,  5.94798E-03,  5.97038E-03,  5.98171E-03,  5.98450E-03,  5.98142E-03,  5.97513E-03,  5.96805E-03,  5.96220E-03,  5.95904E-03,  5.95938E-03,  5.96326E-03,  5.97001E-03,  5.97827E-03,  5.98609E-03,  5.99109E-03,  5.99062E-03,  5.98199E-03,  5.96262E-03,  5.93025E-03,  5.88307E-03,  5.81982E-03,  5.73986E-03,  5.64315E-03,  5.53025E-03,  5.40220E-03,  5.26047E-03,  5.10680E-03,  4.94316E-03,  4.77160E-03,  4.59415E-03,  4.41281E-03,  4.22942E-03,  4.04566E-03,  3.86304E-03,  3.68284E-03,  3.50617E-03,  3.33393E-03,  3.16682E-03,  3.00539E-03,  2.85006E-03,  2.70109E-03,  2.55863E-03,  2.42276E-03,  2.29344E-03,  2.17062E-03,  2.05415E-03,  1.94386E-03,
  1.87107E-03,  1.97389E-03,  2.08220E-03,  2.19611E-03,  2.31571E-03,  2.44103E-03,  2.57206E-03,  2.70870E-03,  2.85076E-03,  2.99798E-03,  3.14996E-03,  3.30619E-03,  3.46601E-03,  3.62861E-03,  3.79303E-03,  3.95814E-03,  4.12266E-03,  4.28514E-03,  4.44405E-03,  4.59772E-03,  4.74448E-03,  4.88265E-03,  5.01064E-03,  5.12702E-03,  5.23062E-03,  5.32059E-03,  5.39648E-03,  5.45828E-03,  5.50647E-03,  5.54202E-03,  5.56629E-03,  5.58105E-03,  5.58829E-03,  5.59012E-03,  5.58861E-03,  5.58567E-03,  5.58288E-03,  5.58138E-03,  5.58178E-03,  5.58413E-03,  5.58790E-03,  5.59203E-03,  5.59499E-03,  5.59493E-03,  5.58976E-03,  5.57737E-03,  5.55571E-03,  5.52298E-03,  5.47770E-03,  5.41885E-03,  5.34585E-03,  5.25861E-03,  5.15753E-03,  5.04339E-03,  4.91731E-03,  4.78071E-03,  4.63515E-03,  4.48230E-03,  4.32388E-03,  4.16155E-03,  3.99690E-03,  3.83138E-03,  3.66632E-03,  3.50289E-03,  3.34208E-03,  3.18473E-03,  3.03153E-03,  2.88303E-03,  2.73963E-03,  2.60164E-03,  2.46925E-03,  2.34256E-03,  2.22163E-03,  2.10641E-03,  1.99683E-03,  1.89277E-03,
  1.82069E-03,  1.91763E-03,  2.01946E-03,  2.12626E-03,  2.23807E-03,  2.35488E-03,  2.47663E-03,  2.60319E-03,  2.73436E-03,  2.86984E-03,  3.00925E-03,  3.15207E-03,  3.29769E-03,  3.44535E-03,  3.59419E-03,  3.74319E-03,  3.89122E-03,  4.03705E-03,  4.17933E-03,  4.31668E-03,  4.44769E-03,  4.57100E-03,  4.68531E-03,  4.78948E-03,  4.88260E-03,  4.96401E-03,  5.03340E-03,  5.09081E-03,  5.13665E-03,  5.17171E-03,  5.19711E-03,  5.21425E-03,  5.22472E-03,  5.23017E-03,  5.23224E-03,  5.23242E-03,  5.23193E-03,  5.23166E-03,  5.23211E-03,  5.23329E-03,  5.23480E-03,  5.23580E-03,  5.23512E-03,  5.23129E-03,  5.22268E-03,  5.20762E-03,  5.18449E-03,  5.15186E-03,  5.10854E-03,  5.05367E-03,  4.98677E-03,  4.90772E-03,  4.81680E-03,  4.71460E-03,  4.60200E-03,  4.48011E-03,  4.35021E-03,  4.21367E-03,  4.07190E-03,  3.92631E-03,  3.77825E-03,  3.62898E-03,  3.47968E-03,  3.33136E-03,  3.18494E-03,  3.04120E-03,  2.90078E-03,  2.76421E-03,  2.63190E-03,  2.50417E-03,  2.38123E-03,  2.26322E-03,  2.15023E-03,  2.04226E-03,  1.93929E-03,  1.84124E-03,
  1.77015E-03,  1.86144E-03,  1.95709E-03,  2.05713E-03,  2.16157E-03,  2.27036E-03,  2.38343E-03,  2.50060E-03,  2.62167E-03,  2.74633E-03,  2.87420E-03,  3.00479E-03,  3.13754E-03,  3.27174E-03,  3.40660E-03,  3.54124E-03,  3.67466E-03,  3.80579E-03,  3.93348E-03,  4.05658E-03,  4.17391E-03,  4.28433E-03,  4.38681E-03,  4.48043E-03,  4.56447E-03,  4.63844E-03,  4.70209E-03,  4.75549E-03,  4.79900E-03,  4.83327E-03,  4.85920E-03,  4.87790E-03,  4.89063E-03,  4.89870E-03,  4.90339E-03,  4.90586E-03,  4.90707E-03,  4.90772E-03,  4.90819E-03,  4.90849E-03,  4.90831E-03,  4.90699E-03,  4.90362E-03,  4.89704E-03,  4.88598E-03,  4.86913E-03,  4.84520E-03,  4.81304E-03,  4.77171E-03,  4.72050E-03,  4.65900E-03,  4.58709E-03,  4.50497E-03,  4.41309E-03,  4.31213E-03,  4.20299E-03,  4.08670E-03,  3.96438E-03,  3.83720E-03,  3.70636E-03,  3.57300E-03,  3.43820E-03,  3.30300E-03,  3.16830E-03,  3.03492E-03,  2.90357E-03,  2.77485E-03,  2.64927E-03,  2.52723E-03,  2.40904E-03,  2.29494E-03,  2.18510E-03,  2.07962E-03,  1.97854E-03,  1.88188E-03,  1.78958E-03,
  1.71971E-03,  1.80561E-03,  1.89538E-03,  1.98902E-03,  2.08651E-03,  2.18779E-03,  2.29274E-03,  2.40119E-03,  2.51292E-03,  2.62763E-03,  2.74495E-03,  2.86442E-03,  2.98550E-03,  3.10757E-03,  3.22993E-03,  3.35176E-03,  3.47222E-03,  3.59038E-03,  3.70526E-03,  3.81588E-03,  3.92127E-03,  4.02049E-03,  4.11269E-03,  4.19714E-03,  4.27327E-03,  4.34069E-03,  4.39923E-03,  4.44896E-03,  4.49018E-03,  4.52341E-03,  4.54940E-03,  4.56901E-03,  4.58325E-03,  4.59314E-03,  4.59969E-03,  4.60382E-03,  4.60627E-03,  4.60759E-03,  4.60806E-03,  4.60770E-03,  4.60628E-03,  4.60327E-03,  4.59795E-03,  4.58943E-03,  4.57670E-03,  4.55874E-03,  4.53452E-03,  4.50313E-03,  4.46380E-03,  4.41598E-03,  4.35931E-03,  4.29369E-03,  4.21925E-03,  4.13633E-03,  4.04549E-03,  3.94743E-03,  3.84299E-03,  3.73311E-03,  3.61875E-03,  3.50090E-03,  3.38056E-03,  3.25865E-03,  3.13607E-03,  3.01362E-03,  2.89203E-03,  2.77195E-03,  2.65393E-03,  2.53844E-03,  2.42588E-03,  2.31656E-03,  2.21071E-03,  2.10852E-03,  2.01011E-03,  1.91555E-03,  1.82487E-03,  1.73807E-03,
