 -1.19765E-02, -1.20345E-02, -1.20915E-02, -1.21474E-02, -1.22023E-02, -1.22560E-02, -1.23084E-02, -1.23597E-02, -1.24095E-02, -1.24580E-02, -1.25051E-02, -1.25507E-02, -1.25947E-02, -1.26371E-02, -1.26779E-02, -1.27169E-02, -1.27542E-02, -1.27897E-02, -1.28234E-02, -1.28551E-02, -1.28849E-02, -1.29128E-02, -1.29386E-02, -1.29624E-02, -1.29841E-02, -1.30037E-02, -1.30211E-02, -1.30364E-02, -1.30496E-02, -1.30605E-02, -1.30692E-02, -1.30757E-02, -1.30799E-02, -1.30820E-02, -1.30817E-02, -1.30793E-02, -1.30746E-02, -1.30677E-02, -1.30585E-02, -1.30472E-02, -1.30337E-02, -1.30180E-02, -1.30002E-02, -1.29803E-02, -1.29583E-02, -1.29342E-02, -1.29081E-02, -1.28801E-02, -1.28501E-02, -1.28181E-02, -1.27844E-02, -1.27488E-02, -1.27114E-02, -1.26723E-02, -1.26315E-02, -1.25891E-02, -1.25451E-02, -1.24996E-02, -1.24527E-02, -1.24043E-02, -1.23546E-02, -1.23036E-02, -1.22513E-02, -1.21978E-02, -1.21432E-02, -1.20875E-02, -1.20308E-02, -1.19731E-02, -1.19146E-02, -1.18551E-02,
 -1.21108E-02, -1.21707E-02, -1.22297E-02, -1.22875E-02, -1.23443E-02, -1.23999E-02, -1.24542E-02, -1.25072E-02, -1.25589E-02, -1.26091E-02, -1.26579E-02, -1.27051E-02, -1.27508E-02, -1.27947E-02, -1.28370E-02, -1.28775E-02, -1.29162E-02, -1.29530E-02, -1.29880E-02, -1.30209E-02, -1.30519E-02, -1.30808E-02, -1.31076E-02, -1.31323E-02, -1.31548E-02, -1.31752E-02, -1.31933E-02, -1.32092E-02, -1.32228E-02, -1.32341E-02, -1.32432E-02, -1.32499E-02, -1.32543E-02, -1.32564E-02, -1.32561E-02, -1.32536E-02, -1.32487E-02, -1.32415E-02, -1.32320E-02, -1.32202E-02, -1.32062E-02, -1.31899E-02, -1.31714E-02, -1.31506E-02, -1.31278E-02, -1.31028E-02, -1.30757E-02, -1.30465E-02, -1.30154E-02, -1.29822E-02, -1.29472E-02, -1.29102E-02, -1.28714E-02, -1.28309E-02, -1.27886E-02, -1.27446E-02, -1.26990E-02, -1.26519E-02, -1.26032E-02, -1.25531E-02, -1.25016E-02, -1.24488E-02, -1.23947E-02, -1.23394E-02, -1.22829E-02, -1.22253E-02, -1.21667E-02, -1.21070E-02, -1.20465E-02, -1.19851E-02,
 -1.22479E-02, -1.23098E-02, -1.23708E-02, -1.24307E-02, -1.24894E-02, -1.25469E-02, -1.26032E-02, -1.26581E-02, -1.27117E-02, -1.27637E-02, -1.28143E-02, -1.28633E-02, -1.29106E-02, -1.29562E-02, -1.30001E-02, -1.30421E-02, -1.30822E-02, -1.31205E-02, -1.31567E-02, -1.31909E-02, -1.32231E-02, -1.32531E-02, -1.32809E-02, -1.33066E-02, -1.33300E-02, -1.33511E-02, -1.33700E-02, -1.33865E-02, -1.34006E-02, -1.34124E-02, -1.34218E-02, -1.34287E-02, -1.34333E-02, -1.34355E-02, -1.34352E-02, -1.34325E-02, -1.34274E-02, -1.34199E-02, -1.34100E-02, -1.33978E-02, -1.33832E-02, -1.33662E-02, -1.33470E-02, -1.33254E-02, -1.33016E-02, -1.32757E-02, -1.32475E-02, -1.32172E-02, -1.31848E-02, -1.31504E-02, -1.31140E-02, -1.30756E-02, -1.30354E-02, -1.29933E-02, -1.29494E-02, -1.29038E-02, -1.28566E-02, -1.28077E-02, -1.27572E-02, -1.27053E-02, -1.26520E-02, -1.25972E-02, -1.25412E-02, -1.24840E-02, -1.24255E-02, -1.23659E-02, -1.23053E-02, -1.22437E-02, -1.21811E-02, -1.21176E-02,
 -1.23877E-02, -1.24518E-02, -1.25149E-02, -1.25769E-02, -1.26377E-02, -1.26973E-02, -1.27556E-02, -1.28125E-02, -1.28680E-02, -1.29219E-02, -1.29744E-02, -1.30252E-02, -1.30743E-02, -1.31216E-02, -1.31671E-02, -1.32107E-02, -1.32524E-02, -1.32921E-02, -1.33298E-02, -1.33653E-02, -1.33987E-02, -1.34299E-02, -1.34588E-02, -1.34855E-02, -1.35098E-02, -1.35318E-02, -1.35513E-02, -1.35685E-02, -1.35832E-02, -1.35954E-02, -1.36052E-02, -1.36124E-02, -1.36171E-02, -1.36194E-02, -1.36191E-02, -1.36163E-02, -1.36110E-02, -1.36031E-02, -1.35928E-02, -1.35801E-02, -1.35649E-02, -1.35472E-02, -1.35272E-02, -1.35048E-02, -1.34801E-02, -1.34530E-02, -1.34238E-02, -1.33923E-02, -1.33586E-02, -1.33229E-02, -1.32850E-02, -1.32452E-02, -1.32034E-02, -1.31597E-02, -1.31142E-02, -1.30668E-02, -1.30178E-02, -1.29671E-02, -1.29148E-02, -1.28610E-02, -1.28057E-02, -1.27490E-02, -1.26910E-02, -1.26317E-02, -1.25712E-02, -1.25095E-02, -1.24468E-02, -1.23831E-02, -1.23184E-02, -1.22528E-02,
 -1.25305E-02, -1.25968E-02, -1.26621E-02, -1.27263E-02, -1.27892E-02, -1.28510E-02, -1.29114E-02, -1.29704E-02, -1.30279E-02, -1.30839E-02, -1.31383E-02, -1.31910E-02, -1.32419E-02, -1.32911E-02, -1.33383E-02, -1.33837E-02, -1.34270E-02, -1.34682E-02, -1.35073E-02, -1.35443E-02, -1.35790E-02, -1.36114E-02, -1.36415E-02, -1.36692E-02, -1.36944E-02, -1.37173E-02, -1.37376E-02, -1.37554E-02, -1.37707E-02, -1.37834E-02, -1.37936E-02, -1.38011E-02, -1.38060E-02, -1.38083E-02, -1.38080E-02, -1.38050E-02, -1.37995E-02, -1.37913E-02, -1.37806E-02, -1.37673E-02, -1.37515E-02, -1.37331E-02, -1.37122E-02, -1.36889E-02, -1.36632E-02, -1.36351E-02, -1.36046E-02, -1.35719E-02, -1.35369E-02, -1.34997E-02, -1.34604E-02, -1.34190E-02, -1.33756E-02, -1.33302E-02, -1.32829E-02, -1.32338E-02, -1.31829E-02, -1.31303E-02, -1.30761E-02, -1.30203E-02, -1.29629E-02, -1.29042E-02, -1.28441E-02, -1.27826E-02, -1.27200E-02, -1.26562E-02, -1.25913E-02, -1.25253E-02, -1.24584E-02, -1.23906E-02,
 -1.26762E-02, -1.27449E-02, -1.28125E-02, -1.28789E-02, -1.29442E-02, -1.30081E-02, -1.30708E-02, -1.31319E-02, -1.31916E-02, -1.32497E-02, -1.33061E-02, -1.33609E-02, -1.34138E-02, -1.34648E-02, -1.35139E-02, -1.35610E-02, -1.36060E-02, -1.36488E-02, -1.36895E-02, -1.37279E-02, -1.37640E-02, -1.37977E-02, -1.38290E-02, -1.38578E-02, -1.38841E-02, -1.39078E-02, -1.39290E-02, -1.39475E-02, -1.39634E-02, -1.39766E-02, -1.39872E-02, -1.39950E-02, -1.40001E-02, -1.40025E-02, -1.40021E-02, -1.39990E-02, -1.39932E-02, -1.39847E-02, -1.39735E-02, -1.39597E-02, -1.39432E-02, -1.39240E-02, -1.39023E-02, -1.38780E-02, -1.38512E-02, -1.38220E-02, -1.37903E-02, -1.37562E-02, -1.37198E-02, -1.36812E-02, -1.36403E-02, -1.35973E-02, -1.35521E-02, -1.35050E-02, -1.34559E-02, -1.34049E-02, -1.33520E-02, -1.32974E-02, -1.32411E-02, -1.31832E-02, -1.31238E-02, -1.30629E-02, -1.30006E-02, -1.29369E-02, -1.28720E-02, -1.28059E-02, -1.27388E-02, -1.26705E-02, -1.26013E-02, -1.25312E-02,
 -1.28250E-02, -1.28961E-02, -1.29661E-02, -1.30349E-02, -1.31026E-02, -1.31689E-02, -1.32338E-02, -1.32973E-02, -1.33592E-02, -1.34195E-02, -1.34781E-02, -1.35349E-02, -1.35899E-02, -1.36429E-02, -1.36939E-02, -1.37429E-02, -1.37896E-02, -1.38342E-02, -1.38765E-02, -1.39164E-02, -1.39540E-02, -1.39890E-02, -1.40216E-02, -1.40516E-02, -1.40789E-02, -1.41037E-02, -1.41257E-02, -1.41450E-02, -1.41615E-02, -1.41752E-02, -1.41862E-02, -1.41943E-02, -1.41996E-02, -1.42020E-02, -1.42017E-02, -1.41984E-02, -1.41924E-02, -1.41835E-02, -1.41718E-02, -1.41574E-02, -1.41402E-02, -1.41202E-02, -1.40976E-02, -1.40723E-02, -1.40444E-02, -1.40139E-02, -1.39809E-02, -1.39455E-02, -1.39076E-02, -1.38674E-02, -1.38248E-02, -1.37801E-02, -1.37332E-02, -1.36842E-02, -1.36331E-02, -1.35801E-02, -1.35252E-02, -1.34685E-02, -1.34101E-02, -1.33500E-02, -1.32884E-02, -1.32252E-02, -1.31606E-02, -1.30946E-02, -1.30274E-02, -1.29589E-02, -1.28894E-02, -1.28187E-02, -1.27471E-02, -1.26746E-02,
 -1.29769E-02, -1.30505E-02, -1.31230E-02, -1.31944E-02, -1.32645E-02, -1.33333E-02, -1.34007E-02, -1.34665E-02, -1.35308E-02, -1.35934E-02, -1.36543E-02, -1.37133E-02, -1.37704E-02, -1.38255E-02, -1.38786E-02, -1.39295E-02, -1.39781E-02, -1.40245E-02, -1.40685E-02, -1.41101E-02, -1.41491E-02, -1.41856E-02, -1.42195E-02, -1.42507E-02, -1.42792E-02, -1.43050E-02, -1.43279E-02, -1.43480E-02, -1.43652E-02, -1.43795E-02, -1.43908E-02, -1.43993E-02, -1.44048E-02, -1.44073E-02, -1.44069E-02, -1.44035E-02, -1.43972E-02, -1.43879E-02, -1.43757E-02, -1.43606E-02, -1.43427E-02, -1.43219E-02, -1.42983E-02, -1.42719E-02, -1.42428E-02, -1.42111E-02, -1.41767E-02, -1.41398E-02, -1.41004E-02, -1.40585E-02, -1.40142E-02, -1.39677E-02, -1.39189E-02, -1.38679E-02, -1.38148E-02, -1.37598E-02, -1.37027E-02, -1.36438E-02, -1.35832E-02, -1.35208E-02, -1.34568E-02, -1.33912E-02, -1.33242E-02, -1.32558E-02, -1.31861E-02, -1.31152E-02, -1.30432E-02, -1.29700E-02, -1.28959E-02, -1.28209E-02,
 -1.31320E-02, -1.32083E-02, -1.32835E-02, -1.33575E-02, -1.34302E-02, -1.35015E-02, -1.35715E-02, -1.36398E-02, -1.37066E-02, -1.37716E-02, -1.38349E-02, -1.38962E-02, -1.39556E-02, -1.40129E-02, -1.40681E-02, -1.41210E-02, -1.41717E-02, -1.42199E-02, -1.42657E-02, -1.43090E-02, -1.43497E-02, -1.43877E-02, -1.44230E-02, -1.44555E-02, -1.44852E-02, -1.45119E-02, -1.45358E-02, -1.45567E-02, -1.45746E-02, -1.45895E-02, -1.46014E-02, -1.46102E-02, -1.46159E-02, -1.46185E-02, -1.46180E-02, -1.46145E-02, -1.46078E-02, -1.45981E-02, -1.45854E-02, -1.45697E-02, -1.45509E-02, -1.45292E-02, -1.45046E-02, -1.44771E-02, -1.44468E-02, -1.44137E-02, -1.43779E-02, -1.43394E-02, -1.42984E-02, -1.42547E-02, -1.42087E-02, -1.41602E-02, -1.41094E-02, -1.40564E-02, -1.40012E-02, -1.39439E-02, -1.38846E-02, -1.38235E-02, -1.37604E-02, -1.36956E-02, -1.36292E-02, -1.35612E-02, -1.34916E-02, -1.34207E-02, -1.33484E-02, -1.32749E-02, -1.32003E-02, -1.31245E-02, -1.30478E-02, -1.29701E-02,
 -1.32904E-02, -1.33695E-02, -1.34474E-02, -1.35242E-02, -1.35996E-02, -1.36737E-02, -1.37463E-02, -1.38173E-02, -1.38867E-02, -1.39542E-02, -1.40200E-02, -1.40838E-02, -1.41455E-02, -1.42052E-02, -1.42626E-02, -1.43177E-02, -1.43704E-02, -1.44207E-02, -1.44684E-02, -1.45134E-02, -1.45558E-02, -1.45954E-02, -1.46322E-02, -1.46660E-02, -1.46970E-02, -1.47249E-02, -1.47498E-02, -1.47715E-02, -1.47902E-02, -1.48057E-02, -1.48181E-02, -1.48272E-02, -1.48331E-02, -1.48358E-02, -1.48353E-02, -1.48316E-02, -1.48246E-02, -1.48145E-02, -1.48012E-02, -1.47847E-02, -1.47652E-02, -1.47425E-02, -1.47168E-02, -1.46881E-02, -1.46565E-02, -1.46220E-02, -1.45847E-02, -1.45446E-02, -1.45018E-02, -1.44563E-02, -1.44083E-02, -1.43579E-02, -1.43050E-02, -1.42498E-02, -1.41924E-02, -1.41328E-02, -1.40711E-02, -1.40075E-02, -1.39420E-02, -1.38747E-02, -1.38057E-02, -1.37351E-02, -1.36629E-02, -1.35893E-02, -1.35143E-02, -1.34381E-02, -1.33607E-02, -1.32823E-02, -1.32028E-02, -1.31224E-02,
 -1.34523E-02, -1.35342E-02, -1.36151E-02, -1.36947E-02, -1.37730E-02, -1.38499E-02, -1.39253E-02, -1.39991E-02, -1.40712E-02, -1.41414E-02, -1.42098E-02, -1.42762E-02, -1.43404E-02, -1.44025E-02, -1.44623E-02, -1.45197E-02, -1.45746E-02, -1.46269E-02, -1.46766E-02, -1.47236E-02, -1.47677E-02, -1.48090E-02, -1.48473E-02, -1.48827E-02, -1.49149E-02, -1.49440E-02, -1.49699E-02, -1.49927E-02, -1.50121E-02, -1.50283E-02, -1.50411E-02, -1.50506E-02, -1.50568E-02, -1.50596E-02, -1.50590E-02, -1.50551E-02, -1.50478E-02, -1.50372E-02, -1.50233E-02, -1.50061E-02, -1.49856E-02, -1.49620E-02, -1.49352E-02, -1.49052E-02, -1.48722E-02, -1.48362E-02, -1.47972E-02, -1.47554E-02, -1.47108E-02, -1.46634E-02, -1.46134E-02, -1.45608E-02, -1.45058E-02, -1.44483E-02, -1.43885E-02, -1.43265E-02, -1.42624E-02, -1.41962E-02, -1.41281E-02, -1.40581E-02, -1.39864E-02, -1.39131E-02, -1.38381E-02, -1.37617E-02, -1.36840E-02, -1.36049E-02, -1.35247E-02, -1.34434E-02, -1.33610E-02, -1.32778E-02,
 -1.36176E-02, -1.37026E-02, -1.37865E-02, -1.38691E-02, -1.39504E-02, -1.40303E-02, -1.41086E-02, -1.41853E-02, -1.42603E-02, -1.43334E-02, -1.44045E-02, -1.44736E-02, -1.45405E-02, -1.46051E-02, -1.46674E-02, -1.47271E-02, -1.47844E-02, -1.48389E-02, -1.48907E-02, -1.49397E-02, -1.49858E-02, -1.50288E-02, -1.50688E-02, -1.51056E-02, -1.51392E-02, -1.51696E-02, -1.51967E-02, -1.52203E-02, -1.52406E-02, -1.52575E-02, -1.52709E-02, -1.52807E-02, -1.52871E-02, -1.52900E-02, -1.52894E-02, -1.52853E-02, -1.52776E-02, -1.52665E-02, -1.52520E-02, -1.52340E-02, -1.52126E-02, -1.51879E-02, -1.51599E-02, -1.51286E-02, -1.50941E-02, -1.50565E-02, -1.50159E-02, -1.49722E-02, -1.49257E-02, -1.48763E-02, -1.48241E-02, -1.47693E-02, -1.47119E-02, -1.46521E-02, -1.45898E-02, -1.45252E-02, -1.44585E-02, -1.43896E-02, -1.43188E-02, -1.42461E-02, -1.41715E-02, -1.40953E-02, -1.40175E-02, -1.39381E-02, -1.38574E-02, -1.37754E-02, -1.36922E-02, -1.36079E-02, -1.35226E-02, -1.34363E-02,
 -1.37865E-02, -1.38747E-02, -1.39617E-02, -1.40475E-02, -1.41320E-02, -1.42150E-02, -1.42964E-02, -1.43762E-02, -1.44541E-02, -1.45302E-02, -1.46042E-02, -1.46762E-02, -1.47458E-02, -1.48132E-02, -1.48780E-02, -1.49404E-02, -1.50000E-02, -1.50569E-02, -1.51110E-02, -1.51620E-02, -1.52101E-02, -1.52550E-02, -1.52967E-02, -1.53352E-02, -1.53703E-02, -1.54019E-02, -1.54302E-02, -1.54549E-02, -1.54760E-02, -1.54936E-02, -1.55076E-02, -1.55179E-02, -1.55245E-02, -1.55275E-02, -1.55268E-02, -1.55224E-02, -1.55144E-02, -1.55028E-02, -1.54876E-02, -1.54687E-02, -1.54464E-02, -1.54205E-02, -1.53912E-02, -1.53585E-02, -1.53225E-02, -1.52833E-02, -1.52408E-02, -1.51952E-02, -1.51467E-02, -1.50951E-02, -1.50407E-02, -1.49836E-02, -1.49237E-02, -1.48613E-02, -1.47965E-02, -1.47292E-02, -1.46597E-02, -1.45880E-02, -1.45143E-02, -1.44387E-02, -1.43611E-02, -1.42819E-02, -1.42010E-02, -1.41186E-02, -1.40348E-02, -1.39497E-02, -1.38634E-02, -1.37759E-02, -1.36875E-02, -1.35981E-02,
 -1.39591E-02, -1.40506E-02, -1.41410E-02, -1.42301E-02, -1.43178E-02, -1.44041E-02, -1.44888E-02, -1.45718E-02, -1.46529E-02, -1.47321E-02, -1.48092E-02, -1.48841E-02, -1.49567E-02, -1.50269E-02, -1.50946E-02, -1.51596E-02, -1.52218E-02, -1.52812E-02, -1.53375E-02, -1.53909E-02, -1.54410E-02, -1.54879E-02, -1.55315E-02, -1.55716E-02, -1.56082E-02, -1.56413E-02, -1.56708E-02, -1.56966E-02, -1.57187E-02, -1.57370E-02, -1.57515E-02, -1.57623E-02, -1.57692E-02, -1.57723E-02, -1.57715E-02, -1.57669E-02, -1.57585E-02, -1.57463E-02, -1.57303E-02, -1.57106E-02, -1.56872E-02, -1.56602E-02, -1.56295E-02, -1.55954E-02, -1.55577E-02, -1.55167E-02, -1.54723E-02, -1.54247E-02, -1.53740E-02, -1.53202E-02, -1.52634E-02, -1.52038E-02, -1.51414E-02, -1.50763E-02, -1.50087E-02, -1.49386E-02, -1.48662E-02, -1.47916E-02, -1.47148E-02, -1.46361E-02, -1.45554E-02, -1.44730E-02, -1.43890E-02, -1.43034E-02, -1.42163E-02, -1.41279E-02, -1.40383E-02, -1.39476E-02, -1.38559E-02, -1.37633E-02,
 -1.41354E-02, -1.42304E-02, -1.43243E-02, -1.44169E-02, -1.45081E-02, -1.45979E-02, -1.46860E-02, -1.47723E-02, -1.48568E-02, -1.49393E-02, -1.50196E-02, -1.50977E-02, -1.51734E-02, -1.52466E-02, -1.53171E-02, -1.53850E-02, -1.54499E-02, -1.55119E-02, -1.55707E-02, -1.56264E-02, -1.56788E-02, -1.57278E-02, -1.57733E-02, -1.58152E-02, -1.58535E-02, -1.58881E-02, -1.59188E-02, -1.59458E-02, -1.59688E-02, -1.59880E-02, -1.60031E-02, -1.60143E-02, -1.60215E-02, -1.60247E-02, -1.60239E-02, -1.60190E-02, -1.60102E-02, -1.59974E-02, -1.59806E-02, -1.59600E-02, -1.59355E-02, -1.59071E-02, -1.58751E-02, -1.58393E-02, -1.57999E-02, -1.57570E-02, -1.57107E-02, -1.56609E-02, -1.56079E-02, -1.55517E-02, -1.54924E-02, -1.54302E-02, -1.53651E-02, -1.52972E-02, -1.52266E-02, -1.51536E-02, -1.50781E-02, -1.50004E-02, -1.49204E-02, -1.48385E-02, -1.47545E-02, -1.46688E-02, -1.45814E-02, -1.44924E-02, -1.44020E-02, -1.43102E-02, -1.42172E-02, -1.41230E-02, -1.40279E-02, -1.39318E-02,
 -1.43156E-02, -1.44143E-02, -1.45118E-02, -1.46081E-02, -1.47030E-02, -1.47963E-02, -1.48880E-02, -1.49779E-02, -1.50659E-02, -1.51519E-02, -1.52356E-02, -1.53170E-02, -1.53960E-02, -1.54724E-02, -1.55460E-02, -1.56168E-02, -1.56847E-02, -1.57494E-02, -1.58109E-02, -1.58690E-02, -1.59238E-02, -1.59750E-02, -1.60225E-02, -1.60663E-02, -1.61064E-02, -1.61425E-02, -1.61746E-02, -1.62028E-02, -1.62269E-02, -1.62469E-02, -1.62627E-02, -1.62744E-02, -1.62818E-02, -1.62851E-02, -1.62842E-02, -1.62791E-02, -1.62698E-02, -1.62563E-02, -1.62388E-02, -1.62171E-02, -1.61914E-02, -1.61618E-02, -1.61282E-02, -1.60908E-02, -1.60495E-02, -1.60047E-02, -1.59562E-02, -1.59041E-02, -1.58487E-02, -1.57900E-02, -1.57281E-02, -1.56630E-02, -1.55950E-02, -1.55242E-02, -1.54506E-02, -1.53744E-02, -1.52957E-02, -1.52147E-02, -1.51314E-02, -1.50460E-02, -1.49586E-02, -1.48694E-02, -1.47785E-02, -1.46860E-02, -1.45919E-02, -1.44966E-02, -1.44000E-02, -1.43022E-02, -1.42035E-02, -1.41039E-02,
 -1.44998E-02, -1.46024E-02, -1.47037E-02, -1.48038E-02, -1.49025E-02, -1.49997E-02, -1.50952E-02, -1.51889E-02, -1.52806E-02, -1.53701E-02, -1.54575E-02, -1.55424E-02, -1.56248E-02, -1.57046E-02, -1.57815E-02, -1.58554E-02, -1.59263E-02, -1.59939E-02, -1.60582E-02, -1.61190E-02, -1.61762E-02, -1.62298E-02, -1.62795E-02, -1.63253E-02, -1.63672E-02, -1.64049E-02, -1.64386E-02, -1.64680E-02, -1.64932E-02, -1.65141E-02, -1.65306E-02, -1.65428E-02, -1.65505E-02, -1.65539E-02, -1.65529E-02, -1.65475E-02, -1.65377E-02, -1.65236E-02, -1.65051E-02, -1.64824E-02, -1.64555E-02, -1.64244E-02, -1.63892E-02, -1.63500E-02, -1.63068E-02, -1.62598E-02, -1.62091E-02, -1.61547E-02, -1.60967E-02, -1.60353E-02, -1.59706E-02, -1.59026E-02, -1.58316E-02, -1.57576E-02, -1.56808E-02, -1.56013E-02, -1.55192E-02, -1.54347E-02, -1.53479E-02, -1.52589E-02, -1.51679E-02, -1.50750E-02, -1.49804E-02, -1.48841E-02, -1.47863E-02, -1.46872E-02, -1.45869E-02, -1.44854E-02, -1.43829E-02, -1.42796E-02,
 -1.46881E-02, -1.47947E-02, -1.49001E-02, -1.50042E-02, -1.51070E-02, -1.52081E-02, -1.53076E-02, -1.54052E-02, -1.55008E-02, -1.55943E-02, -1.56854E-02, -1.57741E-02, -1.58601E-02, -1.59434E-02, -1.60238E-02, -1.61011E-02, -1.61751E-02, -1.62459E-02, -1.63131E-02, -1.63767E-02, -1.64366E-02, -1.64926E-02, -1.65446E-02, -1.65925E-02, -1.66363E-02, -1.66758E-02, -1.67110E-02, -1.67418E-02, -1.67681E-02, -1.67900E-02, -1.68072E-02, -1.68199E-02, -1.68280E-02, -1.68315E-02, -1.68303E-02, -1.68246E-02, -1.68143E-02, -1.67994E-02, -1.67801E-02, -1.67562E-02, -1.67280E-02, -1.66953E-02, -1.66585E-02, -1.66174E-02, -1.65722E-02, -1.65229E-02, -1.64698E-02, -1.64128E-02, -1.63522E-02, -1.62879E-02, -1.62202E-02, -1.61492E-02, -1.60750E-02, -1.59977E-02, -1.59174E-02, -1.58344E-02, -1.57487E-02, -1.56606E-02, -1.55700E-02, -1.54773E-02, -1.53825E-02, -1.52857E-02, -1.51872E-02, -1.50870E-02, -1.49853E-02, -1.48822E-02, -1.47779E-02, -1.46725E-02, -1.45661E-02, -1.44589E-02,
 -1.48806E-02, -1.49914E-02, -1.51010E-02, -1.52094E-02, -1.53164E-02, -1.54218E-02, -1.55255E-02, -1.56272E-02, -1.57270E-02, -1.58245E-02, -1.59196E-02, -1.60122E-02, -1.61021E-02, -1.61892E-02, -1.62732E-02, -1.63540E-02, -1.64315E-02, -1.65055E-02, -1.65758E-02, -1.66424E-02, -1.67050E-02, -1.67637E-02, -1.68181E-02, -1.68683E-02, -1.69142E-02, -1.69556E-02, -1.69924E-02, -1.70246E-02, -1.70521E-02, -1.70749E-02, -1.70930E-02, -1.71062E-02, -1.71146E-02, -1.71182E-02, -1.71170E-02, -1.71109E-02, -1.71000E-02, -1.70844E-02, -1.70640E-02, -1.70389E-02, -1.70093E-02, -1.69750E-02, -1.69364E-02, -1.68933E-02, -1.68459E-02, -1.67943E-02, -1.67386E-02, -1.66790E-02, -1.66154E-02, -1.65482E-02, -1.64774E-02, -1.64031E-02, -1.63254E-02, -1.62446E-02, -1.61608E-02, -1.60741E-02, -1.59846E-02, -1.58926E-02, -1.57981E-02, -1.57014E-02, -1.56025E-02, -1.55017E-02, -1.53991E-02, -1.52948E-02, -1.51890E-02, -1.50818E-02, -1.49733E-02, -1.48638E-02, -1.47533E-02, -1.46420E-02,
 -1.50774E-02, -1.51926E-02, -1.53067E-02, -1.54196E-02, -1.55310E-02, -1.56408E-02, -1.57489E-02, -1.58551E-02, -1.59592E-02, -1.60610E-02, -1.61604E-02, -1.62572E-02, -1.63511E-02, -1.64421E-02, -1.65300E-02, -1.66146E-02, -1.66957E-02, -1.67731E-02, -1.68468E-02, -1.69165E-02, -1.69821E-02, -1.70435E-02, -1.71006E-02, -1.71532E-02, -1.72012E-02, -1.72445E-02, -1.72831E-02, -1.73168E-02, -1.73456E-02, -1.73695E-02, -1.73883E-02, -1.74021E-02, -1.74109E-02, -1.74146E-02, -1.74132E-02, -1.74067E-02, -1.73953E-02, -1.73788E-02, -1.73573E-02, -1.73310E-02, -1.72998E-02, -1.72639E-02, -1.72233E-02, -1.71781E-02, -1.71284E-02, -1.70743E-02, -1.70159E-02, -1.69534E-02, -1.68869E-02, -1.68164E-02, -1.67423E-02, -1.66645E-02, -1.65833E-02, -1.64988E-02, -1.64111E-02, -1.63205E-02, -1.62271E-02, -1.61309E-02, -1.60323E-02, -1.59314E-02, -1.58283E-02, -1.57232E-02, -1.56163E-02, -1.55076E-02, -1.53975E-02, -1.52859E-02, -1.51732E-02, -1.50593E-02, -1.49445E-02, -1.48289E-02,
 -1.52785E-02, -1.53984E-02, -1.55172E-02, -1.56348E-02, -1.57509E-02, -1.58654E-02, -1.59782E-02, -1.60890E-02, -1.61977E-02, -1.63041E-02, -1.64079E-02, -1.65091E-02, -1.66074E-02, -1.67026E-02, -1.67946E-02, -1.68831E-02, -1.69680E-02, -1.70492E-02, -1.71263E-02, -1.71994E-02, -1.72682E-02, -1.73325E-02, -1.73923E-02, -1.74474E-02, -1.74977E-02, -1.75431E-02, -1.75836E-02, -1.76189E-02, -1.76491E-02, -1.76740E-02, -1.76937E-02, -1.77081E-02, -1.77172E-02, -1.77210E-02, -1.77195E-02, -1.77126E-02, -1.77005E-02, -1.76831E-02, -1.76606E-02, -1.76329E-02, -1.76001E-02, -1.75623E-02, -1.75197E-02, -1.74722E-02, -1.74200E-02, -1.73633E-02, -1.73021E-02, -1.72365E-02, -1.71668E-02, -1.70930E-02, -1.70153E-02, -1.69339E-02, -1.68489E-02, -1.67604E-02, -1.66687E-02, -1.65740E-02, -1.64763E-02, -1.63759E-02, -1.62729E-02, -1.61676E-02, -1.60600E-02, -1.59504E-02, -1.58389E-02, -1.57257E-02, -1.56110E-02, -1.54949E-02, -1.53775E-02, -1.52591E-02, -1.51398E-02, -1.50197E-02,
 -1.54842E-02, -1.56090E-02, -1.57327E-02, -1.58552E-02, -1.59763E-02, -1.60958E-02, -1.62135E-02, -1.63292E-02, -1.64428E-02, -1.65539E-02, -1.66625E-02, -1.67684E-02, -1.68712E-02, -1.69709E-02, -1.70672E-02, -1.71600E-02, -1.72490E-02, -1.73340E-02, -1.74149E-02, -1.74915E-02, -1.75636E-02, -1.76311E-02, -1.76938E-02, -1.77516E-02, -1.78043E-02, -1.78520E-02, -1.78943E-02, -1.79313E-02, -1.79629E-02, -1.79891E-02, -1.80097E-02, -1.80247E-02, -1.80342E-02, -1.80381E-02, -1.80363E-02, -1.80291E-02, -1.80162E-02, -1.79979E-02, -1.79741E-02, -1.79450E-02, -1.79105E-02, -1.78708E-02, -1.78260E-02, -1.77761E-02, -1.77213E-02, -1.76617E-02, -1.75975E-02, -1.75287E-02, -1.74556E-02, -1.73782E-02, -1.72968E-02, -1.72115E-02, -1.71224E-02, -1.70299E-02, -1.69339E-02, -1.68348E-02, -1.67326E-02, -1.66277E-02, -1.65201E-02, -1.64100E-02, -1.62977E-02, -1.61834E-02, -1.60671E-02, -1.59491E-02, -1.58296E-02, -1.57087E-02, -1.55866E-02, -1.54634E-02, -1.53394E-02, -1.52146E-02,
 -1.56946E-02, -1.58245E-02, -1.59534E-02, -1.60811E-02, -1.62074E-02, -1.63321E-02, -1.64550E-02, -1.65759E-02, -1.66946E-02, -1.68109E-02, -1.69245E-02, -1.70353E-02, -1.71430E-02, -1.72474E-02, -1.73483E-02, -1.74456E-02, -1.75388E-02, -1.76280E-02, -1.77129E-02, -1.77932E-02, -1.78689E-02, -1.79397E-02, -1.80055E-02, -1.80662E-02, -1.81215E-02, -1.81714E-02, -1.82159E-02, -1.82547E-02, -1.82878E-02, -1.83152E-02, -1.83367E-02, -1.83524E-02, -1.83623E-02, -1.83662E-02, -1.83643E-02, -1.83566E-02, -1.83430E-02, -1.83236E-02, -1.82986E-02, -1.82678E-02, -1.82316E-02, -1.81898E-02, -1.81426E-02, -1.80902E-02, -1.80326E-02, -1.79701E-02, -1.79026E-02, -1.78304E-02, -1.77537E-02, -1.76725E-02, -1.75871E-02, -1.74977E-02, -1.74044E-02, -1.73074E-02, -1.72069E-02, -1.71032E-02, -1.69963E-02, -1.68865E-02, -1.67741E-02, -1.66591E-02, -1.65418E-02, -1.64224E-02, -1.63011E-02, -1.61781E-02, -1.60535E-02, -1.59275E-02, -1.58004E-02, -1.56722E-02, -1.55432E-02, -1.54135E-02,
 -1.59096E-02, -1.60450E-02, -1.61793E-02, -1.63125E-02, -1.64443E-02, -1.65745E-02, -1.67029E-02, -1.68293E-02, -1.69534E-02, -1.70751E-02, -1.71941E-02, -1.73101E-02, -1.74230E-02, -1.75324E-02, -1.76382E-02, -1.77402E-02, -1.78381E-02, -1.79317E-02, -1.80207E-02, -1.81051E-02, -1.81845E-02, -1.82589E-02, -1.83280E-02, -1.83916E-02, -1.84497E-02, -1.85022E-02, -1.85488E-02, -1.85895E-02, -1.86242E-02, -1.86528E-02, -1.86754E-02, -1.86918E-02, -1.87020E-02, -1.87060E-02, -1.87039E-02, -1.86957E-02, -1.86813E-02, -1.86608E-02, -1.86344E-02, -1.86020E-02, -1.85638E-02, -1.85198E-02, -1.84702E-02, -1.84150E-02, -1.83545E-02, -1.82887E-02, -1.82178E-02, -1.81420E-02, -1.80615E-02, -1.79763E-02, -1.78867E-02, -1.77929E-02, -1.76951E-02, -1.75934E-02, -1.74881E-02, -1.73795E-02, -1.72676E-02, -1.71527E-02, -1.70351E-02, -1.69149E-02, -1.67924E-02, -1.66677E-02, -1.65411E-02, -1.64127E-02, -1.62828E-02, -1.61516E-02, -1.60191E-02, -1.58857E-02, -1.57515E-02, -1.56166E-02,
 -1.61295E-02, -1.62706E-02, -1.64107E-02, -1.65497E-02, -1.66873E-02, -1.68233E-02, -1.69575E-02, -1.70897E-02, -1.72196E-02, -1.73470E-02, -1.74716E-02, -1.75932E-02, -1.77115E-02, -1.78263E-02, -1.79373E-02, -1.80444E-02, -1.81471E-02, -1.82454E-02, -1.83389E-02, -1.84276E-02, -1.85110E-02, -1.85891E-02, -1.86617E-02, -1.87286E-02, -1.87896E-02, -1.88447E-02, -1.88936E-02, -1.89363E-02, -1.89727E-02, -1.90027E-02, -1.90263E-02, -1.90434E-02, -1.90540E-02, -1.90581E-02, -1.90558E-02, -1.90470E-02, -1.90317E-02, -1.90101E-02, -1.89821E-02, -1.89480E-02, -1.89077E-02, -1.88613E-02, -1.88091E-02, -1.87511E-02, -1.86874E-02, -1.86182E-02, -1.85437E-02, -1.84641E-02, -1.83794E-02, -1.82900E-02, -1.81959E-02, -1.80975E-02, -1.79948E-02, -1.78882E-02, -1.77779E-02, -1.76640E-02, -1.75469E-02, -1.74266E-02, -1.73035E-02, -1.71778E-02, -1.70497E-02, -1.69194E-02, -1.67872E-02, -1.66532E-02, -1.65177E-02, -1.63809E-02, -1.62429E-02, -1.61040E-02, -1.59643E-02, -1.58240E-02,
 -1.63544E-02, -1.65015E-02, -1.66476E-02, -1.67927E-02, -1.69364E-02, -1.70786E-02, -1.72190E-02, -1.73573E-02, -1.74933E-02, -1.76267E-02, -1.77574E-02, -1.78849E-02, -1.80090E-02, -1.81295E-02, -1.82461E-02, -1.83585E-02, -1.84664E-02, -1.85697E-02, -1.86680E-02, -1.87612E-02, -1.88489E-02, -1.89310E-02, -1.90073E-02, -1.90776E-02, -1.91417E-02, -1.91996E-02, -1.92509E-02, -1.92958E-02, -1.93339E-02, -1.93654E-02, -1.93901E-02, -1.94079E-02, -1.94190E-02, -1.94231E-02, -1.94205E-02, -1.94111E-02, -1.93949E-02, -1.93720E-02, -1.93424E-02, -1.93064E-02, -1.92639E-02, -1.92150E-02, -1.91600E-02, -1.90989E-02, -1.90319E-02, -1.89591E-02, -1.88807E-02, -1.87969E-02, -1.87080E-02, -1.86140E-02, -1.85152E-02, -1.84118E-02, -1.83041E-02, -1.81923E-02, -1.80765E-02, -1.79572E-02, -1.78344E-02, -1.77084E-02, -1.75796E-02, -1.74480E-02, -1.73140E-02, -1.71779E-02, -1.70397E-02, -1.68998E-02, -1.67584E-02, -1.66157E-02, -1.64719E-02, -1.63271E-02, -1.61817E-02, -1.60358E-02,
 -1.65843E-02, -1.67377E-02, -1.68903E-02, -1.70418E-02, -1.71920E-02, -1.73406E-02, -1.74875E-02, -1.76324E-02, -1.77748E-02, -1.79147E-02, -1.80517E-02, -1.81855E-02, -1.83158E-02, -1.84424E-02, -1.85649E-02, -1.86830E-02, -1.87965E-02, -1.89051E-02, -1.90085E-02, -1.91065E-02, -1.91988E-02, -1.92852E-02, -1.93654E-02, -1.94393E-02, -1.95068E-02, -1.95675E-02, -1.96215E-02, -1.96686E-02, -1.97086E-02, -1.97416E-02, -1.97674E-02, -1.97861E-02, -1.97975E-02, -1.98017E-02, -1.97987E-02, -1.97886E-02, -1.97714E-02, -1.97471E-02, -1.97159E-02, -1.96778E-02, -1.96329E-02, -1.95814E-02, -1.95234E-02, -1.94590E-02, -1.93885E-02, -1.93118E-02, -1.92294E-02, -1.91412E-02, -1.90477E-02, -1.89489E-02, -1.88450E-02, -1.87364E-02, -1.86233E-02, -1.85059E-02, -1.83844E-02, -1.82592E-02, -1.81305E-02, -1.79985E-02, -1.78635E-02, -1.77258E-02, -1.75856E-02, -1.74432E-02, -1.72988E-02, -1.71526E-02, -1.70050E-02, -1.68561E-02, -1.67061E-02, -1.65553E-02, -1.64038E-02, -1.62520E-02,
 -1.68195E-02, -1.69795E-02, -1.71388E-02, -1.72971E-02, -1.74541E-02, -1.76097E-02, -1.77634E-02, -1.79152E-02, -1.80645E-02, -1.82113E-02, -1.83550E-02, -1.84955E-02, -1.86324E-02, -1.87654E-02, -1.88942E-02, -1.90185E-02, -1.91379E-02, -1.92522E-02, -1.93610E-02, -1.94641E-02, -1.95613E-02, -1.96522E-02, -1.97367E-02, -1.98145E-02, -1.98854E-02, -1.99493E-02, -2.00060E-02, -2.00555E-02, -2.00975E-02, -2.01320E-02, -2.01590E-02, -2.01785E-02, -2.01903E-02, -2.01945E-02, -2.01912E-02, -2.01804E-02, -2.01620E-02, -2.01363E-02, -2.01032E-02, -2.00630E-02, -2.00156E-02, -1.99612E-02, -1.99000E-02, -1.98322E-02, -1.97578E-02, -1.96771E-02, -1.95902E-02, -1.94975E-02, -1.93990E-02, -1.92951E-02, -1.91859E-02, -1.90717E-02, -1.89529E-02, -1.88295E-02, -1.87020E-02, -1.85706E-02, -1.84355E-02, -1.82971E-02, -1.81557E-02, -1.80114E-02, -1.78646E-02, -1.77156E-02, -1.75646E-02, -1.74118E-02, -1.72576E-02, -1.71022E-02, -1.69458E-02, -1.67886E-02, -1.66308E-02, -1.64726E-02,
 -1.70599E-02, -1.72269E-02, -1.73933E-02, -1.75587E-02, -1.77230E-02, -1.78859E-02, -1.80470E-02, -1.82060E-02, -1.83627E-02, -1.85167E-02, -1.86677E-02, -1.88153E-02, -1.89592E-02, -1.90991E-02, -1.92346E-02, -1.93654E-02, -1.94911E-02, -1.96115E-02, -1.97261E-02, -1.98347E-02, -1.99371E-02, -2.00328E-02, -2.01218E-02, -2.02037E-02, -2.02783E-02, -2.03456E-02, -2.04052E-02, -2.04571E-02, -2.05012E-02, -2.05374E-02, -2.05657E-02, -2.05859E-02, -2.05982E-02, -2.06024E-02, -2.05987E-02, -2.05870E-02, -2.05675E-02, -2.05401E-02, -2.05051E-02, -2.04625E-02, -2.04124E-02, -2.03551E-02, -2.02905E-02, -2.02189E-02, -2.01405E-02, -2.00554E-02, -1.99639E-02, -1.98663E-02, -1.97626E-02, -1.96532E-02, -1.95383E-02, -1.94183E-02, -1.92933E-02, -1.91636E-02, -1.90297E-02, -1.88917E-02, -1.87499E-02, -1.86047E-02, -1.84563E-02, -1.83051E-02, -1.81514E-02, -1.79954E-02, -1.78374E-02, -1.76777E-02, -1.75165E-02, -1.73542E-02, -1.71910E-02, -1.70270E-02, -1.68626E-02, -1.66979E-02,
 -1.73057E-02, -1.74801E-02, -1.76539E-02, -1.78270E-02, -1.79989E-02, -1.81695E-02, -1.83383E-02, -1.85052E-02, -1.86696E-02, -1.88314E-02, -1.89900E-02, -1.91453E-02, -1.92967E-02, -1.94439E-02, -1.95866E-02, -1.97244E-02, -1.98568E-02, -1.99837E-02, -2.01045E-02, -2.02190E-02, -2.03269E-02, -2.04278E-02, -2.05215E-02, -2.06078E-02, -2.06864E-02, -2.07572E-02, -2.08199E-02, -2.08744E-02, -2.09207E-02, -2.09586E-02, -2.09882E-02, -2.10092E-02, -2.10219E-02, -2.10260E-02, -2.10218E-02, -2.10093E-02, -2.09884E-02, -2.09594E-02, -2.09223E-02, -2.08772E-02, -2.08243E-02, -2.07636E-02, -2.06955E-02, -2.06199E-02, -2.05372E-02, -2.04475E-02, -2.03511E-02, -2.02482E-02, -2.01390E-02, -2.00238E-02, -1.99029E-02, -1.97765E-02, -1.96450E-02, -1.95087E-02, -1.93679E-02, -1.92228E-02, -1.90739E-02, -1.89215E-02, -1.87659E-02, -1.86073E-02, -1.84462E-02, -1.82827E-02, -1.81174E-02, -1.79503E-02, -1.77819E-02, -1.76123E-02, -1.74419E-02, -1.72708E-02, -1.70994E-02, -1.69279E-02,
 -1.75570E-02, -1.77392E-02, -1.79209E-02, -1.81020E-02, -1.82820E-02, -1.84608E-02, -1.86378E-02, -1.88129E-02, -1.89856E-02, -1.91556E-02, -1.93225E-02, -1.94858E-02, -1.96453E-02, -1.98004E-02, -1.99507E-02, -2.00960E-02, -2.02356E-02, -2.03694E-02, -2.04969E-02, -2.06177E-02, -2.07314E-02, -2.08379E-02, -2.09367E-02, -2.10277E-02, -2.11105E-02, -2.11849E-02, -2.12509E-02, -2.13082E-02, -2.13568E-02, -2.13965E-02, -2.14274E-02, -2.14493E-02, -2.14623E-02, -2.14664E-02, -2.14616E-02, -2.14481E-02, -2.14258E-02, -2.13949E-02, -2.13555E-02, -2.13078E-02, -2.12518E-02, -2.11877E-02, -2.11157E-02, -2.10359E-02, -2.09487E-02, -2.08541E-02, -2.07524E-02, -2.06439E-02, -2.05288E-02, -2.04074E-02, -2.02801E-02, -2.01470E-02, -2.00086E-02, -1.98652E-02, -1.97170E-02, -1.95646E-02, -1.94081E-02, -1.92480E-02, -1.90846E-02, -1.89182E-02, -1.87492E-02, -1.85780E-02, -1.84048E-02, -1.82299E-02, -1.80538E-02, -1.78765E-02, -1.76986E-02, -1.75201E-02, -1.73413E-02, -1.71625E-02,
 -1.78139E-02, -1.80042E-02, -1.81943E-02, -1.83839E-02, -1.85725E-02, -1.87599E-02, -1.89457E-02, -1.91296E-02, -1.93111E-02, -1.94899E-02, -1.96655E-02, -1.98375E-02, -2.00055E-02, -2.01690E-02, -2.03276E-02, -2.04808E-02, -2.06283E-02, -2.07695E-02, -2.09040E-02, -2.10315E-02, -2.11516E-02, -2.12640E-02, -2.13682E-02, -2.14641E-02, -2.15514E-02, -2.16298E-02, -2.16992E-02, -2.17595E-02, -2.18104E-02, -2.18520E-02, -2.18842E-02, -2.19069E-02, -2.19202E-02, -2.19242E-02, -2.19188E-02, -2.19042E-02, -2.18804E-02, -2.18475E-02, -2.18057E-02, -2.17551E-02, -2.16958E-02, -2.16280E-02, -2.15520E-02, -2.14677E-02, -2.13756E-02, -2.12758E-02, -2.11685E-02, -2.10541E-02, -2.09327E-02, -2.08048E-02, -2.06706E-02, -2.05304E-02, -2.03846E-02, -2.02336E-02, -2.00777E-02, -1.99173E-02, -1.97528E-02, -1.95845E-02, -1.94129E-02, -1.92382E-02, -1.90609E-02, -1.88814E-02, -1.86999E-02, -1.85168E-02, -1.83324E-02, -1.81471E-02, -1.79612E-02, -1.77748E-02, -1.75883E-02, -1.74020E-02,
 -1.80764E-02, -1.82754E-02, -1.84743E-02, -1.86728E-02, -1.88705E-02, -1.90671E-02, -1.92623E-02, -1.94555E-02, -1.96464E-02, -1.98345E-02, -2.00195E-02, -2.02008E-02, -2.03779E-02, -2.05505E-02, -2.07179E-02, -2.08797E-02, -2.10354E-02, -2.11846E-02, -2.13267E-02, -2.14615E-02, -2.15883E-02, -2.17070E-02, -2.18171E-02, -2.19182E-02, -2.20102E-02, -2.20928E-02, -2.21659E-02, -2.22291E-02, -2.22825E-02, -2.23260E-02, -2.23596E-02, -2.23831E-02, -2.23967E-02, -2.24005E-02, -2.23943E-02, -2.23785E-02, -2.23530E-02, -2.23180E-02, -2.22736E-02, -2.22199E-02, -2.21572E-02, -2.20855E-02, -2.20051E-02, -2.19161E-02, -2.18188E-02, -2.17135E-02, -2.16003E-02, -2.14795E-02, -2.13515E-02, -2.12166E-02, -2.10751E-02, -2.09273E-02, -2.07737E-02, -2.06146E-02, -2.04504E-02, -2.02816E-02, -2.01084E-02, -1.99315E-02, -1.97511E-02, -1.95676E-02, -1.93815E-02, -1.91931E-02, -1.90028E-02, -1.88110E-02, -1.86181E-02, -1.84242E-02, -1.82298E-02, -1.80352E-02, -1.78406E-02, -1.76463E-02,
 -1.83446E-02, -1.85528E-02, -1.87610E-02, -1.89690E-02, -1.91764E-02, -1.93827E-02, -1.95877E-02, -1.97909E-02, -1.99918E-02, -2.01900E-02, -2.03850E-02, -2.05762E-02, -2.07631E-02, -2.09453E-02, -2.11222E-02, -2.12932E-02, -2.14579E-02, -2.16156E-02, -2.17659E-02, -2.19084E-02, -2.20425E-02, -2.21679E-02, -2.22842E-02, -2.23910E-02, -2.24880E-02, -2.25750E-02, -2.26518E-02, -2.27183E-02, -2.27742E-02, -2.28197E-02, -2.28546E-02, -2.28789E-02, -2.28928E-02, -2.28962E-02, -2.28892E-02, -2.28720E-02, -2.28447E-02, -2.28073E-02, -2.27601E-02, -2.27032E-02, -2.26368E-02, -2.25609E-02, -2.24759E-02, -2.23819E-02, -2.22792E-02, -2.21679E-02, -2.20484E-02, -2.19210E-02, -2.17859E-02, -2.16435E-02, -2.14942E-02, -2.13384E-02, -2.11764E-02, -2.10087E-02, -2.08357E-02, -2.06578E-02, -2.04756E-02, -2.02893E-02, -2.00996E-02, -1.99067E-02, -1.97113E-02, -1.95135E-02, -1.93139E-02, -1.91129E-02, -1.89108E-02, -1.87079E-02, -1.85047E-02, -1.83013E-02, -1.80982E-02, -1.78955E-02,
 -1.86187E-02, -1.88365E-02, -1.90546E-02, -1.92726E-02, -1.94902E-02, -1.97069E-02, -1.99224E-02, -2.01362E-02, -2.03478E-02, -2.05567E-02, -2.07624E-02, -2.09642E-02, -2.11617E-02, -2.13543E-02, -2.15413E-02, -2.17223E-02, -2.18965E-02, -2.20634E-02, -2.22226E-02, -2.23734E-02, -2.25153E-02, -2.26479E-02, -2.27707E-02, -2.28835E-02, -2.29859E-02, -2.30775E-02, -2.31583E-02, -2.32281E-02, -2.32867E-02, -2.33341E-02, -2.33703E-02, -2.33954E-02, -2.34093E-02, -2.34123E-02, -2.34043E-02, -2.33856E-02, -2.33563E-02, -2.33164E-02, -2.32662E-02, -2.32059E-02, -2.31355E-02, -2.30552E-02, -2.29654E-02, -2.28660E-02, -2.27575E-02, -2.26400E-02, -2.25138E-02, -2.23793E-02, -2.22366E-02, -2.20864E-02, -2.19288E-02, -2.17643E-02, -2.15934E-02, -2.14165E-02, -2.12341E-02, -2.10466E-02, -2.08546E-02, -2.06585E-02, -2.04588E-02, -2.02560E-02, -2.00505E-02, -1.98429E-02, -1.96334E-02, -1.94226E-02, -1.92108E-02, -1.89984E-02, -1.87858E-02, -1.85732E-02, -1.83611E-02, -1.81496E-02,
 -1.88986E-02, -1.91266E-02, -1.93550E-02, -1.95837E-02, -1.98121E-02, -2.00399E-02, -2.02666E-02, -2.04918E-02, -2.07148E-02, -2.09351E-02, -2.11522E-02, -2.13655E-02, -2.15743E-02, -2.17781E-02, -2.19761E-02, -2.21677E-02, -2.23522E-02, -2.25291E-02, -2.26977E-02, -2.28574E-02, -2.30077E-02, -2.31480E-02, -2.32779E-02, -2.33971E-02, -2.35051E-02, -2.36016E-02, -2.36865E-02, -2.37597E-02, -2.38210E-02, -2.38703E-02, -2.39078E-02, -2.39335E-02, -2.39475E-02, -2.39498E-02, -2.39407E-02, -2.39203E-02, -2.38888E-02, -2.38462E-02, -2.37928E-02, -2.37288E-02, -2.36542E-02, -2.35694E-02, -2.34744E-02, -2.33694E-02, -2.32548E-02, -2.31307E-02, -2.29974E-02, -2.28553E-02, -2.27047E-02, -2.25460E-02, -2.23796E-02, -2.22059E-02, -2.20255E-02, -2.18388E-02, -2.16463E-02, -2.14486E-02, -2.12461E-02, -2.10395E-02, -2.08292E-02, -2.06158E-02, -2.03997E-02, -2.01814E-02, -1.99615E-02, -1.97403E-02, -1.95182E-02, -1.92958E-02, -1.90733E-02, -1.88510E-02, -1.86294E-02, -1.84086E-02,
 -1.91844E-02, -1.94231E-02, -1.96625E-02, -1.99025E-02, -2.01424E-02, -2.03820E-02, -2.06206E-02, -2.08578E-02, -2.10930E-02, -2.13257E-02, -2.15551E-02, -2.17806E-02, -2.20017E-02, -2.22174E-02, -2.24272E-02, -2.26303E-02, -2.28260E-02, -2.30136E-02, -2.31924E-02, -2.33617E-02, -2.35210E-02, -2.36696E-02, -2.38071E-02, -2.39330E-02, -2.40469E-02, -2.41486E-02, -2.42379E-02, -2.43145E-02, -2.43784E-02, -2.44297E-02, -2.44684E-02, -2.44946E-02, -2.45084E-02, -2.45099E-02, -2.44995E-02, -2.44772E-02, -2.44432E-02, -2.43977E-02, -2.43409E-02, -2.42730E-02, -2.41940E-02, -2.41043E-02, -2.40039E-02, -2.38930E-02, -2.37719E-02, -2.36409E-02, -2.35001E-02, -2.33500E-02, -2.31909E-02, -2.30232E-02, -2.28474E-02, -2.26640E-02, -2.24734E-02, -2.22762E-02, -2.20730E-02, -2.18643E-02, -2.16507E-02, -2.14328E-02, -2.12112E-02, -2.09864E-02, -2.07590E-02, -2.05295E-02, -2.02984E-02, -2.00662E-02, -1.98333E-02, -1.96002E-02, -1.93672E-02, -1.91347E-02, -1.89031E-02, -1.86727E-02,
 -1.94761E-02, -1.97261E-02, -1.99772E-02, -2.02290E-02, -2.04812E-02, -2.07333E-02, -2.09846E-02, -2.12347E-02, -2.14830E-02, -2.17288E-02, -2.19715E-02, -2.22102E-02, -2.24444E-02, -2.26731E-02, -2.28957E-02, -2.31112E-02, -2.33190E-02, -2.35182E-02, -2.37080E-02, -2.38877E-02, -2.40566E-02, -2.42141E-02, -2.43597E-02, -2.44928E-02, -2.46130E-02, -2.47200E-02, -2.48137E-02, -2.48938E-02, -2.49605E-02, -2.50136E-02, -2.50533E-02, -2.50797E-02, -2.50931E-02, -2.50937E-02, -2.50816E-02, -2.50571E-02, -2.50205E-02, -2.49719E-02, -2.49115E-02, -2.48394E-02, -2.47559E-02, -2.46610E-02, -2.45549E-02, -2.44379E-02, -2.43100E-02, -2.41716E-02, -2.40230E-02, -2.38644E-02, -2.36963E-02, -2.35191E-02, -2.33333E-02, -2.31394E-02, -2.29379E-02, -2.27295E-02, -2.25148E-02, -2.22944E-02, -2.20689E-02, -2.18390E-02, -2.16053E-02, -2.13684E-02, -2.11289E-02, -2.08874E-02, -2.06444E-02, -2.04005E-02, -2.01561E-02, -1.99117E-02, -1.96677E-02, -1.94244E-02, -1.91823E-02, -1.89417E-02,
 -1.97737E-02, -2.00356E-02, -2.02990E-02, -2.05635E-02, -2.08287E-02, -2.10940E-02, -2.13589E-02, -2.16229E-02, -2.18851E-02, -2.21451E-02, -2.24020E-02, -2.26550E-02, -2.29033E-02, -2.31460E-02, -2.33824E-02, -2.36114E-02, -2.38322E-02, -2.40440E-02, -2.42457E-02, -2.44366E-02, -2.46160E-02, -2.47831E-02, -2.49372E-02, -2.50779E-02, -2.52048E-02, -2.53174E-02, -2.54156E-02, -2.54993E-02, -2.55684E-02, -2.56232E-02, -2.56637E-02, -2.56901E-02, -2.57028E-02, -2.57020E-02, -2.56881E-02, -2.56612E-02, -2.56217E-02, -2.55697E-02, -2.55054E-02, -2.54290E-02, -2.53407E-02, -2.52405E-02, -2.51285E-02, -2.50050E-02, -2.48702E-02, -2.47241E-02, -2.45672E-02, -2.43997E-02, -2.42220E-02, -2.40347E-02, -2.38382E-02, -2.36331E-02, -2.34200E-02, -2.31996E-02, -2.29726E-02, -2.27396E-02, -2.25013E-02, -2.22585E-02, -2.20119E-02, -2.17621E-02, -2.15097E-02, -2.12554E-02, -2.09998E-02, -2.07435E-02, -2.04869E-02, -2.02305E-02, -1.99748E-02, -1.97202E-02, -1.94670E-02, -1.92156E-02,
 -2.00772E-02, -2.03516E-02, -2.06281E-02, -2.09060E-02, -2.11849E-02, -2.14644E-02, -2.17438E-02, -2.20225E-02, -2.22998E-02, -2.25750E-02, -2.28471E-02, -2.31155E-02, -2.33791E-02, -2.36371E-02, -2.38884E-02, -2.41321E-02, -2.43671E-02, -2.45924E-02, -2.48071E-02, -2.50102E-02, -2.52008E-02, -2.53781E-02, -2.55415E-02, -2.56903E-02, -2.58241E-02, -2.59425E-02, -2.60453E-02, -2.61324E-02, -2.62039E-02, -2.62600E-02, -2.63010E-02, -2.63271E-02, -2.63387E-02, -2.63362E-02, -2.63199E-02, -2.62903E-02, -2.62475E-02, -2.61919E-02, -2.61236E-02, -2.60427E-02, -2.59494E-02, -2.58438E-02, -2.57258E-02, -2.55957E-02, -2.54535E-02, -2.52994E-02, -2.51338E-02, -2.49569E-02, -2.47692E-02, -2.45711E-02, -2.43632E-02, -2.41462E-02, -2.39207E-02, -2.36874E-02, -2.34471E-02, -2.32006E-02, -2.29487E-02, -2.26921E-02, -2.24315E-02, -2.21679E-02, -2.19017E-02, -2.16338E-02, -2.13648E-02, -2.10952E-02, -2.08256E-02, -2.05566E-02, -2.02886E-02, -2.00219E-02, -1.97571E-02, -1.94944E-02,
 -2.03864E-02, -2.06742E-02, -2.09643E-02, -2.12565E-02, -2.15501E-02, -2.18446E-02, -2.21395E-02, -2.24340E-02, -2.27274E-02, -2.30189E-02, -2.33076E-02, -2.35926E-02, -2.38728E-02, -2.41472E-02, -2.44148E-02, -2.46744E-02, -2.49248E-02, -2.51649E-02, -2.53937E-02, -2.56100E-02, -2.58128E-02, -2.60012E-02, -2.61745E-02, -2.63319E-02, -2.64729E-02, -2.65971E-02, -2.67045E-02, -2.67949E-02, -2.68685E-02, -2.69256E-02, -2.69665E-02, -2.69917E-02, -2.70017E-02, -2.69969E-02, -2.69780E-02, -2.69452E-02, -2.68989E-02, -2.68394E-02, -2.67669E-02, -2.66814E-02, -2.65831E-02, -2.64719E-02, -2.63478E-02, -2.62109E-02, -2.60612E-02, -2.58989E-02, -2.57242E-02, -2.55374E-02, -2.53390E-02, -2.51295E-02, -2.49095E-02, -2.46797E-02, -2.44409E-02, -2.41938E-02, -2.39393E-02, -2.36783E-02, -2.34116E-02, -2.31402E-02, -2.28648E-02, -2.25862E-02, -2.23054E-02, -2.20229E-02, -2.17395E-02, -2.14559E-02, -2.11725E-02, -2.08901E-02, -2.06090E-02, -2.03297E-02, -2.00526E-02, -1.97781E-02,
 -2.07014E-02, -2.10031E-02, -2.13078E-02, -2.16150E-02, -2.19242E-02, -2.22348E-02, -2.25462E-02, -2.28577E-02, -2.31684E-02, -2.34775E-02, -2.37840E-02, -2.40869E-02, -2.43851E-02, -2.46775E-02, -2.49628E-02, -2.52397E-02, -2.55069E-02, -2.57632E-02, -2.60073E-02, -2.62380E-02, -2.64540E-02, -2.66544E-02, -2.68382E-02, -2.70047E-02, -2.71532E-02, -2.72835E-02, -2.73953E-02, -2.74887E-02, -2.75639E-02, -2.76214E-02, -2.76616E-02, -2.76852E-02, -2.76928E-02, -2.76852E-02, -2.76630E-02, -2.76265E-02, -2.75764E-02, -2.75128E-02, -2.74360E-02, -2.73459E-02, -2.72425E-02, -2.71258E-02, -2.69956E-02, -2.68519E-02, -2.66946E-02, -2.65238E-02, -2.63397E-02, -2.61426E-02, -2.59330E-02, -2.57114E-02, -2.54785E-02, -2.52350E-02, -2.49818E-02, -2.47198E-02, -2.44500E-02, -2.41734E-02, -2.38909E-02, -2.36035E-02, -2.33121E-02, -2.30176E-02, -2.27210E-02, -2.24229E-02, -2.21243E-02, -2.18256E-02, -2.15277E-02, -2.12310E-02, -2.09361E-02, -2.06435E-02, -2.03535E-02, -2.00665E-02,
 -2.10219E-02, -2.13384E-02, -2.16585E-02, -2.19816E-02, -2.23074E-02, -2.26351E-02, -2.29641E-02, -2.32938E-02, -2.36231E-02, -2.39511E-02, -2.42769E-02, -2.45993E-02, -2.49171E-02, -2.52289E-02, -2.55335E-02, -2.58294E-02, -2.61150E-02, -2.63891E-02, -2.66499E-02, -2.68963E-02, -2.71267E-02, -2.73400E-02, -2.75352E-02, -2.77113E-02, -2.78676E-02, -2.80039E-02, -2.81199E-02, -2.82158E-02, -2.82919E-02, -2.83489E-02, -2.83875E-02, -2.84086E-02, -2.84130E-02, -2.84016E-02, -2.83754E-02, -2.83348E-02, -2.82804E-02, -2.82126E-02, -2.81314E-02, -2.80367E-02, -2.79285E-02, -2.78064E-02, -2.76703E-02, -2.75199E-02, -2.73550E-02, -2.71756E-02, -2.69819E-02, -2.67741E-02, -2.65526E-02, -2.63182E-02, -2.60714E-02, -2.58133E-02, -2.55447E-02, -2.52667E-02, -2.49804E-02, -2.46869E-02, -2.43873E-02, -2.40827E-02, -2.37741E-02, -2.34625E-02, -2.31489E-02, -2.28342E-02, -2.25192E-02, -2.22046E-02, -2.18911E-02, -2.15794E-02, -2.12699E-02, -2.09632E-02, -2.06596E-02, -2.03595E-02,
 -2.13478E-02, -2.16798E-02, -2.20161E-02, -2.23562E-02, -2.26995E-02, -2.30455E-02, -2.33934E-02, -2.37425E-02, -2.40918E-02, -2.44403E-02, -2.47870E-02, -2.51305E-02, -2.54695E-02, -2.58027E-02, -2.61284E-02, -2.64450E-02, -2.67509E-02, -2.70444E-02, -2.73237E-02, -2.75873E-02, -2.78334E-02, -2.80608E-02, -2.82681E-02, -2.84543E-02, -2.86187E-02, -2.87608E-02, -2.88806E-02, -2.89783E-02, -2.90544E-02, -2.91098E-02, -2.91455E-02, -2.91627E-02, -2.91627E-02, -2.91465E-02, -2.91153E-02, -2.90699E-02, -2.90109E-02, -2.89387E-02, -2.88531E-02, -2.87542E-02, -2.86415E-02, -2.85146E-02, -2.83729E-02, -2.82161E-02, -2.80438E-02, -2.78559E-02, -2.76523E-02, -2.74334E-02, -2.71996E-02, -2.69515E-02, -2.66900E-02, -2.64161E-02, -2.61309E-02, -2.58356E-02, -2.55315E-02, -2.52197E-02, -2.49016E-02, -2.45784E-02, -2.42513E-02, -2.39213E-02, -2.35896E-02, -2.32570E-02, -2.29245E-02, -2.25929E-02, -2.22629E-02, -2.19352E-02, -2.16103E-02, -2.12887E-02, -2.09708E-02, -2.06570E-02,
 -2.16789E-02, -2.20273E-02, -2.23807E-02, -2.27386E-02, -2.31006E-02, -2.34660E-02, -2.38341E-02, -2.42040E-02, -2.45749E-02, -2.49455E-02, -2.53147E-02, -2.56812E-02, -2.60435E-02, -2.63999E-02, -2.67488E-02, -2.70883E-02, -2.74165E-02, -2.77314E-02, -2.80311E-02, -2.83135E-02, -2.85769E-02, -2.88196E-02, -2.90400E-02, -2.92369E-02, -2.94095E-02, -2.95573E-02, -2.96802E-02, -2.97786E-02, -2.98533E-02, -2.99055E-02, -2.99366E-02, -2.99483E-02, -2.99421E-02, -2.99196E-02, -2.98824E-02, -2.98314E-02, -2.97673E-02, -2.96906E-02, -2.96011E-02, -2.94984E-02, -2.93819E-02, -2.92509E-02, -2.91045E-02, -2.89419E-02, -2.87627E-02, -2.85664E-02, -2.83530E-02, -2.81226E-02, -2.78758E-02, -2.76133E-02, -2.73360E-02, -2.70452E-02, -2.67420E-02, -2.64280E-02, -2.61045E-02, -2.57729E-02, -2.54348E-02, -2.50915E-02, -2.47443E-02, -2.43945E-02, -2.40432E-02, -2.36915E-02, -2.33404E-02, -2.29906E-02, -2.26431E-02, -2.22984E-02, -2.19571E-02, -2.16198E-02, -2.12869E-02, -2.09587E-02,
 -2.20148E-02, -2.23804E-02, -2.27518E-02, -2.31287E-02, -2.35105E-02, -2.38966E-02, -2.42863E-02, -2.46786E-02, -2.50726E-02, -2.54671E-02, -2.58608E-02, -2.62523E-02, -2.66399E-02, -2.70219E-02, -2.73963E-02, -2.77610E-02, -2.81138E-02, -2.84524E-02, -2.87746E-02, -2.90780E-02, -2.93604E-02, -2.96198E-02, -2.98544E-02, -3.00626E-02, -3.02435E-02, -3.03964E-02, -3.05215E-02, -3.06192E-02, -3.06907E-02, -3.07375E-02, -3.07616E-02, -3.07653E-02, -3.07508E-02, -3.07202E-02, -3.06754E-02, -3.06178E-02, -3.05483E-02, -3.04672E-02, -3.03743E-02, -3.02688E-02, -3.01497E-02, -3.00158E-02, -2.98658E-02, -2.96986E-02, -2.95132E-02, -2.93090E-02, -2.90859E-02, -2.88438E-02, -2.85835E-02, -2.83057E-02, -2.80115E-02, -2.77023E-02, -2.73797E-02, -2.70453E-02, -2.67007E-02, -2.63476E-02, -2.59877E-02, -2.56226E-02, -2.52537E-02, -2.48825E-02, -2.45102E-02, -2.41379E-02, -2.37668E-02, -2.33977E-02, -2.30315E-02, -2.26688E-02, -2.23103E-02, -2.19564E-02, -2.16077E-02, -2.12644E-02,
 -2.23552E-02, -2.27389E-02, -2.31293E-02, -2.35262E-02, -2.39291E-02, -2.43372E-02, -2.47498E-02, -2.51662E-02, -2.55851E-02, -2.60054E-02, -2.64257E-02, -2.68445E-02, -2.72599E-02, -2.76699E-02, -2.80723E-02, -2.84649E-02, -2.88451E-02, -2.92101E-02, -2.95574E-02, -2.98841E-02, -3.01876E-02, -3.04654E-02, -3.07153E-02, -3.09355E-02, -3.11247E-02, -3.12822E-02, -3.14080E-02, -3.15030E-02, -3.15686E-02, -3.16070E-02, -3.16209E-02, -3.16134E-02, -3.15875E-02, -3.15462E-02, -3.14920E-02, -3.14266E-02, -3.13513E-02, -3.12662E-02, -3.11709E-02, -3.10641E-02, -3.09443E-02, -3.08094E-02, -3.06577E-02, -3.04874E-02, -3.02971E-02, -3.00859E-02, -2.98534E-02, -2.95996E-02, -2.93251E-02, -2.90310E-02, -2.87186E-02, -2.83896E-02, -2.80458E-02, -2.76891E-02, -2.73215E-02, -2.69449E-02, -2.65613E-02, -2.61725E-02, -2.57801E-02, -2.53857E-02, -2.49907E-02, -2.45964E-02, -2.42039E-02, -2.38142E-02, -2.34280E-02, -2.30463E-02, -2.26695E-02, -2.22983E-02, -2.19329E-02, -2.15738E-02,
 -2.26998E-02, -2.31023E-02, -2.35128E-02, -2.39308E-02, -2.43559E-02, -2.47875E-02, -2.52247E-02, -2.56668E-02, -2.61125E-02, -2.65608E-02, -2.70100E-02, -2.74584E-02, -2.79042E-02, -2.83451E-02, -2.87787E-02, -2.92022E-02, -2.96128E-02, -3.00074E-02, -3.03827E-02, -3.07356E-02, -3.10627E-02, -3.13609E-02, -3.16276E-02, -3.18605E-02, -3.20579E-02, -3.22189E-02, -3.23435E-02, -3.24330E-02, -3.24892E-02, -3.25151E-02, -3.25144E-02, -3.24913E-02, -3.24499E-02, -3.23945E-02, -3.23282E-02, -3.22537E-02, -3.21722E-02, -3.20839E-02, -3.19878E-02, -3.18822E-02, -3.17643E-02, -3.16315E-02, -3.14809E-02, -3.13099E-02, -3.11166E-02, -3.08996E-02, -3.06583E-02, -3.03928E-02, -3.01036E-02, -2.97922E-02, -2.94601E-02, -2.91094E-02, -2.87424E-02, -2.83612E-02, -2.79684E-02, -2.75661E-02, -2.71566E-02, -2.67419E-02, -2.63240E-02, -2.59045E-02, -2.54851E-02, -2.50670E-02, -2.46516E-02, -2.42398E-02, -2.38326E-02, -2.34306E-02, -2.30346E-02, -2.26450E-02, -2.22622E-02, -2.18866E-02,
 -2.30479E-02, -2.34703E-02, -2.39018E-02, -2.43421E-02, -2.47907E-02, -2.52471E-02, -2.57106E-02, -2.61802E-02, -2.66549E-02, -2.71333E-02, -2.76139E-02, -2.80948E-02, -2.85739E-02, -2.90489E-02, -2.95169E-02, -2.99749E-02, -3.04196E-02, -3.08474E-02, -3.12544E-02, -3.16367E-02, -3.19903E-02, -3.23115E-02, -3.25968E-02, -3.28432E-02, -3.30485E-02, -3.32117E-02, -3.33327E-02, -3.34128E-02, -3.34547E-02, -3.34624E-02, -3.34410E-02, -3.33962E-02, -3.33338E-02, -3.32595E-02, -3.31779E-02, -3.30923E-02, -3.30045E-02, -3.29144E-02, -3.28203E-02, -3.27194E-02, -3.26077E-02, -3.24812E-02, -3.23356E-02, -3.21675E-02, -3.19739E-02, -3.17531E-02, -3.15040E-02, -3.12268E-02, -3.09224E-02, -3.05924E-02, -3.02389E-02, -2.98644E-02, -2.94718E-02, -2.90637E-02, -2.86430E-02, -2.82124E-02, -2.77745E-02, -2.73316E-02, -2.68858E-02, -2.64392E-02, -2.59933E-02, -2.55498E-02, -2.51098E-02, -2.46745E-02, -2.42448E-02, -2.38215E-02, -2.34051E-02, -2.29962E-02, -2.25952E-02, -2.22023E-02,
 -2.33990E-02, -2.38421E-02, -2.42956E-02, -2.47593E-02, -2.52329E-02, -2.57157E-02, -2.62071E-02, -2.67062E-02, -2.72120E-02, -2.77230E-02, -2.82377E-02, -2.87541E-02, -2.92699E-02, -2.97824E-02, -3.02887E-02, -3.07853E-02, -3.12683E-02, -3.17335E-02, -3.21764E-02, -3.25922E-02, -3.29761E-02, -3.33233E-02, -3.36293E-02, -3.38904E-02, -3.41035E-02, -3.42670E-02, -3.43808E-02, -3.44465E-02, -3.44675E-02, -3.44493E-02, -3.43987E-02, -3.43237E-02, -3.42324E-02, -3.41328E-02, -3.40312E-02, -3.39324E-02, -3.38384E-02, -3.37488E-02, -3.36609E-02, -3.35702E-02, -3.34710E-02, -3.33570E-02, -3.32223E-02, -3.30619E-02, -3.28719E-02, -3.26498E-02, -3.23944E-02, -3.21058E-02, -3.17855E-02, -3.14354E-02, -3.10584E-02, -3.06576E-02, -3.02366E-02, -2.97986E-02, -2.93471E-02, -2.88852E-02, -2.84160E-02, -2.79422E-02, -2.74661E-02, -2.69900E-02, -2.65156E-02, -2.60446E-02, -2.55783E-02, -2.51180E-02, -2.46644E-02, -2.42184E-02, -2.37806E-02, -2.33515E-02, -2.29314E-02, -2.25205E-02,
 -2.37524E-02, -2.42171E-02, -2.46937E-02, -2.51820E-02, -2.56818E-02, -2.61926E-02, -2.67137E-02, -2.72444E-02, -2.77835E-02, -2.83298E-02, -2.88815E-02, -2.94366E-02, -2.99927E-02, -3.05469E-02, -3.10958E-02, -3.16356E-02, -3.21618E-02, -3.26696E-02, -3.31535E-02, -3.36077E-02, -3.40264E-02, -3.44035E-02, -3.47331E-02, -3.50103E-02, -3.52310E-02, -3.53926E-02, -3.54946E-02, -3.55390E-02, -3.55302E-02, -3.54753E-02, -3.53838E-02, -3.52666E-02, -3.51355E-02, -3.50015E-02, -3.48738E-02, -3.47588E-02, -3.46592E-02, -3.45740E-02, -3.44988E-02, -3.44267E-02, -3.43489E-02, -3.42565E-02, -3.41410E-02, -3.39953E-02, -3.38142E-02, -3.35943E-02, -3.33344E-02, -3.30349E-02, -3.26977E-02, -3.23257E-02, -3.19226E-02, -3.14925E-02, -3.10396E-02, -3.05682E-02, -3.00824E-02, -2.95859E-02, -2.90822E-02, -2.85744E-02, -2.80652E-02, -2.75570E-02, -2.70517E-02, -2.65512E-02, -2.60568E-02, -2.55697E-02, -2.50908E-02, -2.46210E-02, -2.41606E-02, -2.37102E-02, -2.32701E-02, -2.28405E-02,
 -2.41074E-02, -2.45945E-02, -2.50952E-02, -2.56093E-02, -2.61367E-02, -2.66770E-02, -2.72297E-02, -2.77940E-02, -2.83690E-02, -2.89533E-02, -2.95451E-02, -3.01426E-02, -3.07430E-02, -3.13433E-02, -3.19397E-02, -3.25281E-02, -3.31032E-02, -3.36595E-02, -3.41906E-02, -3.46894E-02, -3.51485E-02, -3.55604E-02, -3.59175E-02, -3.62130E-02, -3.64411E-02, -3.65981E-02, -3.66826E-02, -3.66965E-02, -3.66456E-02, -3.65392E-02, -3.63902E-02, -3.62140E-02, -3.60274E-02, -3.58462E-02, -3.56836E-02, -3.55488E-02, -3.54451E-02, -3.53706E-02, -3.53182E-02, -3.52770E-02, -3.52342E-02, -3.51765E-02, -3.50918E-02, -3.49704E-02, -3.48052E-02, -3.45923E-02, -3.43303E-02, -3.40202E-02, -3.36649E-02, -3.32685E-02, -3.28361E-02, -3.23727E-02, -3.18840E-02, -3.13751E-02, -3.08508E-02, -3.03158E-02, -2.97739E-02, -2.92287E-02, -2.86833E-02, -2.81402E-02, -2.76016E-02, -2.70693E-02, -2.65448E-02, -2.60292E-02, -2.55235E-02, -2.50284E-02, -2.45444E-02, -2.40718E-02, -2.36109E-02, -2.31617E-02,
 -2.44630E-02, -2.49734E-02, -2.54991E-02, -2.60401E-02, -2.65965E-02, -2.71679E-02, -2.77541E-02, -2.83542E-02, -2.89676E-02, -2.95928E-02, -3.02282E-02, -3.08718E-02, -3.15209E-02, -3.21723E-02, -3.28218E-02, -3.34648E-02, -3.40956E-02, -3.47076E-02, -3.52932E-02, -3.58440E-02, -3.63509E-02, -3.68041E-02, -3.71939E-02, -3.75108E-02, -3.77468E-02, -3.78960E-02, -3.79555E-02, -3.79270E-02, -3.78174E-02, -3.76388E-02, -3.74089E-02, -3.71497E-02, -3.68850E-02, -3.66380E-02, -3.64282E-02, -3.62686E-02, -3.61639E-02, -3.61102E-02, -3.60961E-02, -3.61047E-02, -3.61166E-02, -3.61124E-02, -3.60750E-02, -3.59910E-02, -3.58513E-02, -3.56512E-02, -3.53898E-02, -3.50694E-02, -3.46942E-02, -3.42702E-02, -3.38041E-02, -3.33028E-02, -3.27732E-02, -3.22217E-02, -3.16542E-02, -3.10760E-02, -3.04918E-02, -2.99054E-02, -2.93203E-02, -2.87393E-02, -2.81646E-02, -2.75982E-02, -2.70416E-02, -2.64958E-02, -2.59617E-02, -2.54400E-02, -2.49312E-02, -2.44354E-02, -2.39529E-02, -2.34835E-02,
 -2.48183E-02, -2.53527E-02, -2.59043E-02, -2.64734E-02, -2.70601E-02, -2.76642E-02, -2.82857E-02, -2.89239E-02, -2.95782E-02, -3.02474E-02, -3.09299E-02, -3.16239E-02, -3.23265E-02, -3.30343E-02, -3.37432E-02, -3.44478E-02, -3.51420E-02, -3.58180E-02, -3.64672E-02, -3.70793E-02, -3.76431E-02, -3.81463E-02, -3.85758E-02, -3.89191E-02, -3.91643E-02, -3.93024E-02, -3.93280E-02, -3.92414E-02, -3.90505E-02, -3.87709E-02, -3.84269E-02, -3.80495E-02, -3.76735E-02, -3.73335E-02, -3.70586E-02, -3.68680E-02, -3.67678E-02, -3.67512E-02, -3.67996E-02, -3.68865E-02, -3.69824E-02, -3.70589E-02, -3.70917E-02, -3.70628E-02, -3.69609E-02, -3.67810E-02, -3.65233E-02, -3.61921E-02, -3.57942E-02, -3.53380E-02, -3.48327E-02, -3.42874E-02, -3.37108E-02, -3.31107E-02, -3.24943E-02, -3.18678E-02, -3.12365E-02, -3.06047E-02, -2.99762E-02, -2.93539E-02, -2.87403E-02, -2.81373E-02, -2.75463E-02, -2.69684E-02, -2.64045E-02, -2.58549E-02, -2.53201E-02, -2.48002E-02, -2.42952E-02, -2.38050E-02,
 -2.51722E-02, -2.57313E-02, -2.63097E-02, -2.69079E-02, -2.75261E-02, -2.81645E-02, -2.88230E-02, -2.95015E-02, -3.01994E-02, -3.09157E-02, -3.16492E-02, -3.23978E-02, -3.31590E-02, -3.39293E-02, -3.47044E-02, -3.54786E-02, -3.62450E-02, -3.69951E-02, -3.77187E-02, -3.84036E-02, -3.90361E-02, -3.96004E-02, -4.00798E-02, -4.04568E-02, -4.07146E-02, -4.08388E-02, -4.08198E-02, -4.06552E-02, -4.03525E-02, -3.99317E-02, -3.94255E-02, -3.88782E-02, -3.83415E-02, -3.78676E-02, -3.75009E-02, -3.72706E-02, -3.71853E-02, -3.72323E-02, -3.73811E-02, -3.75899E-02, -3.78135E-02, -3.80098E-02, -3.81448E-02, -3.81948E-02, -3.81463E-02, -3.79951E-02, -3.77439E-02, -3.74004E-02, -3.69752E-02, -3.64806E-02, -3.59288E-02, -3.53318E-02, -3.47005E-02, -3.40447E-02, -3.33728E-02, -3.26920E-02, -3.20081E-02, -3.13262E-02, -3.06502E-02, -2.99832E-02, -2.93277E-02, -2.86855E-02, -2.80580E-02, -2.74461E-02, -2.68507E-02, -2.62719E-02, -2.57100E-02, -2.51651E-02, -2.46369E-02, -2.41253E-02,
 -2.55234E-02, -2.61077E-02, -2.67137E-02, -2.73419E-02, -2.79929E-02, -2.86670E-02, -2.93644E-02, -3.00854E-02, -3.08294E-02, -3.15961E-02, -3.23841E-02, -3.31920E-02, -3.40173E-02, -3.48566E-02, -3.57054E-02, -3.65581E-02, -3.74070E-02, -3.82427E-02, -3.90537E-02, -3.98256E-02, -4.05417E-02, -4.11823E-02, -4.17255E-02, -4.21476E-02, -4.24244E-02, -4.25338E-02, -4.24587E-02, -4.21908E-02, -4.17359E-02, -4.11173E-02, -4.03791E-02, -3.95847E-02, -3.88117E-02, -3.81408E-02, -3.76418E-02, -3.73602E-02, -3.73081E-02, -3.74625E-02, -3.77724E-02, -3.81706E-02, -3.85870E-02, -3.89596E-02, -3.92410E-02, -3.94010E-02, -3.94252E-02, -3.93118E-02, -3.90687E-02, -3.87092E-02, -3.82498E-02, -3.77077E-02, -3.70997E-02, -3.64413E-02, -3.57462E-02, -3.50261E-02, -3.42909E-02, -3.35489E-02, -3.28066E-02, -3.20695E-02, -3.13415E-02, -3.06260E-02, -2.99254E-02, -2.92413E-02, -2.85751E-02, -2.79275E-02, -2.72990E-02, -2.66898E-02, -2.60998E-02, -2.55290E-02, -2.49769E-02, -2.44433E-02,
 -2.58705E-02, -2.64807E-02, -2.71149E-02, -2.77739E-02, -2.84586E-02, -2.91697E-02, -2.99078E-02, -3.06732E-02, -3.14660E-02, -3.22861E-02, -3.31326E-02, -3.40045E-02, -3.48994E-02, -3.58145E-02, -3.67454E-02, -3.76863E-02, -3.86292E-02, -3.95641E-02, -4.04779E-02, -4.13542E-02, -4.21729E-02, -4.29097E-02, -4.35363E-02, -4.40206E-02, -4.43286E-02, -4.44261E-02, -4.42838E-02, -4.38827E-02, -4.32218E-02, -4.23263E-02, -4.12535E-02, -4.00947E-02, -3.89676E-02, -3.79999E-02, -3.73048E-02, -3.69559E-02, -3.69700E-02, -3.73054E-02, -3.78749E-02, -3.85681E-02, -3.92756E-02, -3.99057E-02, -4.03939E-02, -4.07038E-02, -4.08228E-02, -4.07559E-02, -4.05198E-02, -4.01371E-02, -3.96326E-02, -3.90306E-02, -3.83537E-02, -3.76216E-02, -3.68512E-02, -3.60566E-02, -3.52493E-02, -3.44384E-02, -3.36312E-02, -3.28332E-02, -3.20487E-02, -3.12808E-02, -3.05318E-02, -2.98032E-02, -2.90960E-02, -2.84109E-02, -2.77479E-02, -2.71070E-02, -2.64881E-02, -2.58906E-02, -2.53141E-02, -2.47580E-02,
 -2.62122E-02, -2.68485E-02, -2.75114E-02, -2.82019E-02, -2.89213E-02, -2.96706E-02, -3.04507E-02, -3.12624E-02, -3.21064E-02, -3.29829E-02, -3.38917E-02, -3.48322E-02, -3.58027E-02, -3.68007E-02, -3.78223E-02, -3.88620E-02, -3.99118E-02, -4.09612E-02, -4.19960E-02, -4.29977E-02, -4.39428E-02, -4.48019E-02, -4.55389E-02, -4.61115E-02, -4.64715E-02, -4.65677E-02, -4.63511E-02, -4.57832E-02, -4.48475E-02, -4.35647E-02, -4.20060E-02, -4.03011E-02, -3.86314E-02, -3.72042E-02, -3.62090E-02, -3.57697E-02, -3.59108E-02, -3.65541E-02, -3.75462E-02, -3.87024E-02, -3.98496E-02, -4.08537E-02, -4.16297E-02, -4.21385E-02, -4.23758E-02, -4.23609E-02, -4.21256E-02, -4.17065E-02, -4.11404E-02, -4.04613E-02, -3.96987E-02, -3.88776E-02, -3.80184E-02, -3.71375E-02, -3.62479E-02, -3.53596E-02, -3.44803E-02, -3.36155E-02, -3.27696E-02, -3.19453E-02, -3.11447E-02, -3.03690E-02, -2.96188E-02, -2.88944E-02, -2.81956E-02, -2.75220E-02, -2.68732E-02, -2.62485E-02, -2.56470E-02, -2.50681E-02,
 -2.65469E-02, -2.72095E-02, -2.79014E-02, -2.86239E-02, -2.93786E-02, -3.01670E-02, -3.09904E-02, -3.18501E-02, -3.27474E-02, -3.36831E-02, -3.46577E-02, -3.56713E-02, -3.67230E-02, -3.78112E-02, -3.89327E-02, -4.00824E-02, -4.12532E-02, -4.24342E-02, -4.36108E-02, -4.47630E-02, -4.58640E-02, -4.68791E-02, -4.77636E-02, -4.84623E-02, -4.89090E-02, -4.90283E-02, -4.87408E-02, -4.79737E-02, -4.66789E-02, -4.48571E-02, -4.25876E-02, -4.00507E-02, -3.75281E-02, -3.53657E-02, -3.38939E-02, -3.33310E-02, -3.37135E-02, -3.48900E-02, -3.65815E-02, -3.84714E-02, -4.02842E-02, -4.18272E-02, -4.29962E-02, -4.37600E-02, -4.41366E-02, -4.41713E-02, -4.39210E-02, -4.34435E-02, -4.27920E-02, -4.20124E-02, -4.11427E-02, -4.02136E-02, -3.92493E-02, -3.82686E-02, -3.72854E-02, -3.63104E-02, -3.53514E-02, -3.44138E-02, -3.35015E-02, -3.26170E-02, -3.17616E-02, -3.09363E-02, -3.01411E-02, -2.93759E-02, -2.86401E-02, -2.79329E-02, -2.72536E-02, -2.66011E-02, -2.59744E-02, -2.53724E-02,
 -2.68728E-02, -2.75618E-02, -2.82828E-02, -2.90376E-02, -2.98281E-02, -3.06561E-02, -3.15238E-02, -3.24328E-02, -3.33852E-02, -3.43825E-02, -3.54261E-02, -3.65170E-02, -3.76554E-02, -3.88408E-02, -4.00712E-02, -4.13427E-02, -4.26491E-02, -4.39806E-02, -4.53226E-02, -4.66544E-02, -4.79469E-02, -4.91605E-02, -5.02418E-02, -5.11211E-02, -5.17097E-02, -5.18995E-02, -5.15661E-02, -5.05803E-02, -4.88318E-02, -4.62692E-02, -4.29562E-02, -3.91293E-02, -3.52270E-02, -3.18423E-02, -2.95782E-02, -2.88424E-02, -2.96902E-02, -3.18151E-02, -3.46886E-02, -3.77548E-02, -4.05757E-02, -4.28859E-02, -4.45772E-02, -4.56526E-02, -4.61776E-02, -4.62443E-02, -4.59486E-02, -4.53779E-02, -4.46067E-02, -4.36955E-02, -4.26917E-02, -4.16321E-02, -4.05440E-02, -3.94481E-02, -3.83590E-02, -3.72876E-02, -3.62411E-02, -3.52245E-02, -3.42410E-02, -3.32923E-02, -3.23793E-02, -3.15021E-02, -3.06602E-02, -2.98529E-02, -2.90791E-02, -2.83377E-02, -2.76273E-02, -2.69467E-02, -2.62945E-02, -2.56694E-02,
 -2.71884E-02, -2.79035E-02, -2.86535E-02, -2.94405E-02, -3.02669E-02, -3.11350E-02, -3.20474E-02, -3.30067E-02, -3.40155E-02, -3.50763E-02, -3.61916E-02, -3.73635E-02, -3.85935E-02, -3.98827E-02, -4.12307E-02, -4.26355E-02, -4.40927E-02, -4.55942E-02, -4.71271E-02, -4.86714E-02, -5.01972E-02, -5.16616E-02, -5.30037E-02, -5.41391E-02, -5.49537E-02, -5.52978E-02, -5.49843E-02, -5.37953E-02, -5.15081E-02, -4.79523E-02, -4.31105E-02, -3.72517E-02, -3.10438E-02, -2.55322E-02, -2.18772E-02, -2.08937E-02, -2.26676E-02, -2.65400E-02, -3.14625E-02, -3.64365E-02, -4.07778E-02, -4.41572E-02, -4.65136E-02, -4.79406E-02, -4.85967E-02, -4.86510E-02, -4.82565E-02, -4.75403E-02, -4.66026E-02, -4.55199E-02, -4.43494E-02, -4.31326E-02, -4.18997E-02, -4.06720E-02, -3.94641E-02, -3.82861E-02, -3.71444E-02, -3.60428E-02, -3.49835E-02, -3.39673E-02, -3.29941E-02, -3.20630E-02, -3.11730E-02, -3.03226E-02, -2.95102E-02, -2.87340E-02, -2.79924E-02, -2.72836E-02, -2.66059E-02, -2.59578E-02,
 -2.74918E-02, -2.82327E-02, -2.90112E-02, -2.98301E-02, -3.06921E-02, -3.16002E-02, -3.25576E-02, -3.35675E-02, -3.46335E-02, -3.57591E-02, -3.69480E-02, -3.82037E-02, -3.95294E-02, -4.09281E-02, -4.24016E-02, -4.39504E-02, -4.55731E-02, -4.72645E-02, -4.90149E-02, -5.08071E-02, -5.26133E-02, -5.43904E-02, -5.60731E-02, -5.75651E-02, -5.87273E-02, -5.93632E-02, -5.92048E-02, -5.79047E-02, -5.50503E-02, -5.02281E-02, -4.31802E-02, -3.40829E-02, -2.38861E-02, -1.44663E-02, -8.19616E-03, -6.84988E-03, -1.05612E-02, -1.78033E-02, -2.63797E-02, -3.44722E-02, -4.10745E-02, -4.58874E-02, -4.90310E-02, -5.08001E-02, -5.15185E-02, -5.14734E-02, -5.08954E-02, -4.99593E-02, -4.87936E-02, -4.74904E-02, -4.61144E-02, -4.47108E-02, -4.33103E-02, -4.19335E-02, -4.05937E-02, -3.92993E-02, -3.80549E-02, -3.68629E-02, -3.57238E-02, -3.46371E-02, -3.36015E-02, -3.26152E-02, -3.16761E-02, -3.07820E-02, -2.99305E-02, -2.91195E-02, -2.83467E-02, -2.76098E-02, -2.69069E-02, -2.62359E-02,
 -2.77812E-02, -2.85471E-02, -2.93536E-02, -3.02037E-02, -3.11008E-02, -3.20484E-02, -3.30503E-02, -3.41106E-02, -3.52339E-02, -3.64248E-02, -3.76884E-02, -3.90297E-02, -4.04540E-02, -4.19665E-02, -4.35719E-02, -4.52741E-02, -4.70754E-02, -4.89753E-02, -5.09692E-02, -5.30457E-02, -5.51826E-02, -5.73415E-02, -5.94593E-02, -6.14350E-02, -6.31113E-02, -6.42480E-02, -6.44869E-02, -6.33114E-02, -6.00171E-02, -5.37394E-02, -4.36352E-02, -2.93763E-02, -1.20336E-02,  5.05228E-03,  1.66876E-02,  1.85712E-02,  1.05061E-02, -3.60744E-03, -1.88874E-02, -3.20657E-02, -4.19163E-02, -4.85155E-02, -5.24685E-02, -5.44632E-02, -5.50892E-02, -5.47969E-02, -5.39103E-02, -5.26550E-02, -5.11849E-02, -4.96034E-02, -4.79791E-02, -4.63569E-02, -4.47654E-02, -4.32223E-02, -4.17382E-02, -4.03183E-02, -3.89648E-02, -3.76777E-02, -3.64556E-02, -3.52962E-02, -3.41968E-02, -3.31543E-02, -3.21657E-02, -3.12277E-02, -3.03373E-02, -2.94916E-02, -2.86879E-02, -2.79233E-02, -2.71955E-02, -2.65022E-02,
 -2.80547E-02, -2.88447E-02, -2.96781E-02, -3.05586E-02, -3.14897E-02, -3.24758E-02, -3.35213E-02, -3.46312E-02, -3.58111E-02, -3.70668E-02, -3.84050E-02, -3.98324E-02, -4.13567E-02, -4.29857E-02, -4.47274E-02, -4.65898E-02, -4.85802E-02, -5.07044E-02, -5.29652E-02, -5.53601E-02, -5.78774E-02, -6.04905E-02, -6.31477E-02, -6.57566E-02, -6.81590E-02, -7.00899E-02, -7.11145E-02, -7.05335E-02, -6.72571E-02, -5.96847E-02, -4.57412E-02, -2.34804E-02,  7.02118E-03,  4.03522E-02,  6.43384E-02,  6.69894E-02,  4.81126E-02,  1.90211E-02, -8.81471E-03, -3.00689E-02, -4.42410E-02, -5.27558E-02, -5.72910E-02, -5.92041E-02, -5.94574E-02, -5.86934E-02, -5.73291E-02, -5.56310E-02, -5.37675E-02, -5.18444E-02, -4.99268E-02, -4.80542E-02, -4.62494E-02, -4.45245E-02, -4.28850E-02, -4.13321E-02, -3.98644E-02, -3.84789E-02, -3.71716E-02, -3.59384E-02, -3.47746E-02, -3.36758E-02, -3.26377E-02, -3.16563E-02, -3.07275E-02, -2.98477E-02, -2.90136E-02, -2.82221E-02, -2.74701E-02, -2.67552E-02,
 -2.83105E-02, -2.91234E-02, -2.99826E-02, -3.08919E-02, -3.18557E-02, -3.28787E-02, -3.39663E-02, -3.51242E-02, -3.63591E-02, -3.76782E-02, -3.90896E-02, -4.06022E-02, -4.22259E-02, -4.39717E-02, -4.58513E-02, -4.78775E-02, -5.00637E-02, -5.24233E-02, -5.49690E-02, -5.77106E-02, -6.06524E-02, -6.37875E-02, -6.70885E-02, -7.04909E-02, -7.38644E-02, -7.69613E-02, -7.93260E-02, -8.01328E-02, -7.79073E-02, -7.00792E-02, -5.24138E-02, -1.88803E-02,  3.58458E-02,  1.06699E-01,  1.63977E-01,  1.67432E-01,  1.17666E-01,  5.34865E-02,  2.29523E-03, -3.07567E-02, -4.97432E-02, -5.96300E-02, -6.40472E-02, -6.52901E-02, -6.47358E-02, -6.31958E-02, -6.11459E-02, -5.88643E-02, -5.65127E-02, -5.41842E-02, -5.19305E-02, -4.97787E-02, -4.77413E-02, -4.58219E-02, -4.40188E-02, -4.23278E-02, -4.07428E-02, -3.92572E-02, -3.78641E-02, -3.65569E-02, -3.53291E-02, -3.41747E-02, -3.30881E-02, -3.20640E-02, -3.10978E-02, -3.01850E-02, -2.93216E-02, -2.85040E-02, -2.77289E-02, -2.69931E-02,
 -2.85469E-02, -2.93812E-02, -3.02645E-02, -3.12010E-02, -3.21955E-02, -3.32535E-02, -3.43809E-02, -3.55845E-02, -3.68719E-02, -3.82517E-02, -3.97336E-02, -4.13286E-02, -4.30491E-02, -4.49093E-02, -4.69252E-02, -4.91147E-02, -5.14980E-02, -5.40976E-02, -5.69378E-02, -6.00443E-02, -6.34424E-02, -6.71533E-02, -7.11877E-02, -7.55324E-02, -8.01239E-02, -8.47981E-02, -8.91873E-02, -9.25132E-02, -9.31541E-02, -8.77418E-02, -6.93187E-02, -2.40635E-02,  7.14531E-02,  2.35583E-01,  4.05341E-01,  4.06958E-01,  2.49472E-01,  9.86963E-02,  7.80099E-03, -3.88764E-02, -6.09509E-02, -7.03123E-02, -7.32201E-02, -7.28795E-02, -7.09406E-02, -6.82639E-02, -6.53028E-02, -6.22960E-02, -5.93671E-02, -5.65769E-02, -5.39515E-02, -5.14984E-02, -4.92149E-02, -4.70928E-02, -4.51218E-02, -4.32905E-02, -4.15876E-02, -4.00023E-02, -3.85243E-02, -3.71445E-02, -3.58542E-02, -3.46458E-02, -3.35122E-02, -3.24472E-02, -3.14450E-02, -3.05006E-02, -2.96094E-02, -2.87670E-02, -2.79699E-02, -2.72145E-02,
 -2.87620E-02, -2.96161E-02, -3.05216E-02, -3.14832E-02, -3.25062E-02, -3.35965E-02, -3.47610E-02, -3.60071E-02, -3.73435E-02, -3.87802E-02, -4.03284E-02, -4.20012E-02, -4.38136E-02, -4.57830E-02, -4.79295E-02, -5.02768E-02, -5.28523E-02, -5.56882E-02, -5.88219E-02, -6.22970E-02, -6.61638E-02, -7.04788E-02, -7.53032E-02, -8.06972E-02, -8.67055E-02, -9.33248E-02, -1.00425E-01, -1.07569E-01, -1.13557E-01, -1.15285E-01, -1.04620E-01, -5.95259E-02,  8.09389E-02,  4.66342E-01,  1.16541E+00,  1.12868E+00,  4.76433E-01,  1.28280E-01, -9.30688E-03, -6.16928E-02, -8.05147E-02, -8.56107E-02, -8.49406E-02, -8.18795E-02, -7.79237E-02, -7.37531E-02, -6.96762E-02, -6.58259E-02, -6.22510E-02, -5.89594E-02, -5.59402E-02, -5.31740E-02, -5.06388E-02, -4.83124E-02, -4.61738E-02, -4.42040E-02, -4.23857E-02, -4.07034E-02, -3.91435E-02, -3.76938E-02, -3.63438E-02, -3.50839E-02, -3.39058E-02, -3.28021E-02, -3.17661E-02, -3.07920E-02, -2.98746E-02, -2.90091E-02, -2.81915E-02, -2.74178E-02,
 -2.89544E-02, -2.98262E-02, -3.07517E-02, -3.17360E-02, -3.27847E-02, -3.39043E-02, -3.51023E-02, -3.63870E-02, -3.77680E-02, -3.92566E-02, -4.08654E-02, -4.26095E-02, -4.45064E-02, -4.65766E-02, -4.88444E-02, -5.13389E-02, -5.40946E-02, -5.71535E-02, -6.05666E-02, -6.43962E-02, -6.87193E-02, -7.36314E-02, -7.92512E-02, -8.57272E-02, -9.32425E-02, -1.02018E-01, -1.12300E-01, -1.24303E-01, -1.38006E-01, -1.52461E-01, -1.63336E-01, -1.53198E-01, -4.60658E-02,  5.61627E-01,  4.73027E+00,  3.83796E+00,  5.94963E-01,  5.33653E-02, -7.34212E-02, -1.04795E-01, -1.09128E-01, -1.05100E-01, -9.86460E-02, -9.18157E-02, -8.53258E-02, -7.94001E-02, -7.40742E-02, -6.93135E-02, -6.50607E-02, -6.12546E-02, -5.78383E-02, -5.47610E-02, -5.19787E-02, -4.94537E-02, -4.71538E-02, -4.50515E-02, -4.31234E-02, -4.13495E-02, -3.97124E-02, -3.81974E-02, -3.67917E-02, -3.54840E-02, -3.42646E-02, -3.31250E-02, -3.20579E-02, -3.10565E-02, -3.01150E-02, -2.92284E-02, -2.83919E-02, -2.76016E-02,
 -2.91225E-02, -3.00099E-02, -3.09530E-02, -3.19571E-02, -3.30284E-02, -3.41738E-02, -3.54012E-02, -3.67198E-02, -3.81402E-02, -3.96744E-02, -4.13368E-02, -4.31439E-02, -4.51156E-02, -4.72752E-02, -4.96508E-02, -5.22763E-02, -5.51931E-02, -5.84521E-02, -6.21169E-02, -6.62675E-02, -7.10064E-02, -7.64667E-02, -8.28244E-02, -9.03167E-02, -9.92710E-02, -1.10151E-01, -1.23633E-01, -1.40739E-01, -1.63075E-01, -1.93273E-01, -2.35808E-01, -2.98195E-01, -3.88645E-01, -4.48610E-01,  5.20111E-01,  7.47159E-01, -1.02845E-01, -1.95177E-01, -1.84843E-01, -1.63037E-01, -1.43040E-01, -1.26462E-01, -1.12927E-01, -1.01816E-01, -9.25921E-02, -8.48416E-02, -7.82525E-02, -7.25903E-02, -6.76771E-02, -6.33766E-02, -5.95827E-02, -5.62122E-02, -5.31988E-02, -5.04892E-02, -4.80401E-02, -4.58160E-02, -4.37874E-02, -4.19297E-02, -4.02225E-02, -3.86482E-02, -3.71920E-02, -3.58410E-02, -3.45844E-02, -3.34127E-02, -3.23175E-02, -3.12916E-02, -3.03286E-02, -2.94230E-02, -2.85697E-02, -2.77645E-02,
 -2.92652E-02, -3.01657E-02, -3.11236E-02, -3.21445E-02, -3.32349E-02, -3.44020E-02, -3.56543E-02, -3.70016E-02, -3.84551E-02, -4.00279E-02, -4.17354E-02, -4.35956E-02, -4.56303E-02, -4.78651E-02, -5.03313E-02, -5.30669E-02, -5.61189E-02, -5.95458E-02, -6.34215E-02, -6.78409E-02, -7.29277E-02, -7.88461E-02, -8.58194E-02, -9.41588E-02, -1.04311E-01, -1.16940E-01, -1.33078E-01, -1.54414E-01, -1.83902E-01, -2.27155E-01, -2.96059E-01, -4.19622E-01, -6.82662E-01, -1.37887E+00, -3.00892E+00, -2.15805E+00, -8.58719E-01, -4.47261E-01, -2.92739E-01, -2.17830E-01, -1.74347E-01, -1.45928E-01, -1.25819E-01, -1.10780E-01, -9.90698E-02, -8.96714E-02, -8.19480E-02, -7.54799E-02, -6.99788E-02, -6.52393E-02, -6.11112E-02, -5.74818E-02, -5.42648E-02, -5.13929E-02, -4.88127E-02, -4.64817E-02, -4.43650E-02, -4.24342E-02, -4.06656E-02, -3.90395E-02, -3.75393E-02, -3.61507E-02, -3.48617E-02, -3.36618E-02, -3.25422E-02, -3.14950E-02, -3.05134E-02, -2.95913E-02, -2.87235E-02, -2.79053E-02,
 -2.93812E-02, -3.02924E-02, -3.12622E-02, -3.22966E-02, -3.34022E-02, -3.45867E-02, -3.58589E-02, -3.72290E-02, -3.87088E-02, -4.03121E-02, -4.20552E-02, -4.39573E-02, -4.60413E-02, -4.83348E-02, -5.08714E-02, -5.36922E-02, -5.68480E-02, -6.04029E-02, -6.44380E-02, -6.90585E-02, -7.44023E-02, -8.06544E-02, -8.80682E-02, -9.70000E-02, -1.07966E-01, -1.21739E-01, -1.39529E-01, -1.63312E-01, -1.96515E-01, -2.45474E-01, -3.22773E-01, -4.55204E-01, -7.00789E-01, -1.15352E+00, -1.67159E+00, -1.46268E+00, -8.79059E-01, -5.23582E-01, -3.45459E-01, -2.50878E-01, -1.95456E-01, -1.59942E-01, -1.35492E-01, -1.17693E-01, -1.04162E-01, -9.35208E-02, -8.49231E-02, -7.78240E-02, -7.18567E-02, -6.67660E-02, -6.23685E-02, -5.85291E-02, -5.51462E-02, -5.21414E-02, -4.94537E-02, -4.70347E-02, -4.48454E-02, -4.28540E-02, -4.10347E-02, -3.93656E-02, -3.78288E-02, -3.64089E-02, -3.50930E-02, -3.38698E-02, -3.27299E-02, -3.16649E-02, -3.06677E-02, -2.97319E-02, -2.88519E-02, -2.80229E-02,
 -2.94698E-02, -3.03889E-02, -3.13676E-02, -3.24119E-02, -3.35288E-02, -3.47260E-02, -3.60127E-02, -3.73994E-02, -3.88982E-02, -4.05234E-02, -4.22918E-02, -4.42233E-02, -4.63418E-02, -4.86759E-02, -5.12605E-02, -5.41384E-02, -5.73628E-02, -6.10003E-02, -6.51361E-02, -6.98797E-02, -7.53753E-02, -8.18155E-02, -8.94631E-02, -9.86852E-02, -1.10008E-01, -1.24205E-01, -1.42457E-01, -1.66618E-01, -1.99706E-01, -2.46781E-01, -3.16396E-01, -4.22283E-01, -5.81003E-01, -7.86320E-01, -9.37562E-01, -8.79433E-01, -6.71179E-01, -4.75931E-01, -3.42714E-01, -2.58086E-01, -2.03492E-01, -1.66769E-01, -1.40911E-01, -1.21925E-01, -1.07473E-01, -9.61326E-02, -8.70065E-02, -7.95051E-02, -7.32288E-02, -6.78978E-02, -6.33115E-02, -5.93222E-02, -5.58187E-02, -5.27163E-02, -4.99487E-02, -4.74637E-02, -4.52194E-02, -4.31821E-02, -4.13239E-02, -3.96218E-02, -3.80568E-02, -3.66126E-02, -3.52757E-02, -3.40344E-02, -3.28786E-02, -3.17997E-02, -3.07902E-02, -2.98436E-02, -2.89540E-02, -2.81165E-02,
 -2.95304E-02, -3.04546E-02, -3.14389E-02, -3.24896E-02, -3.36135E-02, -3.48187E-02, -3.61143E-02, -3.75110E-02, -3.90211E-02, -4.06591E-02, -4.24420E-02, -4.43901E-02, -4.65274E-02, -4.88829E-02, -5.14918E-02, -5.43974E-02, -5.76531E-02, -6.13257E-02, -6.55002E-02, -7.02852E-02, -7.58225E-02, -8.22997E-02, -8.99692E-02, -9.91768E-02, -1.10405E-01, -1.24342E-01, -1.41984E-01, -1.64797E-01, -1.94942E-01, -2.35544E-01, -2.90762E-01, -3.64770E-01, -4.57154E-01, -5.51636E-01, -6.07034E-01, -5.84831E-01, -4.99054E-01, -3.97701E-01, -3.11499E-01, -2.46953E-01, -2.00427E-01, -1.66808E-01, -1.42046E-01, -1.23350E-01, -1.08875E-01, -9.74028E-02, -8.81173E-02, -8.04619E-02, -7.40484E-02, -6.85995E-02, -6.39134E-02, -5.98402E-02, -5.62665E-02, -5.31050E-02, -5.02877E-02, -4.77607E-02, -4.54808E-02, -4.34131E-02, -4.15289E-02, -3.98046E-02, -3.82202E-02, -3.67593E-02, -3.54078E-02, -3.41538E-02, -3.29868E-02, -3.18980E-02, -3.08798E-02, -2.99255E-02, -2.90291E-02, -2.81854E-02,
 -2.95625E-02, -3.04889E-02, -3.14757E-02, -3.25290E-02, -3.36558E-02, -3.48640E-02, -3.61628E-02, -3.75629E-02, -3.90765E-02, -4.07181E-02, -4.25047E-02, -4.44561E-02, -4.65963E-02, -4.89539E-02, -5.15634E-02, -5.44672E-02, -5.77171E-02, -6.13776E-02, -6.55300E-02, -7.02770E-02, -7.57510E-02, -8.21240E-02, -8.96221E-02, -9.85469E-02, -1.09304E-01, -1.22442E-01, -1.38709E-01, -1.59104E-01, -1.84921E-01, -2.17682E-01, -2.58731E-01, -3.08060E-01, -3.61804E-01, -4.09199E-01, -4.33620E-01, -4.23132E-01, -3.82110E-01, -3.27080E-01, -2.72976E-01, -2.26943E-01, -1.90274E-01, -1.61755E-01, -1.39616E-01, -1.22272E-01, -1.08494E-01, -9.73770E-02, -8.82670E-02, -8.06917E-02, -7.43076E-02, -6.88615E-02, -6.41649E-02, -6.00750E-02, -5.64822E-02, -5.33014E-02, -5.04656E-02, -4.79215E-02, -4.56260E-02, -4.35442E-02, -4.16474E-02, -3.99117E-02, -3.83174E-02, -3.68475E-02, -3.54881E-02, -3.42269E-02, -3.30536E-02, -3.19592E-02, -3.09359E-02, -2.99770E-02, -2.90765E-02, -2.82291E-02,
 -2.95661E-02, -3.04920E-02, -3.14780E-02, -3.25302E-02, -3.36555E-02, -3.48618E-02, -3.61582E-02, -3.75551E-02, -3.90645E-02, -4.07006E-02, -4.24800E-02, -4.44219E-02, -4.65496E-02, -4.88905E-02, -5.14777E-02, -5.43514E-02, -5.75604E-02, -6.11648E-02, -6.52393E-02, -6.98769E-02, -7.51954E-02, -8.13438E-02, -8.85131E-02, -9.69479E-02, -1.06962E-01, -1.18957E-01, -1.33430E-01, -1.50977E-01, -1.72234E-01, -1.97719E-01, -2.27439E-01, -2.60181E-01, -2.92543E-01, -3.18475E-01, -3.30791E-01, -3.25089E-01, -3.03032E-01, -2.71184E-01, -2.36746E-01, -2.04550E-01, -1.76711E-01, -1.53571E-01, -1.34653E-01, -1.19237E-01, -1.06622E-01, -9.62142E-02, -8.75431E-02, -8.02429E-02, -7.40332E-02, -6.86987E-02, -6.40740E-02, -6.00305E-02, -5.64676E-02, -5.33060E-02, -5.04823E-02, -4.79455E-02, -4.56542E-02, -4.35745E-02, -4.16784E-02, -3.99426E-02, -3.83475E-02, -3.68766E-02, -3.55159E-02, -3.42533E-02, -3.30785E-02, -3.19827E-02, -3.09580E-02, -2.99978E-02, -2.90960E-02, -2.82474E-02,
 -2.95413E-02, -3.04638E-02, -3.14458E-02, -3.24933E-02, -3.36130E-02, -3.48127E-02, -3.61011E-02, -3.74884E-02, -3.89862E-02, -4.06081E-02, -4.23698E-02, -4.42901E-02, -4.63906E-02, -4.86973E-02, -5.12411E-02, -5.40589E-02, -5.71955E-02, -6.07050E-02, -6.46534E-02, -6.91220E-02, -7.42104E-02, -8.00419E-02, -8.67681E-02, -9.45753E-02, -1.03689E-01, -1.14374E-01, -1.26928E-01, -1.41648E-01, -1.58756E-01, -1.78256E-01, -1.99679E-01, -2.21745E-01, -2.42083E-01, -2.57363E-01, -2.64221E-01, -2.60801E-01, -2.47834E-01, -2.28252E-01, -2.05679E-01, -1.83075E-01, -1.62222E-01, -1.43879E-01, -1.28159E-01, -1.14850E-01, -1.03622E-01, -9.41357E-02, -8.60818E-02, -7.92004E-02, -7.32789E-02, -6.81455E-02, -6.36631E-02, -5.97215E-02, -5.62327E-02, -5.31255E-02, -5.03422E-02, -4.78357E-02, -4.55675E-02, -4.35055E-02, -4.16231E-02, -3.98979E-02, -3.83112E-02, -3.68469E-02, -3.54914E-02, -3.42330E-02, -3.30617E-02, -3.19686E-02, -3.09462E-02, -2.99878E-02, -2.90876E-02, -2.82403E-02,
 -2.94886E-02, -3.04049E-02, -3.13798E-02, -3.24191E-02, -3.35293E-02, -3.47177E-02, -3.59929E-02, -3.73645E-02, -3.88436E-02, -4.04430E-02, -4.21777E-02, -4.40649E-02, -4.61250E-02, -4.83817E-02, -5.08633E-02, -5.36028E-02, -5.66401E-02, -6.00224E-02, -6.38063E-02, -6.80596E-02, -7.28635E-02, -7.83146E-02, -8.45273E-02, -9.16341E-02, -9.97841E-02, -1.09136E-01, -1.19839E-01, -1.32000E-01, -1.45617E-01, -1.60479E-01, -1.76033E-01, -1.91246E-01, -2.04573E-01, -2.14141E-01, -2.18258E-01, -2.16054E-01, -2.07889E-01, -1.95200E-01, -1.79913E-01, -1.63812E-01, -1.48189E-01, -1.33788E-01, -1.20927E-01, -1.09651E-01, -9.98566E-02, -9.13796E-02, -8.40405E-02, -7.76693E-02, -7.21155E-02, -6.72502E-02, -6.29654E-02, -5.91713E-02, -5.57938E-02, -5.27715E-02, -5.00538E-02, -4.75985E-02, -4.53706E-02, -4.33406E-02, -4.14839E-02, -3.97795E-02, -3.82098E-02, -3.67594E-02, -3.54155E-02, -3.41668E-02, -3.30036E-02, -3.19174E-02, -3.09008E-02, -2.99474E-02, -2.90514E-02, -2.82079E-02,
 -2.94085E-02, -3.03160E-02, -3.12810E-02, -3.23087E-02, -3.34055E-02, -3.45784E-02, -3.58355E-02, -3.71857E-02, -3.86396E-02, -4.02091E-02, -4.19080E-02, -4.37522E-02, -4.57602E-02, -4.79534E-02, -5.03567E-02, -5.29995E-02, -5.59159E-02, -5.91460E-02, -6.27366E-02, -6.67424E-02, -7.12265E-02, -7.62613E-02, -8.19280E-02, -8.83142E-02, -9.55092E-02, -1.03594E-01, -1.12622E-01, -1.22590E-01, -1.33392E-01, -1.44760E-01, -1.56200E-01, -1.66951E-01, -1.76019E-01, -1.82318E-01, -1.84939E-01, -1.83439E-01, -1.78011E-01, -1.69416E-01, -1.58732E-01, -1.47049E-01, -1.35255E-01, -1.23962E-01, -1.13516E-01, -1.04067E-01, -9.56350E-02, -8.81675E-02, -8.15758E-02, -7.57600E-02, -7.06212E-02, -6.60684E-02, -6.20209E-02, -5.84088E-02, -5.51721E-02, -5.22598E-02, -4.96288E-02, -4.72426E-02, -4.50700E-02, -4.30849E-02, -4.12648E-02, -3.95906E-02, -3.80458E-02, -3.66163E-02, -3.52899E-02, -3.40560E-02, -3.29054E-02, -3.18299E-02, -3.08226E-02, -2.98772E-02, -2.89881E-02, -2.81506E-02,
 -2.93018E-02, -3.01982E-02, -3.11504E-02, -3.21635E-02, -3.32434E-02, -3.43969E-02, -3.56313E-02, -3.69551E-02, -3.83780E-02, -3.99110E-02, -4.15666E-02, -4.33591E-02, -4.53051E-02, -4.74233E-02, -4.97357E-02, -5.22672E-02, -5.50465E-02, -5.81066E-02, -6.14848E-02, -6.52237E-02, -6.93702E-02, -7.39757E-02, -7.90939E-02, -8.47774E-02, -9.10722E-02, -9.80068E-02, -1.05578E-01, -1.13726E-01, -1.22310E-01, -1.31073E-01, -1.39617E-01, -1.47401E-01, -1.53779E-01, -1.58100E-01, -1.59849E-01, -1.58784E-01, -1.55015E-01, -1.48972E-01, -1.41287E-01, -1.32641E-01, -1.23640E-01, -1.14749E-01, -1.06277E-01, -9.84019E-02, -9.12017E-02, -8.46872E-02, -7.88291E-02, -7.35776E-02, -6.88737E-02, -6.46578E-02, -6.08726E-02, -5.74661E-02, -5.43918E-02, -5.16087E-02, -4.90813E-02, -4.67788E-02, -4.46744E-02, -4.27451E-02, -4.09712E-02, -3.93353E-02, -3.78226E-02, -3.64202E-02, -3.51167E-02, -3.39023E-02, -3.27684E-02, -3.17073E-02, -3.07125E-02, -2.97779E-02, -2.88983E-02, -2.80691E-02,
 -2.91697E-02, -3.00527E-02, -3.09895E-02, -3.19851E-02, -3.30450E-02, -3.41754E-02, -3.53832E-02, -3.66761E-02, -3.80630E-02, -3.95537E-02, -4.11596E-02, -4.28933E-02, -4.47693E-02, -4.68038E-02, -4.90155E-02, -5.14252E-02, -5.40564E-02, -5.69352E-02, -6.00908E-02, -6.35545E-02, -6.73597E-02, -7.15405E-02, -7.61291E-02, -8.11527E-02, -8.66271E-02, -9.25489E-02, -9.88833E-02, -1.05550E-01, -1.12405E-01, -1.19227E-01, -1.25711E-01, -1.31474E-01, -1.36092E-01, -1.39161E-01, -1.40373E-01, -1.39590E-01, -1.36878E-01, -1.32494E-01, -1.26823E-01, -1.20302E-01, -1.13344E-01, -1.06295E-01, -9.94098E-02, -9.28574E-02, -8.67352E-02, -8.10869E-02, -7.59190E-02, -7.12150E-02, -6.69453E-02, -6.30739E-02, -5.95631E-02, -5.63761E-02, -5.34782E-02, -5.08379E-02, -4.84266E-02, -4.62192E-02, -4.41931E-02, -4.23288E-02, -4.06090E-02, -3.90185E-02, -3.75442E-02, -3.61743E-02, -3.48985E-02, -3.37079E-02, -3.25945E-02, -3.15512E-02, -3.05718E-02, -2.96506E-02, -2.87829E-02, -2.79640E-02,
 -2.90134E-02, -2.98807E-02, -3.08000E-02, -3.17756E-02, -3.28126E-02, -3.39168E-02, -3.50944E-02, -3.63526E-02, -3.76992E-02, -3.91430E-02, -4.06939E-02, -4.23632E-02, -4.41631E-02, -4.61074E-02, -4.82117E-02, -5.04928E-02, -5.29694E-02, -5.56619E-02, -5.85916E-02, -6.17808E-02, -6.52518E-02, -6.90250E-02, -7.31170E-02, -7.75368E-02, -8.22813E-02, -8.73287E-02, -9.26302E-02, -9.81012E-02, -1.03612E-01, -1.08982E-01, -1.13979E-01, -1.18335E-01, -1.21764E-01, -1.24008E-01, -1.24875E-01, -1.24284E-01, -1.22274E-01, -1.19006E-01, -1.14725E-01, -1.09718E-01, -1.04270E-01, -9.86344E-02, -9.30137E-02, -8.75555E-02, -8.23577E-02, -7.74771E-02, -7.29399E-02, -6.87504E-02, -6.48989E-02, -6.13672E-02, -5.81326E-02, -5.51706E-02, -5.24568E-02, -4.99675E-02, -4.76808E-02, -4.55765E-02, -4.36365E-02, -4.18441E-02, -4.01849E-02, -3.86457E-02, -3.72149E-02, -3.58822E-02, -3.46384E-02, -3.34754E-02, -3.23858E-02, -3.13633E-02, -3.04020E-02, -2.94967E-02, -2.86430E-02, -2.78365E-02,
 -2.88341E-02, -2.96841E-02, -3.05836E-02, -3.15369E-02, -3.25487E-02, -3.36240E-02, -3.47686E-02, -3.59888E-02, -3.72915E-02, -3.86847E-02, -4.01768E-02, -4.17773E-02, -4.34968E-02, -4.53466E-02, -4.73394E-02, -4.94885E-02, -5.18083E-02, -5.43139E-02, -5.70204E-02, -5.99428E-02, -6.30942E-02, -6.64851E-02, -7.01209E-02, -7.39987E-02, -7.81042E-02, -8.24065E-02, -8.68529E-02, -9.13637E-02, -9.58279E-02, -1.00102E-01, -1.04011E-01, -1.07364E-01, -1.09967E-01, -1.11649E-01, -1.12287E-01, -1.11829E-01, -1.10303E-01, -1.07810E-01, -1.04513E-01, -1.00604E-01, -9.62833E-02, -9.17370E-02, -8.71223E-02, -8.25625E-02, -7.81471E-02, -7.39356E-02, -6.99630E-02, -6.62459E-02, -6.27874E-02, -5.95817E-02, -5.66173E-02, -5.38793E-02, -5.13514E-02, -4.90170E-02, -4.68596E-02, -4.48638E-02, -4.30150E-02, -4.12999E-02, -3.97061E-02, -3.82228E-02, -3.68398E-02, -3.55482E-02, -3.43399E-02, -3.32076E-02, -3.21448E-02, -3.11456E-02, -3.02048E-02, -2.93177E-02, -2.84798E-02, -2.76875E-02,
 -2.86333E-02, -2.94643E-02, -3.03424E-02, -3.12716E-02, -3.22559E-02, -3.33001E-02, -3.44092E-02, -3.55889E-02, -3.68452E-02, -3.81848E-02, -3.96152E-02, -4.11442E-02, -4.27806E-02, -4.45336E-02, -4.64132E-02, -4.84296E-02, -5.05937E-02, -5.29158E-02, -5.54063E-02, -5.80740E-02, -6.09255E-02, -6.39639E-02, -6.71870E-02, -7.05849E-02, -7.41370E-02, -7.78093E-02, -8.15509E-02, -8.52907E-02, -8.89364E-02, -9.23749E-02, -9.54761E-02, -9.81012E-02, -1.00115E-01, -1.01403E-01, -1.01883E-01, -1.01522E-01, -1.00337E-01, -9.83981E-02, -9.58128E-02, -9.27150E-02, -8.92467E-02, -8.55451E-02, -8.17316E-02, -7.79069E-02, -7.41490E-02, -7.05141E-02, -6.70401E-02, -6.37496E-02, -6.06536E-02, -5.77544E-02, -5.50485E-02, -5.25283E-02, -5.01841E-02, -4.80046E-02, -4.59783E-02, -4.40936E-02, -4.23392E-02, -4.07046E-02, -3.91798E-02, -3.77557E-02, -3.64237E-02, -3.51763E-02, -3.40063E-02, -3.29075E-02, -3.18739E-02, -3.09004E-02, -2.99822E-02, -2.91150E-02, -2.82948E-02, -2.75182E-02,
 -2.84127E-02, -2.92232E-02, -3.00784E-02, -3.09818E-02, -3.19370E-02, -3.29483E-02, -3.40201E-02, -3.51573E-02, -3.63651E-02, -3.76494E-02, -3.90162E-02, -4.04721E-02, -4.20242E-02, -4.36798E-02, -4.54465E-02, -4.73319E-02, -4.93437E-02, -5.14889E-02, -5.37734E-02, -5.62018E-02, -5.87757E-02, -6.14932E-02, -6.43473E-02, -6.73240E-02, -7.04004E-02, -7.35426E-02, -7.67038E-02, -7.98231E-02, -8.28248E-02, -8.56205E-02, -8.81119E-02, -9.01982E-02, -9.17837E-02, -9.27883E-02, -9.31568E-02, -9.28665E-02, -9.19303E-02, -9.03952E-02, -8.83362E-02, -8.58473E-02, -8.30312E-02, -7.99898E-02, -7.68170E-02, -7.35937E-02, -7.03859E-02, -6.72446E-02, -6.42067E-02, -6.12969E-02, -5.85306E-02, -5.59152E-02, -5.34527E-02, -5.11407E-02, -4.89744E-02, -4.69471E-02, -4.50509E-02, -4.32776E-02, -4.16190E-02, -4.00668E-02, -3.86131E-02, -3.72504E-02, -3.59719E-02, -3.47709E-02, -3.36416E-02, -3.25783E-02, -3.15759E-02, -3.06300E-02, -2.97361E-02, -2.88904E-02, -2.80895E-02, -2.73299E-02,
 -2.81737E-02, -2.89627E-02, -2.97937E-02, -3.06700E-02, -3.15948E-02, -3.25718E-02, -3.36049E-02, -3.46983E-02, -3.58564E-02, -3.70841E-02, -3.83864E-02, -3.97688E-02, -4.12366E-02, -4.27955E-02, -4.44513E-02, -4.62093E-02, -4.80744E-02, -5.00509E-02, -5.21417E-02, -5.43477E-02, -5.66675E-02, -5.90957E-02, -6.16225E-02, -6.42320E-02, -6.69011E-02, -6.95979E-02, -7.22811E-02, -7.48990E-02, -7.73904E-02, -7.96859E-02, -8.17113E-02, -8.33919E-02, -8.46589E-02, -8.54555E-02, -8.57433E-02, -8.55067E-02, -8.47549E-02, -8.35210E-02, -8.18579E-02, -7.98333E-02, -7.75223E-02, -7.50014E-02, -7.23433E-02, -6.96129E-02, -6.68652E-02, -6.41447E-02, -6.14856E-02, -5.89129E-02, -5.64435E-02, -5.40879E-02, -5.18515E-02, -4.97358E-02, -4.77395E-02, -4.58592E-02, -4.40902E-02, -4.24271E-02, -4.08638E-02, -3.93945E-02, -3.80128E-02, -3.67130E-02, -3.54893E-02, -3.43364E-02, -3.32492E-02, -3.22231E-02, -3.12536E-02, -3.03366E-02, -2.94685E-02, -2.86458E-02, -2.78653E-02, -2.71241E-02,
 -2.79181E-02, -2.86845E-02, -2.94904E-02, -3.03386E-02, -3.12320E-02, -3.21738E-02, -3.31673E-02, -3.42160E-02, -3.53238E-02, -3.64945E-02, -3.77323E-02, -3.90414E-02, -4.04261E-02, -4.18904E-02, -4.34384E-02, -4.50737E-02, -4.67991E-02, -4.86166E-02, -5.05269E-02, -5.25284E-02, -5.46173E-02, -5.67865E-02, -5.90246E-02, -6.13153E-02, -6.36365E-02, -6.59592E-02, -6.82476E-02, -7.04585E-02, -7.25424E-02, -7.44449E-02, -7.61093E-02, -7.74797E-02, -7.85058E-02, -7.91467E-02, -7.93749E-02, -7.91796E-02, -7.85674E-02, -7.75621E-02, -7.62019E-02, -7.45363E-02, -7.26209E-02, -7.05141E-02, -6.82720E-02, -6.59468E-02, -6.35839E-02, -6.12216E-02, -5.88905E-02, -5.66143E-02, -5.44103E-02, -5.22904E-02, -5.02622E-02, -4.83295E-02, -4.64937E-02, -4.47538E-02, -4.31076E-02, -4.15518E-02, -4.00824E-02, -3.86952E-02, -3.73855E-02, -3.61489E-02, -3.49809E-02, -3.38769E-02, -3.28330E-02, -3.18452E-02, -3.09096E-02, -3.00229E-02, -2.91817E-02, -2.83830E-02, -2.76240E-02, -2.69020E-02,
 -2.76475E-02, -2.83906E-02, -2.91707E-02, -2.99901E-02, -3.08514E-02, -3.17573E-02, -3.27107E-02, -3.37145E-02, -3.47718E-02, -3.58858E-02, -3.70597E-02, -3.82967E-02, -3.96001E-02, -4.09727E-02, -4.24171E-02, -4.39354E-02, -4.55289E-02, -4.71979E-02, -4.89412E-02, -5.07559E-02, -5.26366E-02, -5.45750E-02, -5.65594E-02, -5.85740E-02, -6.05981E-02, -6.26062E-02, -6.45675E-02, -6.64462E-02, -6.82022E-02, -6.97928E-02, -7.11741E-02, -7.23041E-02, -7.31451E-02, -7.36674E-02, -7.38508E-02, -7.36877E-02, -7.31830E-02, -7.23540E-02, -7.12290E-02, -6.98445E-02, -6.82426E-02, -6.64678E-02, -6.45642E-02, -6.25735E-02, -6.05331E-02, -5.84755E-02, -5.64278E-02, -5.44116E-02, -5.24436E-02, -5.05363E-02, -4.86982E-02, -4.69347E-02, -4.52489E-02, -4.36418E-02, -4.21129E-02, -4.06606E-02, -3.92825E-02, -3.79758E-02, -3.67373E-02, -3.55636E-02, -3.44512E-02, -3.33966E-02, -3.23965E-02, -3.14476E-02, -3.05467E-02, -2.96910E-02, -2.88775E-02, -2.81037E-02, -2.73670E-02, -2.66652E-02,
 -2.73635E-02, -2.80828E-02, -2.88365E-02, -2.96267E-02, -3.04556E-02, -3.13254E-02, -3.22385E-02, -3.31975E-02, -3.42046E-02, -3.52626E-02, -3.63738E-02, -3.75406E-02, -3.87653E-02, -4.00497E-02, -4.13953E-02, -4.28030E-02, -4.42729E-02, -4.58040E-02, -4.73941E-02, -4.90389E-02, -5.07325E-02, -5.24661E-02, -5.42281E-02, -5.60037E-02, -5.77741E-02, -5.95171E-02, -6.12063E-02, -6.28122E-02, -6.43024E-02, -6.56430E-02, -6.67999E-02, -6.77409E-02, -6.84379E-02, -6.88683E-02, -6.90176E-02, -6.88800E-02, -6.84593E-02, -6.77684E-02, -6.68283E-02, -6.56667E-02, -6.43157E-02, -6.28095E-02, -6.11830E-02, -5.94696E-02, -5.77002E-02, -5.59022E-02, -5.40991E-02, -5.23103E-02, -5.05515E-02, -4.88349E-02, -4.71695E-02, -4.55615E-02, -4.40150E-02, -4.25325E-02, -4.11146E-02, -3.97612E-02, -3.84711E-02, -3.72426E-02, -3.60737E-02, -3.49619E-02, -3.39046E-02, -3.28992E-02, -3.19430E-02, -3.10333E-02, -3.01676E-02, -2.93434E-02, -2.85582E-02, -2.78098E-02, -2.70961E-02, -2.64150E-02,
 -2.70677E-02, -2.77628E-02, -2.84899E-02, -2.92507E-02, -3.00470E-02, -3.08808E-02, -3.17539E-02, -3.26684E-02, -3.36263E-02, -3.46293E-02, -3.56795E-02, -3.67783E-02, -3.79273E-02, -3.91275E-02, -4.03796E-02, -4.16834E-02, -4.30382E-02, -4.44421E-02, -4.58919E-02, -4.73831E-02, -4.89092E-02, -5.04614E-02, -5.20287E-02, -5.35974E-02, -5.51509E-02, -5.66697E-02, -5.81317E-02, -5.95124E-02, -6.07855E-02, -6.19239E-02, -6.29009E-02, -6.36919E-02, -6.42750E-02, -6.46335E-02, -6.47563E-02, -6.46391E-02, -6.42850E-02, -6.37035E-02, -6.29108E-02, -6.19279E-02, -6.07794E-02, -5.94923E-02, -5.80942E-02, -5.66120E-02, -5.50710E-02, -5.34945E-02, -5.19025E-02, -5.03125E-02, -4.87387E-02, -4.71927E-02, -4.56834E-02, -4.42175E-02, -4.27997E-02, -4.14332E-02, -4.01198E-02, -3.88601E-02, -3.76542E-02, -3.65011E-02, -3.53997E-02, -3.43483E-02, -3.33452E-02, -3.23884E-02, -3.14758E-02, -3.06053E-02, -2.97748E-02, -2.89823E-02, -2.82257E-02, -2.75032E-02, -2.68129E-02, -2.61529E-02,
 -2.67616E-02, -2.74325E-02, -2.81329E-02, -2.88642E-02, -2.96281E-02, -3.04261E-02, -3.12598E-02, -3.21306E-02, -3.30402E-02, -3.39899E-02, -3.49810E-02, -3.60145E-02, -3.70912E-02, -3.82116E-02, -3.93755E-02, -4.05822E-02, -4.18303E-02, -4.31172E-02, -4.44394E-02, -4.57920E-02, -4.71683E-02, -4.85601E-02, -4.99570E-02, -5.13465E-02, -5.27141E-02, -5.40429E-02, -5.53143E-02, -5.65079E-02, -5.76022E-02, -5.85758E-02, -5.94074E-02, -6.00777E-02, -6.05700E-02, -6.08713E-02, -6.09733E-02, -6.08728E-02, -6.05720E-02, -6.00784E-02, -5.94043E-02, -5.85660E-02, -5.75827E-02, -5.64757E-02, -5.52669E-02, -5.39783E-02, -5.26307E-02, -5.12435E-02, -4.98341E-02, -4.84178E-02, -4.70073E-02, -4.56135E-02, -4.42450E-02, -4.29084E-02, -4.16089E-02, -4.03500E-02, -3.91343E-02, -3.79631E-02, -3.68370E-02, -3.57560E-02, -3.47196E-02, -3.37269E-02, -3.27766E-02, -3.18674E-02, -3.09978E-02, -3.01661E-02, -2.93707E-02, -2.86099E-02, -2.78820E-02, -2.71855E-02, -2.65188E-02, -2.58804E-02,
 -2.64469E-02, -2.70934E-02, -2.77672E-02, -2.84693E-02, -2.92011E-02, -2.99638E-02, -3.07587E-02, -3.15870E-02, -3.24496E-02, -3.33477E-02, -3.42820E-02, -3.52530E-02, -3.62611E-02, -3.73061E-02, -3.83874E-02, -3.95038E-02, -4.06533E-02, -4.18331E-02, -4.30394E-02, -4.42672E-02, -4.55099E-02, -4.67599E-02, -4.80075E-02, -4.92417E-02, -5.04496E-02, -5.16168E-02, -5.27274E-02, -5.37646E-02, -5.47110E-02, -5.55490E-02, -5.62618E-02, -5.68342E-02, -5.72532E-02, -5.75086E-02, -5.75941E-02, -5.75072E-02, -5.72496E-02, -5.68273E-02, -5.62497E-02, -5.55296E-02, -5.46822E-02, -5.37242E-02, -5.26735E-02, -5.15477E-02, -5.03643E-02, -4.91396E-02, -4.78883E-02, -4.66238E-02, -4.53576E-02, -4.40994E-02, -4.28575E-02, -4.16384E-02, -4.04471E-02, -3.92877E-02, -3.81629E-02, -3.70746E-02, -3.60240E-02, -3.50116E-02, -3.40375E-02, -3.31012E-02, -3.22021E-02, -3.13394E-02, -3.05118E-02, -2.97183E-02, -2.89575E-02, -2.82282E-02, -2.75289E-02, -2.68584E-02, -2.62154E-02, -2.55986E-02,
 -2.61248E-02, -2.67472E-02, -2.73945E-02, -2.80678E-02, -2.87680E-02, -2.94962E-02, -3.02533E-02, -3.10401E-02, -3.18574E-02, -3.27058E-02, -3.35857E-02, -3.44973E-02, -3.54404E-02, -3.64146E-02, -3.74188E-02, -3.84514E-02, -3.95102E-02, -4.05922E-02, -4.16934E-02, -4.28089E-02, -4.39326E-02, -4.50572E-02, -4.61741E-02, -4.72733E-02, -4.83436E-02, -4.93728E-02, -5.03473E-02, -5.12532E-02, -5.20760E-02, -5.28018E-02, -5.34168E-02, -5.39091E-02, -5.42683E-02, -5.44864E-02, -5.45587E-02, -5.44830E-02, -5.42609E-02, -5.38969E-02, -5.33986E-02, -5.27759E-02, -5.20410E-02, -5.12073E-02, -5.02892E-02, -4.93013E-02, -4.82580E-02, -4.71729E-02, -4.60587E-02, -4.49271E-02, -4.37882E-02, -4.26510E-02, -4.15228E-02, -4.04100E-02, -3.93177E-02, -3.82497E-02, -3.72093E-02, -3.61985E-02, -3.52189E-02, -3.42714E-02, -3.33566E-02, -3.24745E-02, -3.16247E-02, -3.08069E-02, -3.00203E-02, -2.92641E-02, -2.85374E-02, -2.78391E-02, -2.71682E-02, -2.65236E-02, -2.59042E-02, -2.53090E-02,
 -2.57967E-02, -2.63952E-02, -2.70165E-02, -2.76614E-02, -2.83307E-02, -2.90252E-02, -2.97455E-02, -3.04923E-02, -3.12659E-02, -3.20668E-02, -3.28949E-02, -3.37502E-02, -3.46321E-02, -3.55400E-02, -3.64723E-02, -3.74275E-02, -3.84030E-02, -3.93958E-02, -4.04019E-02, -4.14166E-02, -4.24342E-02, -4.34479E-02, -4.44500E-02, -4.54317E-02, -4.63832E-02, -4.72940E-02, -4.81527E-02, -4.89476E-02, -4.96669E-02, -5.02989E-02, -5.08329E-02, -5.12590E-02, -5.15690E-02, -5.17567E-02, -5.18181E-02, -5.17519E-02, -5.15591E-02, -5.12433E-02, -5.08105E-02, -5.02688E-02, -4.96278E-02, -4.88984E-02, -4.80924E-02, -4.72217E-02, -4.62982E-02, -4.53336E-02, -4.43387E-02, -4.33236E-02, -4.22972E-02, -4.12676E-02, -4.02415E-02, -3.92250E-02, -3.82228E-02, -3.72389E-02, -3.62764E-02, -3.53377E-02, -3.44247E-02, -3.35385E-02, -3.26799E-02, -3.18494E-02, -3.10470E-02, -3.02725E-02, -2.95256E-02, -2.88058E-02, -2.81123E-02, -2.74444E-02, -2.68014E-02, -2.61824E-02, -2.55864E-02, -2.50127E-02,
 -2.54640E-02, -2.60389E-02, -2.66346E-02, -2.72517E-02, -2.78909E-02, -2.85527E-02, -2.92375E-02, -2.99457E-02, -3.06775E-02, -3.14329E-02, -3.22119E-02, -3.30140E-02, -3.38385E-02, -3.46843E-02, -3.55501E-02, -3.64337E-02, -3.73329E-02, -3.82444E-02, -3.91645E-02, -4.00887E-02, -4.10116E-02, -4.19272E-02, -4.28284E-02, -4.37076E-02, -4.45562E-02, -4.53652E-02, -4.61249E-02, -4.68256E-02, -4.74574E-02, -4.80108E-02, -4.84769E-02, -4.88479E-02, -4.91171E-02, -4.92797E-02, -4.93323E-02, -4.92740E-02, -4.91056E-02, -4.88300E-02, -4.84519E-02, -4.79780E-02, -4.74159E-02, -4.67746E-02, -4.60637E-02, -4.52930E-02, -4.44727E-02, -4.36124E-02, -4.27214E-02, -4.18086E-02, -4.08817E-02, -3.99479E-02, -3.90136E-02, -3.80840E-02, -3.71638E-02, -3.62569E-02, -3.53664E-02, -3.44947E-02, -3.36439E-02, -3.28153E-02, -3.20099E-02, -3.12284E-02, -3.04712E-02, -2.97384E-02, -2.90297E-02, -2.83450E-02, -2.76839E-02, -2.70458E-02, -2.64301E-02, -2.58362E-02, -2.52635E-02, -2.47111E-02,
 -2.51277E-02, -2.56795E-02, -2.62502E-02, -2.68403E-02, -2.74502E-02, -2.80803E-02, -2.87309E-02, -2.94021E-02, -3.00939E-02, -3.08062E-02, -3.15386E-02, -3.22906E-02, -3.30612E-02, -3.38493E-02, -3.46533E-02, -3.54712E-02, -3.63005E-02, -3.71381E-02, -3.79805E-02, -3.88233E-02, -3.96618E-02, -4.04904E-02, -4.13028E-02, -4.20923E-02, -4.28515E-02, -4.35725E-02, -4.42473E-02, -4.48675E-02, -4.54250E-02, -4.59119E-02, -4.63210E-02, -4.66458E-02, -4.68810E-02, -4.70226E-02, -4.70680E-02, -4.70164E-02, -4.68684E-02, -4.66265E-02, -4.62945E-02, -4.58776E-02, -4.53823E-02, -4.48159E-02, -4.41861E-02, -4.35013E-02, -4.27699E-02, -4.20002E-02, -4.12001E-02, -4.03772E-02, -3.95385E-02, -3.86902E-02, -3.78381E-02, -3.69871E-02, -3.61416E-02, -3.53052E-02, -3.44809E-02, -3.36713E-02, -3.28784E-02, -3.21038E-02, -3.13485E-02, -3.06135E-02, -2.98993E-02, -2.92063E-02, -2.85344E-02, -2.78837E-02, -2.72539E-02, -2.66447E-02, -2.60557E-02, -2.54865E-02, -2.49364E-02, -2.44050E-02,
 -2.47889E-02, -2.53181E-02, -2.58645E-02, -2.64283E-02, -2.70099E-02, -2.76095E-02, -2.82272E-02, -2.88630E-02, -2.95167E-02, -3.01881E-02, -3.08766E-02, -3.15815E-02, -3.23018E-02, -3.30362E-02, -3.37831E-02, -3.45405E-02, -3.53058E-02, -3.60762E-02, -3.68483E-02, -3.76181E-02, -3.83812E-02, -3.91326E-02, -3.98667E-02, -4.05775E-02, -4.12587E-02, -4.19036E-02, -4.25051E-02, -4.30563E-02, -4.35503E-02, -4.39808E-02, -4.43415E-02, -4.46273E-02, -4.48339E-02, -4.49579E-02, -4.49973E-02, -4.49514E-02, -4.48207E-02, -4.46073E-02, -4.43142E-02, -4.39458E-02, -4.35073E-02, -4.30047E-02, -4.24446E-02, -4.18339E-02, -4.11796E-02, -4.04888E-02, -3.97683E-02, -3.90247E-02, -3.82641E-02, -3.74922E-02, -3.67139E-02, -3.59340E-02, -3.51563E-02, -3.43843E-02, -3.36210E-02, -3.28688E-02, -3.21298E-02, -3.14056E-02, -3.06975E-02, -3.00064E-02, -2.93330E-02, -2.86779E-02, -2.80413E-02, -2.74232E-02, -2.68236E-02, -2.62425E-02, -2.56795E-02, -2.51343E-02, -2.46065E-02, -2.40957E-02,
 -2.44487E-02, -2.49559E-02, -2.54786E-02, -2.60170E-02, -2.65713E-02, -2.71416E-02, -2.77278E-02, -2.83298E-02, -2.89473E-02, -2.95800E-02, -3.02271E-02, -3.08879E-02, -3.15612E-02, -3.22458E-02, -3.29400E-02, -3.36417E-02, -3.43486E-02, -3.50579E-02, -3.57664E-02, -3.64706E-02, -3.71663E-02, -3.78490E-02, -3.85138E-02, -3.91556E-02, -3.97686E-02, -4.03471E-02, -4.08852E-02, -4.13769E-02, -4.18166E-02, -4.21987E-02, -4.25183E-02, -4.27710E-02, -4.29533E-02, -4.30624E-02, -4.30968E-02, -4.30558E-02, -4.29399E-02, -4.27507E-02, -4.24908E-02, -4.21637E-02, -4.17739E-02, -4.13261E-02, -4.08260E-02, -4.02793E-02, -3.96921E-02, -3.90703E-02, -3.84198E-02, -3.77462E-02, -3.70551E-02, -3.63513E-02, -3.56394E-02, -3.49236E-02, -3.42076E-02, -3.34945E-02, -3.27872E-02, -3.20881E-02, -3.13992E-02, -3.07221E-02, -3.00581E-02, -2.94084E-02, -2.87737E-02, -2.81547E-02, -2.75516E-02, -2.69649E-02, -2.63944E-02, -2.58403E-02, -2.53025E-02, -2.47807E-02, -2.42746E-02, -2.37840E-02,
 -2.41080E-02, -2.45938E-02, -2.50936E-02, -2.56075E-02, -2.61355E-02, -2.66776E-02, -2.72337E-02, -2.78036E-02, -2.83868E-02, -2.89829E-02, -2.95911E-02, -3.02106E-02, -3.08402E-02, -3.14786E-02, -3.21240E-02, -3.27747E-02, -3.34281E-02, -3.40819E-02, -3.47330E-02, -3.53780E-02, -3.60134E-02, -3.66350E-02, -3.72385E-02, -3.78193E-02, -3.83725E-02, -3.88931E-02, -3.93761E-02, -3.98164E-02, -4.02091E-02, -4.05497E-02, -4.08341E-02, -4.10585E-02, -4.12201E-02, -4.13167E-02, -4.13468E-02, -4.13100E-02, -4.12067E-02, -4.10382E-02, -4.08068E-02, -4.05152E-02, -4.01671E-02, -3.97667E-02, -3.93185E-02, -3.88276E-02, -3.82988E-02, -3.77375E-02, -3.71486E-02, -3.65372E-02, -3.59078E-02, -3.52650E-02, -3.46129E-02, -3.39551E-02, -3.32951E-02, -3.26358E-02, -3.19800E-02, -3.13298E-02, -3.06873E-02, -3.00541E-02, -2.94315E-02, -2.88207E-02, -2.82226E-02, -2.76377E-02, -2.70667E-02, -2.65099E-02, -2.59674E-02, -2.54394E-02, -2.49259E-02, -2.44267E-02, -2.39418E-02, -2.34709E-02,
