NA,NA,NA,NA,NA,NA,NA,NA,NA,NA,NA,NA,NA,NA,NA,NA,NA,NA,NA,  5.62547E-03,  5.76643E-03,  5.90265E-03,  6.03295E-03,  6.15606E-03,  6.27066E-03,  6.37541E-03,  6.46901E-03,  6.55022E-03,  6.61790E-03,  6.67110E-03,  6.70905E-03,  6.73124E-03,  6.73743E-03,  6.72762E-03,  6.70212E-03,  6.66148E-03,  6.60645E-03,  6.53800E-03,  6.45720E-03,  6.36524E-03,  6.26334E-03,  6.15273E-03,  6.03462E-03,  5.91013E-03,  5.78035E-03,  5.64625E-03,  5.50874E-03,NA,NA,NA,NA,NA,NA,NA,NA,NA,NA,NA,NA,NA,NA,NA,NA,NA,NA,NA,
NA,NA,NA,NA,NA,NA,NA,NA,NA,NA,NA,NA,NA,NA,NA,NA,NA,  5.53898E-03,  5.69885E-03,  5.85638E-03,  6.01047E-03,  6.15990E-03,  6.30331E-03,  6.43924E-03,  6.56615E-03,  6.68245E-03,  6.78659E-03,  6.87707E-03,  6.95251E-03,  7.01174E-03,  7.05385E-03,  7.07820E-03,  7.08449E-03,  7.07278E-03,  7.04344E-03,  6.99716E-03,  6.93491E-03,  6.85784E-03,  6.76730E-03,  6.66471E-03,  6.55153E-03,  6.42920E-03,  6.29912E-03,  6.16259E-03,  6.02081E-03,  5.87486E-03,  5.72570E-03,  5.57421E-03,  5.42112E-03,NA,NA,NA,NA,NA,NA,NA,NA,NA,NA,NA,NA,NA,NA,NA,NA,NA,
NA,NA,NA,NA,NA,NA,NA,NA,NA,NA,NA,NA,NA,NA,NA,  5.40290E-03,  5.57741E-03,  5.75194E-03,  5.92559E-03,  6.09733E-03,  6.26597E-03,  6.43012E-03,  6.58827E-03,  6.73871E-03,  6.87964E-03,  7.00919E-03,  7.12547E-03,  7.22665E-03,  7.31107E-03,  7.37727E-03,  7.42414E-03,  7.45089E-03,  7.45718E-03,  7.44308E-03,  7.40909E-03,  7.35609E-03,  7.28529E-03,  7.19814E-03,  7.09629E-03,  6.98148E-03,  6.85544E-03,  6.71988E-03,  6.57642E-03,  6.42653E-03,  6.27157E-03,  6.11269E-03,  5.95095E-03,  5.78723E-03,  5.62230E-03,  5.45684E-03,  5.29142E-03,NA,NA,NA,NA,NA,NA,NA,NA,NA,NA,NA,NA,NA,NA,NA,
NA,NA,NA,NA,NA,NA,NA,NA,NA,NA,NA,NA,NA,NA,  5.40835E-03,  5.59511E-03,  5.78330E-03,  5.97218E-03,  6.16082E-03,  6.34816E-03,  6.53289E-03,  6.71349E-03,  6.88822E-03,  7.05514E-03,  7.21211E-03,  7.35691E-03,  7.48723E-03,  7.60086E-03,  7.69572E-03,  7.77003E-03,  7.82237E-03,  7.85181E-03,  7.85791E-03,  7.84079E-03,  7.80113E-03,  7.74004E-03,  7.65907E-03,  7.56005E-03,  7.44502E-03,  7.31609E-03,  7.17536E-03,  7.02485E-03,  6.86643E-03,  6.70178E-03,  6.53236E-03,  6.35946E-03,  6.18415E-03,  6.00735E-03,  5.82984E-03,  5.65227E-03,  5.47520E-03,  5.29910E-03,NA,NA,NA,NA,NA,NA,NA,NA,NA,NA,NA,NA,NA,NA,
NA,NA,NA,NA,NA,NA,NA,NA,NA,NA,NA,NA,  5.19930E-03,  5.39379E-03,  5.59153E-03,  5.79208E-03,  5.99487E-03,  6.19916E-03,  6.40407E-03,  6.60847E-03,  6.81098E-03,  7.00993E-03,  7.20336E-03,  7.38903E-03,  7.56443E-03,  7.72687E-03,  7.87355E-03,  8.00174E-03,  8.10884E-03,  8.19263E-03,  8.25132E-03,  8.28374E-03,  8.28938E-03,  8.26843E-03,  8.22176E-03,  8.15086E-03,  8.05770E-03,  7.94460E-03,  7.81412E-03,  7.66884E-03,  7.51131E-03,  7.34391E-03,  7.16879E-03,  6.98783E-03,  6.80266E-03,  6.61460E-03,  6.42479E-03,  6.23411E-03,  6.04332E-03,  5.85302E-03,  5.66374E-03,  5.47591E-03,  5.28994E-03,  5.10619E-03,NA,NA,NA,NA,NA,NA,NA,NA,NA,NA,NA,NA,
NA,NA,NA,NA,NA,NA,NA,NA,NA,NA,NA,  5.15640E-03,  5.35934E-03,  5.56665E-03,  5.77802E-03,  5.99308E-03,  6.21133E-03,  6.43211E-03,  6.65456E-03,  6.87755E-03,  7.09966E-03,  7.31909E-03,  7.53363E-03,  7.74070E-03,  7.93734E-03,  8.12030E-03,  8.28616E-03,  8.43150E-03,  8.55307E-03,  8.64803E-03,  8.71412E-03,  8.74986E-03,  8.75464E-03,  8.72874E-03,  8.67335E-03,  8.59043E-03,  8.48252E-03,  8.35263E-03,  8.20393E-03,  8.03965E-03,  7.86287E-03,  7.67638E-03,  7.48267E-03,  7.28382E-03,  7.08157E-03,  6.87729E-03,  6.67209E-03,  6.46682E-03,  6.26214E-03,  6.05859E-03,  5.85663E-03,  5.65662E-03,  5.45893E-03,  5.26388E-03,  5.07178E-03,NA,NA,NA,NA,NA,NA,NA,NA,NA,NA,NA,
NA,NA,NA,NA,NA,NA,NA,NA,NA,NA,  5.09541E-03,  5.30549E-03,  5.52090E-03,  5.74146E-03,  5.96697E-03,  6.19716E-03,  6.43165E-03,  6.66989E-03,  6.91113E-03,  7.15429E-03,  7.39793E-03,  7.64015E-03,  7.87852E-03,  8.11007E-03,  8.33131E-03,  8.53830E-03,  8.72681E-03,  8.89253E-03,  9.03133E-03,  9.13957E-03,  9.21435E-03,  9.25378E-03,  9.25709E-03,  9.22476E-03,  9.15838E-03,  9.06057E-03,  8.93469E-03,  8.78459E-03,  8.61433E-03,  8.42791E-03,  8.22904E-03,  8.02104E-03,  7.80672E-03,  7.58836E-03,  7.36777E-03,  7.14631E-03,  6.92499E-03,  6.70456E-03,  6.48555E-03,  6.26837E-03,  6.05337E-03,  5.84084E-03,  5.63107E-03,  5.42435E-03,  5.22097E-03,  5.02124E-03,NA,NA,NA,NA,NA,NA,NA,NA,NA,NA,
NA,NA,NA,NA,NA,NA,NA,NA,NA,  5.01699E-03,  5.23297E-03,  5.45507E-03,  5.68321E-03,  5.91733E-03,  6.15734E-03,  6.40312E-03,  6.65445E-03,  6.91100E-03,  7.17216E-03,  7.43701E-03,  7.70419E-03,  7.97172E-03,  8.23699E-03,  8.49661E-03,  8.74646E-03,  8.98175E-03,  9.19721E-03,  9.38737E-03,  9.54692E-03,  9.67111E-03,  9.75618E-03,  9.79966E-03,  9.80064E-03,  9.75981E-03,  9.67942E-03,  9.56298E-03,  9.41496E-03,  9.24040E-03,  9.04447E-03,  8.83216E-03,  8.60799E-03,  8.37582E-03,  8.13880E-03,  7.89938E-03,  7.65935E-03,  7.41996E-03,  7.18205E-03,  6.94615E-03,  6.71259E-03,  6.48161E-03,  6.25339E-03,  6.02812E-03,  5.80601E-03,  5.58732E-03,  5.37232E-03,  5.16131E-03,  4.95461E-03,NA,NA,NA,NA,NA,NA,NA,NA,NA,
NA,NA,NA,NA,NA,NA,NA,NA,  4.92189E-03,  5.14263E-03,  5.37015E-03,  5.60441E-03,  5.84543E-03,  6.09323E-03,  6.34788E-03,  6.60946E-03,  6.87800E-03,  7.15342E-03,  7.43543E-03,  7.72336E-03,  8.01604E-03,  8.31156E-03,  8.60715E-03,  8.89901E-03,  9.18230E-03,  9.45117E-03,  9.69901E-03,  9.91879E-03,  1.01036E-02,  1.02471E-02,  1.03445E-02,  1.03924E-02,  1.03897E-02,  1.03376E-02,  1.02391E-02,  1.00990E-02,  9.92349E-03,  9.71906E-03,  9.49243E-03,  9.24981E-03,  8.99668E-03,  8.73752E-03,  8.47578E-03,  8.21397E-03,  7.95372E-03,  7.69604E-03,  7.44144E-03,  7.19013E-03,  6.94213E-03,  6.69744E-03,  6.45604E-03,  6.21799E-03,  5.98341E-03,  5.75252E-03,  5.52558E-03,  5.30293E-03,  5.08492E-03,  4.87190E-03,NA,NA,NA,NA,NA,NA,NA,NA,
NA,NA,NA,NA,NA,NA,NA,  4.81086E-03,  5.03533E-03,  5.26716E-03,  5.50631E-03,  5.75277E-03,  6.00661E-03,  6.26799E-03,  6.53714E-03,  6.81439E-03,  7.10010E-03,  7.39458E-03,  7.69797E-03,  8.01006E-03,  8.33005E-03,  8.65629E-03,  8.98597E-03,  9.31492E-03,  9.63749E-03,  9.94652E-03,  1.02336E-02,  1.04897E-02,  1.07057E-02,  1.08731E-02,  1.09852E-02,  1.10379E-02,  1.10296E-02,  1.09621E-02,  1.08399E-02,  1.06696E-02,  1.04594E-02,  1.02183E-02,  9.95472E-03,  9.67661E-03,  9.39048E-03,  9.10147E-03,  8.81322E-03,  8.52810E-03,  8.24741E-03,  7.97167E-03,  7.70087E-03,  7.43474E-03,  7.17288E-03,  6.91494E-03,  6.66069E-03,  6.41000E-03,  6.16294E-03,  5.91970E-03,  5.68057E-03,  5.44592E-03,  5.21618E-03,  4.99177E-03,  4.77312E-03,NA,NA,NA,NA,NA,NA,NA,
NA,NA,NA,NA,NA,NA,  4.68459E-03,  4.91186E-03,  5.14705E-03,  5.39006E-03,  5.64083E-03,  5.89936E-03,  6.16578E-03,  6.44034E-03,  6.72347E-03,  7.01580E-03,  7.31809E-03,  7.63119E-03,  7.95589E-03,  8.29268E-03,  8.64143E-03,  9.00100E-03,  9.36882E-03,  9.74046E-03,  1.01094E-02,  1.04669E-02,  1.08022E-02,  1.11035E-02,  1.13584E-02,  1.15555E-02,  1.16858E-02,  1.17434E-02,  1.17266E-02,  1.16381E-02,  1.14842E-02,  1.12746E-02,  1.10204E-02,  1.07337E-02,  1.04256E-02,  1.01060E-02,  9.78252E-03,  9.46098E-03,  9.14498E-03,  8.83643E-03,  8.53596E-03,  8.24327E-03,  7.95760E-03,  7.67795E-03,  7.40339E-03,  7.13315E-03,  6.86669E-03,  6.60376E-03,  6.34436E-03,  6.08870E-03,  5.83713E-03,  5.59013E-03,  5.34822E-03,  5.11194E-03,  4.88181E-03,  4.65829E-03,NA,NA,NA,NA,NA,NA,
NA,NA,NA,NA,NA,  4.54371E-03,  4.77288E-03,  5.01056E-03,  5.25660E-03,  5.51083E-03,  5.77312E-03,  6.04346E-03,  6.32196E-03,  6.60895E-03,  6.90507E-03,  7.21126E-03,  7.52879E-03,  7.85921E-03,  8.20421E-03,  8.56533E-03,  8.94354E-03,  9.33868E-03,  9.74881E-03,  1.01695E-02,  1.05935E-02,  1.10100E-02,  1.14054E-02,  1.17637E-02,  1.20682E-02,  1.23032E-02,  1.24559E-02,  1.25184E-02,  1.24886E-02,  1.23707E-02,  1.21741E-02,  1.19125E-02,  1.16019E-02,  1.12582E-02,  1.08961E-02,  1.05280E-02,  1.01629E-02,  9.80675E-03,  9.46279E-03,  9.13197E-03,  8.81371E-03,  8.50650E-03,  8.20842E-03,  7.91755E-03,  7.63222E-03,  7.35116E-03,  7.07355E-03,  6.79903E-03,  6.52757E-03,  6.25947E-03,  5.99523E-03,  5.73548E-03,  5.48091E-03,  5.23221E-03,  4.99003E-03,  4.75496E-03,  4.52748E-03,NA,NA,NA,NA,NA,
NA,NA,NA,NA,  4.38885E-03,  4.61896E-03,  4.85828E-03,  5.10657E-03,  5.36358E-03,  5.62903E-03,  5.90268E-03,  6.18440E-03,  6.47423E-03,  6.77253E-03,  7.08007E-03,  7.39811E-03,  7.72851E-03,  8.07372E-03,  8.43663E-03,  8.82029E-03,  9.22739E-03,  9.65947E-03,  1.01159E-02,  1.05930E-02,  1.10825E-02,  1.15717E-02,  1.20429E-02,  1.24746E-02,  1.28437E-02,  1.31278E-02,  1.33090E-02,  1.33759E-02,  1.33262E-02,  1.31664E-02,  1.29110E-02,  1.25799E-02,  1.21956E-02,  1.17801E-02,  1.13527E-02,  1.09285E-02,  1.05177E-02,  1.01261E-02,  9.75575E-03,  9.40581E-03,  9.07378E-03,  8.75628E-03,  8.44982E-03,  8.15124E-03,  7.85800E-03,  7.56829E-03,  7.28103E-03,  6.99579E-03,  6.71266E-03,  6.43213E-03,  6.15493E-03,  5.88196E-03,  5.61414E-03,  5.35238E-03,  5.09752E-03,  4.85028E-03,  4.61127E-03,  4.38094E-03,NA,NA,NA,NA,
NA,NA,NA,NA,  4.45068E-03,  4.69065E-03,  4.94038E-03,  5.19952E-03,  5.46767E-03,  5.74436E-03,  6.02915E-03,  6.32170E-03,  6.62188E-03,  6.92992E-03,  7.24663E-03,  7.57355E-03,  7.91315E-03,  8.26893E-03,  8.64535E-03,  9.04760E-03,  9.48093E-03,  9.94966E-03,  1.04557E-02,  1.09969E-02,  1.15651E-02,  1.21450E-02,  1.27137E-02,  1.32420E-02,  1.36970E-02,  1.40466E-02,  1.42645E-02,  1.43345E-02,  1.42540E-02,  1.40337E-02,  1.36957E-02,  1.32698E-02,  1.27883E-02,  1.22817E-02,  1.17752E-02,  1.12868E-02,  1.08276E-02,  1.04021E-02,  1.00098E-02,  9.64697E-03,  9.30801E-03,  8.98694E-03,  8.67815E-03,  8.37692E-03,  8.07973E-03,  7.78425E-03,  7.48925E-03,  7.19438E-03,  6.90003E-03,  6.60701E-03,  6.31647E-03,  6.02966E-03,  5.74786E-03,  5.47227E-03,  5.20397E-03,  4.94387E-03,  4.69269E-03,  4.45100E-03,NA,NA,NA,NA,
NA,NA,NA,  4.26872E-03,  4.50820E-03,  4.75833E-03,  5.01879E-03,  5.28909E-03,  5.56861E-03,  5.85663E-03,  6.15238E-03,  6.45516E-03,  6.76448E-03,  7.08029E-03,  7.40321E-03,  7.73489E-03,  8.07835E-03,  8.43822E-03,  8.82096E-03,  9.23459E-03,  9.68816E-03,  1.01903E-02,  1.07475E-02,  1.13609E-02,  1.20237E-02,  1.27182E-02,  1.34150E-02,  1.40735E-02,NA,NA,NA,NA,NA,NA,NA,NA,NA,NA,  1.21344E-02,  1.15744E-02,  1.10667E-02,  1.06128E-02,  1.02075E-02,  9.84229E-03,  9.50720E-03,  9.19255E-03,  8.88999E-03,  8.59301E-03,  8.29706E-03,  7.99943E-03,  7.69896E-03,  7.39567E-03,  7.09045E-03,  6.78474E-03,  6.48024E-03,  6.17876E-03,  5.88205E-03,  5.59169E-03,  5.30904E-03,  5.03525E-03,  4.77121E-03,  4.51756E-03,  4.27474E-03,NA,NA,NA,
NA,NA,  4.07398E-03,  4.31158E-03,  4.56085E-03,  4.82151E-03,  5.09312E-03,  5.37500E-03,  5.66626E-03,  5.96582E-03,  6.27246E-03,  6.58492E-03,  6.90211E-03,  7.22336E-03,  7.54879E-03,  7.87985E-03,  8.21981E-03,  8.57444E-03,  8.95243E-03,  9.36554E-03,  9.82811E-03,  1.03556E-02,  1.09618E-02,  1.16547E-02,  1.24314E-02,NA,NA,NA,NA,NA,NA,NA,NA,NA,NA,NA,NA,NA,NA,NA,NA,  1.07299E-02,  1.03274E-02,  9.97676E-03,  9.66164E-03,  9.36754E-03,  9.08281E-03,  8.79900E-03,  8.51072E-03,  8.21520E-03,  7.91174E-03,  7.60114E-03,  7.28519E-03,  6.96624E-03,  6.64685E-03,  6.32955E-03,  6.01671E-03,  5.71038E-03,  5.41232E-03,  5.12389E-03,  4.84618E-03,  4.57993E-03,  4.32562E-03,  4.08351E-03,NA,NA,
NA,NA,  4.10183E-03,  4.34864E-03,  4.60802E-03,  4.87965E-03,  5.16294E-03,  5.45699E-03,  5.76057E-03,  6.07214E-03,  6.38983E-03,  6.71162E-03,  7.03547E-03,  7.35967E-03,  7.68333E-03,  8.00706E-03,  8.33391E-03,  8.67035E-03,  9.02740E-03,  9.42134E-03,  9.87377E-03,  1.04102E-02,  1.10565E-02,NA,NA,NA,NA,NA,NA,NA,NA,NA,NA,NA,NA,NA,NA,NA,NA,NA,NA,NA,NA,  1.00344E-02,  9.76211E-03,  9.50772E-03,  9.25584E-03,  8.99622E-03,  8.72311E-03,  8.43431E-03,  8.13024E-03,  7.81308E-03,  7.48603E-03,  7.15278E-03,  6.81704E-03,  6.48234E-03,  6.15179E-03,  5.82804E-03,  5.51325E-03,  5.20911E-03,  4.91684E-03,  4.63729E-03,  4.37097E-03,  4.11812E-03,NA,NA,
NA,  3.88037E-03,  4.12287E-03,  4.37912E-03,  4.64899E-03,  4.93212E-03,  5.22776E-03,  5.53476E-03,  5.85153E-03,  6.17591E-03,  6.50526E-03,  6.83647E-03,  7.16614E-03,  7.49095E-03,  7.80821E-03,  8.11681E-03,  8.41851E-03,  8.71960E-03,  9.03292E-03,  9.37973E-03,  9.79094E-03,  1.03065E-02,NA,NA,NA,NA,NA,NA,NA,NA,NA,NA,NA,NA,NA,NA,NA,NA,NA,NA,NA,NA,NA,NA,  9.80165E-03,  9.61181E-03,  9.41127E-03,  9.18869E-03,  8.93891E-03,  8.66132E-03,  8.35845E-03,  8.03468E-03,  7.69533E-03,  7.34591E-03,  6.99169E-03,  6.63741E-03,  6.28713E-03,  5.94416E-03,  5.61113E-03,  5.29002E-03,  4.98222E-03,  4.68865E-03,  4.40983E-03,  4.14592E-03,  3.89687E-03,NA,
NA,  3.88527E-03,  4.13623E-03,  4.40214E-03,  4.68292E-03,  4.97814E-03,  5.28695E-03,  5.60795E-03,  5.93911E-03,  6.27761E-03,  6.61982E-03,  6.96125E-03,  7.29666E-03,  7.62036E-03,  7.92685E-03,  8.21189E-03,  8.47426E-03,  8.71825E-03,  8.95697E-03,  9.21615E-03,NA,NA,NA,NA,NA,NA,NA,NA,NA,NA,NA,NA,NA,NA,NA,NA,NA,NA,NA,NA,NA,NA,NA,NA,NA,NA,  9.55589E-03,  9.38427E-03,  9.16575E-03,  8.90294E-03,  8.60181E-03,  8.27006E-03,  7.91592E-03,  7.54738E-03,  7.17164E-03,  6.79492E-03,  6.42235E-03,  6.05800E-03,  5.70497E-03,  5.36551E-03,  5.04116E-03,  4.73285E-03,  4.44104E-03,  4.16582E-03,  3.90700E-03,NA,
  3.63810E-03,  3.88147E-03,  4.14091E-03,  4.41667E-03,  4.70875E-03,  5.01673E-03,  5.33968E-03,  5.67598E-03,  6.02315E-03,  6.37768E-03,  6.73478E-03,  7.08830E-03,  7.43061E-03,  7.75282E-03,  8.04526E-03,  8.29866E-03,  8.50622E-03,  8.66706E-03,  8.79120E-03,NA,NA,NA,NA,NA,NA,NA,NA,NA,NA,NA,NA,NA,NA,NA,NA,NA,NA,NA,NA,NA,NA,NA,NA,NA,NA,NA,NA,  9.59571E-03,  9.41487E-03,  9.16831E-03,  8.86727E-03,  8.52410E-03,  8.15096E-03,  7.75890E-03,  7.35749E-03,  6.95465E-03,  6.55669E-03,  6.16843E-03,  5.79342E-03,  5.43415E-03,  5.09219E-03,  4.76845E-03,  4.46326E-03,  4.17657E-03,  3.90799E-03,  3.65696E-03,
  3.61757E-03,  3.86790E-03,  4.13572E-03,  4.42145E-03,  4.72520E-03,  5.04663E-03,  5.38480E-03,  5.73794E-03,  6.10319E-03,  6.47633E-03,  6.85137E-03,  7.22025E-03,  7.57248E-03,  7.89502E-03,  8.17250E-03,  8.38814E-03,  8.52592E-03,  8.57473E-03,NA,NA,NA,NA,NA,NA,NA,NA,NA,NA,NA,NA,NA,NA,NA,NA,NA,NA,NA,NA,NA,NA,NA,NA,NA,NA,NA,NA,NA,NA,  9.70135E-03,  9.46891E-03,  9.16299E-03,  8.80217E-03,  8.40351E-03,  7.98182E-03,  7.54934E-03,  7.11583E-03,  6.68880E-03,  6.27378E-03,  5.87468E-03,  5.49408E-03,  5.13353E-03,  4.79377E-03,  4.47494E-03,  4.17675E-03,  3.89860E-03,  3.63967E-03,
  3.58643E-03,  3.84336E-03,  4.11934E-03,  4.41502E-03,  4.73069E-03,  5.06621E-03,  5.42072E-03,  5.79242E-03,  6.17822E-03,  6.57327E-03,  6.97043E-03,  7.35965E-03,  7.72722E-03,  8.05515E-03,  8.32072E-03,  8.49677E-03,  8.55334E-03,NA,NA,NA,NA,NA,NA,NA,NA,NA,NA,NA,NA,NA,NA,NA,NA,NA,NA,NA,NA,NA,NA,NA,NA,NA,NA,NA,NA,NA,NA,NA,NA,  9.81802E-03,  9.49769E-03,  9.10936E-03,  8.67599E-03,  8.21660E-03,  7.74632E-03,  7.27677E-03,  6.81653E-03,  6.37169E-03,  5.94633E-03,  5.54298E-03,  5.16298E-03,  4.80681E-03,  4.47429E-03,  4.16480E-03,  3.87744E-03,  3.61110E-03,
  3.54355E-03,  3.80652E-03,  4.09025E-03,  4.39565E-03,  4.72332E-03,  5.07341E-03,  5.44530E-03,  5.83734E-03,  6.24641E-03,  6.66727E-03,  7.09186E-03,  7.50825E-03,  7.89946E-03,  8.24201E-03,  8.50448E-03,  8.64642E-03,NA,NA,NA,NA,NA,NA,NA,NA,NA,NA,NA,NA,NA,NA,NA,NA,NA,NA,NA,NA,NA,NA,NA,NA,NA,NA,NA,NA,NA,NA,NA,NA,NA,NA,  9.87948E-03,  9.44956E-03,  8.96929E-03,  8.46217E-03,  7.94616E-03,  7.43453E-03,  6.93667E-03,  6.45891E-03,  6.00527E-03,  5.57797E-03,  5.17796E-03,  4.80527E-03,  4.45928E-03,  4.13896E-03,  3.84300E-03,  3.56997E-03,
  3.48772E-03,  3.75594E-03,  4.04673E-03,  4.36135E-03,  4.70081E-03,  5.06565E-03,  5.45571E-03,  5.86973E-03,  6.30481E-03,  6.75575E-03,  7.21395E-03,  7.66608E-03,  8.09222E-03,  8.46347E-03,  8.73902E-03,NA,NA,NA,NA,NA,NA,NA,NA,NA,NA,NA,NA,NA,NA,NA,NA,NA,NA,NA,NA,NA,NA,NA,NA,NA,NA,NA,NA,NA,NA,NA,NA,NA,NA,NA,NA,  9.82394E-03,  9.28171E-03,  8.71513E-03,  8.14459E-03,  7.58453E-03,  7.04466E-03,  6.53117E-03,  6.04760E-03,  5.59558E-03,  5.17542E-03,  4.78652E-03,  4.42767E-03,  4.09732E-03,  3.79370E-03,  3.51494E-03,
  3.41768E-03,  3.69009E-03,  3.98693E-03,  4.30990E-03,  4.66051E-03,  5.03986E-03,  5.44841E-03,  5.88558E-03,  6.34913E-03,  6.83431E-03,  7.33268E-03,  7.83029E-03,  8.30524E-03,  8.72406E-03,NA,NA,NA,NA,NA,NA,NA,NA,NA,NA,NA,NA,NA,NA,NA,NA,NA,NA,NA,NA,NA,NA,NA,NA,NA,NA,NA,NA,NA,NA,NA,NA,NA,NA,NA,NA,NA,NA,  9.60769E-03,  8.96887E-03,  8.33477E-03,  7.72017E-03,  7.13445E-03,  6.58305E-03,  6.06857E-03,  5.59173E-03,  5.15190E-03,  4.74765E-03,  4.37705E-03,  4.03789E-03,  3.72788E-03,  3.44469E-03,
  3.33218E-03,  3.60739E-03,  3.90889E-03,  4.23888E-03,  4.59944E-03,  4.99241E-03,  5.41908E-03,  5.87981E-03,  6.37345E-03,  6.89634E-03,  7.44101E-03,  7.99406E-03,  8.53305E-03,  9.02189E-03,NA,NA,NA,NA,NA,NA,NA,NA,NA,NA,NA,NA,NA,NA,NA,NA,NA,NA,NA,NA,NA,NA,NA,NA,NA,NA,NA,NA,NA,NA,NA,NA,NA,NA,NA,NA,NA,NA,  9.93652E-03,  9.21281E-03,  8.50682E-03,  7.83262E-03,  7.19832E-03,  6.60793E-03,  6.06263E-03,  5.56178E-03,  5.10356E-03,  4.68552E-03,  4.30485E-03,  3.95861E-03,  3.64389E-03,  3.35789E-03,
  3.23000E-03,  3.50627E-03,  3.81061E-03,  4.14574E-03,  4.51441E-03,  4.91929E-03,  5.36270E-03,  5.84626E-03,  6.37028E-03,  6.93288E-03,  7.52847E-03,  8.14557E-03,  8.76324E-03,NA,NA,NA,NA,NA,NA,NA,NA,NA,NA,NA,NA,NA,NA,NA,NA,NA,NA,NA,NA,NA,NA,NA,NA,NA,NA,NA,NA,NA,NA,NA,NA,NA,NA,NA,NA,NA,NA,NA,NA,  9.43178E-03,  8.64760E-03,  7.91071E-03,  7.22696E-03,  6.59816E-03,  6.02351E-03,  5.50065E-03,  5.02633E-03,  4.59688E-03,  4.20850E-03,  3.85744E-03,  3.54015E-03,  3.25331E-03,
  3.11007E-03,  3.38529E-03,  3.69015E-03,  4.02793E-03,  4.40210E-03,  4.81622E-03,  5.27379E-03,  5.77790E-03,  6.33073E-03,  6.93270E-03,  7.58108E-03,  8.26769E-03,  8.97529E-03,NA,NA,NA,NA,NA,NA,NA,NA,NA,NA,NA,NA,NA,NA,NA,NA,NA,NA,NA,NA,NA,NA,NA,NA,NA,NA,NA,NA,NA,NA,NA,NA,NA,NA,NA,NA,NA,NA,NA,NA,  9.60594E-03,  8.74076E-03,  7.94116E-03,  7.20967E-03,  6.54519E-03,  5.94445E-03,  5.40304E-03,  4.91606E-03,  4.47850E-03,  4.08550E-03,  3.73248E-03,  3.41522E-03,  3.12987E-03,
  2.97148E-03,  3.24317E-03,  3.54576E-03,  3.88308E-03,  4.25930E-03,  4.67892E-03,  5.14666E-03,  5.66723E-03,  6.24492E-03,  6.88288E-03,  7.58195E-03,  8.33849E-03,  9.14092E-03,NA,NA,NA,NA,NA,NA,NA,NA,NA,NA,NA,NA,NA,NA,NA,NA,NA,NA,NA,NA,NA,NA,NA,NA,NA,NA,NA,NA,NA,NA,NA,NA,NA,NA,NA,NA,NA,NA,NA,NA,  9.71134E-03,  8.76735E-03,  7.90909E-03,  7.13487E-03,  6.44006E-03,  5.81854E-03,  5.26367E-03,  4.76874E-03,  4.32736E-03,  3.93360E-03,  3.58206E-03,  3.26788E-03,  2.98673E-03,
  2.81362E-03,  3.07894E-03,  3.37602E-03,  3.70914E-03,  4.08314E-03,  4.50341E-03,  4.97585E-03,  5.50680E-03,  6.10272E-03,  6.76970E-03,  7.51249E-03,  8.33277E-03,NA,NA,NA,NA,NA,NA,NA,NA,NA,NA,NA,NA,NA,NA,NA,NA,NA,NA,NA,NA,NA,NA,NA,NA,NA,NA,NA,NA,NA,NA,NA,NA,NA,NA,NA,NA,NA,NA,NA,NA,NA,NA,  8.70690E-03,  7.79897E-03,  6.99082E-03,  6.27393E-03,  5.63920E-03,  5.07763E-03,  4.58075E-03,  4.14084E-03,  3.75095E-03,  3.40490E-03,  3.09728E-03,  2.82334E-03,
  2.63623E-03,  2.89207E-03,  3.17997E-03,  3.50460E-03,  3.87135E-03,  4.28635E-03,  4.75659E-03,  5.28986E-03,  5.89466E-03,  6.57989E-03,  7.35421E-03,  8.22466E-03,NA,NA,NA,NA,NA,NA,NA,NA,NA,NA,NA,NA,NA,NA,NA,NA,NA,NA,NA,NA,NA,NA,NA,NA,NA,NA,NA,NA,NA,NA,NA,NA,NA,NA,NA,NA,NA,NA,NA,NA,NA,NA,  8.53908E-03,  7.59578E-03,  6.76650E-03,  6.03880E-03,  5.40064E-03,  4.84082E-03,  4.34925E-03,  3.91700E-03,  3.53625E-03,  3.20020E-03,  2.90299E-03,  2.63953E-03,
  2.43948E-03,  2.68251E-03,  2.95727E-03,  3.26868E-03,  3.62251E-03,  4.02546E-03,  4.48532E-03,  5.01108E-03,  5.61292E-03,  6.30213E-03,  7.09078E-03,  7.99072E-03,NA,NA,NA,NA,NA,NA,NA,NA,NA,NA,NA,NA,NA,NA,NA,NA,NA,NA,NA,NA,NA,NA,NA,NA,NA,NA,NA,NA,NA,NA,NA,NA,NA,NA,NA,NA,NA,NA,NA,NA,NA,NA,  8.24560E-03,  7.28648E-03,  6.45270E-03,  5.72826E-03,  5.09849E-03,  4.55034E-03,  4.07239E-03,  3.65476E-03,  3.28899E-03,  2.96783E-03,  2.68511E-03,  2.43559E-03,
  2.22407E-03,  2.45086E-03,  2.70834E-03,  3.00152E-03,  3.33633E-03,  3.71978E-03,  4.16017E-03,  4.66723E-03,  5.25230E-03,  5.92840E-03,  6.71012E-03,  7.61300E-03,NA,NA,NA,NA,NA,NA,NA,NA,NA,NA,NA,NA,NA,NA,NA,NA,NA,NA,NA,NA,NA,NA,NA,NA,NA,NA,NA,NA,NA,NA,NA,NA,NA,NA,NA,NA,NA,NA,NA,NA,NA,NA,  7.81228E-03,  6.86144E-03,  6.04306E-03,  5.33824E-03,  4.73033E-03,  4.20491E-03,  3.74967E-03,  3.35415E-03,  3.00954E-03,  2.70838E-03,  2.44440E-03,  2.21233E-03,
  1.99124E-03,  2.19839E-03,  2.43444E-03,  2.70429E-03,  3.01382E-03,  3.37004E-03,  3.78135E-03,  4.25773E-03,  4.81102E-03,  5.45513E-03,  6.20603E-03,  7.08152E-03,NA,NA,NA,NA,NA,NA,NA,NA,NA,NA,NA,NA,NA,NA,NA,NA,NA,NA,NA,NA,NA,NA,NA,NA,NA,NA,NA,NA,NA,NA,NA,NA,NA,NA,NA,NA,NA,NA,NA,NA,NA,NA,  7.23090E-03,  6.31579E-03,  5.53499E-03,  4.86772E-03,  4.29615E-03,  3.80519E-03,  3.38216E-03,  3.01648E-03,  2.69931E-03,  2.42329E-03,  2.18227E-03,  1.97112E-03,
  1.74281E-03,  1.92709E-03,  2.13772E-03,  2.37932E-03,  2.65744E-03,  2.97878E-03,  3.35140E-03,  3.78501E-03,  4.29124E-03,  4.88391E-03,  5.57921E-03,  6.39558E-03,  7.35305E-03,NA,NA,NA,NA,NA,NA,NA,NA,NA,NA,NA,NA,NA,NA,NA,NA,NA,NA,NA,NA,NA,NA,NA,NA,NA,NA,NA,NA,NA,NA,NA,NA,NA,NA,NA,NA,NA,NA,NA,NA,  7.50631E-03,  6.50054E-03,  5.65034E-03,  4.93040E-03,  4.31920E-03,  3.79874E-03,  3.35404E-03,  2.97268E-03,  2.64442E-03,  2.36083E-03,  2.11490E-03,  1.90085E-03,  1.71390E-03,
  1.48118E-03,  1.63968E-03,  1.82126E-03,  2.03008E-03,  2.27111E-03,  2.55042E-03,  2.87532E-03,  3.25469E-03,  3.69923E-03,  4.22178E-03,  4.83754E-03,  5.56409E-03,  6.42100E-03,NA,NA,NA,NA,NA,NA,NA,NA,NA,NA,NA,NA,NA,NA,NA,NA,NA,NA,NA,NA,NA,NA,NA,NA,NA,NA,NA,NA,NA,NA,NA,NA,NA,NA,NA,NA,NA,NA,NA,NA,  6.52977E-03,  5.62839E-03,  4.87223E-03,  4.23605E-03,  3.69897E-03,  3.24385E-03,  2.85664E-03,  2.52586E-03,  2.24212E-03,  1.99775E-03,  1.78644E-03,  1.60301E-03,  1.44319E-03,
  1.20931E-03,  1.33956E-03,  1.48902E-03,  1.66116E-03,  1.86020E-03,  2.09125E-03,  2.36049E-03,  2.67546E-03,  3.04530E-03,  3.48101E-03,  3.99572E-03,  4.60483E-03,  5.32581E-03,NA,NA,NA,NA,NA,NA,NA,NA,NA,NA,NA,NA,NA,NA,NA,NA,NA,NA,NA,NA,NA,NA,NA,NA,NA,NA,NA,NA,NA,NA,NA,NA,NA,NA,NA,NA,NA,NA,NA,NA,  5.39199E-03,  4.62995E-03,  3.99498E-03,  3.46368E-03,  3.01715E-03,  2.64018E-03,  2.32049E-03,  2.04814E-03,  1.81510E-03,  1.61483E-03,  1.44202E-03,  1.29229E-03,  1.16207E-03,
  9.30634E-04,  1.03076E-03,  1.14572E-03,  1.27818E-03,  1.43137E-03,  1.60921E-03,  1.81644E-03,  2.05884E-03,  2.34339E-03,  2.67858E-03,  3.07455E-03,  3.54335E-03,  4.09892E-03,  4.75690E-03,NA,NA,NA,NA,NA,NA,NA,NA,NA,NA,NA,NA,NA,NA,NA,NA,NA,NA,NA,NA,NA,NA,NA,NA,NA,NA,NA,NA,NA,NA,NA,NA,NA,NA,NA,NA,NA,NA,  4.84006E-03,  4.12071E-03,  3.52860E-03,  3.03821E-03,  2.62969E-03,  2.28745E-03,  1.99921E-03,  1.75519E-03,  1.54759E-03,  1.37016E-03,  1.21783E-03,  1.08650E-03,  9.72833E-04,  8.74072E-04,
  6.48973E-04,  7.17816E-04,  7.96761E-04,  8.87570E-04,  9.92357E-04,  1.11366E-03,  1.25453E-03,  1.41867E-03,  1.61050E-03,  1.83541E-03,  2.09985E-03,  2.41152E-03,  2.77964E-03,  3.21506E-03,NA,NA,NA,NA,NA,NA,NA,NA,NA,NA,NA,NA,NA,NA,NA,NA,NA,NA,NA,NA,NA,NA,NA,NA,NA,NA,NA,NA,NA,NA,NA,NA,NA,NA,NA,NA,NA,NA,  3.24103E-03,  2.75290E-03,  2.35479E-03,  2.02692E-03,  1.75460E-03,  1.52673E-03,  1.33480E-03,  1.17219E-03,  1.03370E-03,  9.15180E-04,  8.13319E-04,  7.25423E-04,  6.49298E-04,  5.83140E-04,
  3.68446E-04,  4.05617E-04,  4.47996E-04,  4.96379E-04,  5.51684E-04,  6.14969E-04,  6.87457E-04,  7.70557E-04,  8.65901E-04,  9.75384E-04,  1.10124E-03,  1.24614E-03,  1.41345E-03,  1.60763E-03,  1.83516E-03,NA,NA,NA,NA,NA,NA,NA,NA,NA,NA,NA,NA,NA,NA,NA,NA,NA,NA,NA,NA,NA,NA,NA,NA,NA,NA,NA,NA,NA,NA,NA,NA,NA,NA,NA,NA,  1.86720E-03,  1.56806E-03,  1.33336E-03,  1.14485E-03,  9.90517E-04,  8.62220E-04,  7.54292E-04,  6.62664E-04,  5.84326E-04,  5.16985E-04,  4.58852E-04,  4.08500E-04,  3.64768E-04,  3.26699E-04,  2.93493E-04,
  9.33219E-05,  9.92635E-05,  1.05549E-04,  1.12003E-04,  1.18340E-04,  1.24122E-04,  1.28706E-04,  1.31174E-04,  1.30251E-04,  1.24219E-04,  1.10834E-04,  8.72905E-05,  5.03187E-05, -3.42772E-06, -7.63560E-05,NA,NA,NA,NA,NA,NA,NA,NA,NA,NA,NA,NA,NA,NA,NA,NA,NA,NA,NA,NA,NA,NA,NA,NA,NA,NA,NA,NA,NA,NA,NA,NA,NA,NA,NA,NA, -1.38689E-04, -1.15369E-04, -8.71429E-05, -6.06624E-05, -3.85684E-05, -2.14527E-05, -8.94606E-06, -3.02548E-07,  5.30235E-06,  8.63163E-06,  1.03315E-05,  1.09198E-05,  1.07943E-05,  1.02504E-05,  9.49972E-06,
 -1.72116E-04, -1.96122E-04, -2.24418E-04, -2.58101E-04, -2.98599E-04, -3.47771E-04, -4.08038E-04, -4.82545E-04, -5.75362E-04, -6.91726E-04, -8.38299E-04, -1.02343E-03, -1.25733E-03, -1.55199E-03, -1.92061E-03, -2.37584E-03,NA,NA,NA,NA,NA,NA,NA,NA,NA,NA,NA,NA,NA,NA,NA,NA,NA,NA,NA,NA,NA,NA,NA,NA,NA,NA,NA,NA,NA,NA,NA,NA,NA,NA, -2.48656E-03, -2.08323E-03, -1.74022E-03, -1.45433E-03, -1.21895E-03, -1.02645E-03, -8.69476E-04, -7.41462E-04, -6.36819E-04, -5.50926E-04, -4.80029E-04, -4.21121E-04, -3.71811E-04, -3.30206E-04, -2.94816E-04, -2.64464E-04,
 -4.23715E-04, -4.75575E-04, -5.35938E-04, -6.06718E-04, -6.90354E-04, -7.89962E-04, -9.09533E-04, -1.05419E-03, -1.23048E-03, -1.44680E-03, -1.71381E-03, -2.04500E-03, -2.45718E-03, -2.97095E-03, -3.61081E-03, -4.40465E-03,NA,NA,NA,NA,NA,NA,NA,NA,NA,NA,NA,NA,NA,NA,NA,NA,NA,NA,NA,NA,NA,NA,NA,NA,NA,NA,NA,NA,NA,NA,NA,NA,NA,NA, -4.65103E-03, -3.87445E-03, -3.23578E-03, -2.71345E-03, -2.28732E-03, -1.93963E-03, -1.65539E-03, -1.42222E-03, -1.23005E-03, -1.07080E-03, -9.38002E-04, -8.26534E-04, -7.32323E-04, -6.52144E-04, -5.83435E-04, -5.24161E-04,
 -6.57589E-04, -7.34468E-04, -8.23465E-04, -9.27159E-04, -1.04881E-03, -1.19254E-03, -1.36360E-03, -1.56868E-03, -1.81631E-03, -2.11741E-03, -2.48587E-03, -2.93936E-03, -3.50022E-03, -4.19644E-03, -5.06264E-03, -6.14092E-03, -7.48111E-03,NA,NA,NA,NA,NA,NA,NA,NA,NA,NA,NA,NA,NA,NA,NA,NA,NA,NA,NA,NA,NA,NA,NA,NA,NA,NA,NA,NA,NA,NA,NA,NA, -7.86016E-03, -6.51681E-03, -5.42300E-03, -4.53447E-03, -3.81284E-03, -3.22585E-03, -2.74697E-03, -2.35471E-03, -2.03180E-03, -1.76447E-03, -1.54180E-03, -1.35514E-03, -1.19761E-03, -1.06379E-03, -9.49361E-04, -8.50891E-04, -7.65637E-04,
 -8.70249E-04, -9.68667E-04, -1.08207E-03, -1.21352E-03, -1.36685E-03, -1.54687E-03, -1.75968E-03, -2.01302E-03, -2.31673E-03, -2.68337E-03, -3.12895E-03, -3.67389E-03, -4.34420E-03, -5.17290E-03, -6.20171E-03, -7.48301E-03,NA,NA,NA,NA,NA,NA,NA,NA,NA,NA,NA,NA,NA,NA,NA,NA,NA,NA,NA,NA,NA,NA,NA,NA,NA,NA,NA,NA,NA,NA,NA,NA,NA,NA, -7.97648E-03, -6.64977E-03, -5.57715E-03, -4.70761E-03, -4.00005E-03, -3.42166E-03, -2.94634E-03, -2.55344E-03, -2.22665E-03, -1.95308E-03, -1.72258E-03, -1.52707E-03, -1.36019E-03, -1.21685E-03, -1.09298E-03, -9.85347E-04,
 -1.05871E-03, -1.17467E-03, -1.30764E-03, -1.46093E-03, -1.63865E-03, -1.84597E-03, -2.08934E-03, -2.37695E-03, -2.71914E-03, -3.12905E-03, -3.62344E-03, -4.22364E-03, -4.95690E-03, -5.85798E-03, -6.97116E-03, -8.35273E-03,NA,NA,NA,NA,NA,NA,NA,NA,NA,NA,NA,NA,NA,NA,NA,NA,NA,NA,NA,NA,NA,NA,NA,NA,NA,NA,NA,NA,NA,NA,NA,NA,NA,NA, -8.94638E-03, -7.49362E-03, -6.31826E-03, -5.36325E-03, -4.58337E-03, -3.94294E-03, -3.41386E-03, -2.97400E-03, -2.60595E-03, -2.29596E-03, -2.03318E-03, -1.80899E-03, -1.61656E-03, -1.45042E-03, -1.30617E-03, -1.18027E-03,
 -1.22057E-03, -1.34971E-03, -1.49696E-03, -1.66565E-03, -1.85989E-03, -2.08477E-03, -2.34662E-03, -2.65340E-03, -3.01507E-03, -3.44424E-03, -3.95686E-03, -4.57315E-03, -5.31881E-03, -6.22651E-03, -7.33771E-03, -8.70499E-03,NA,NA,NA,NA,NA,NA,NA,NA,NA,NA,NA,NA,NA,NA,NA,NA,NA,NA,NA,NA,NA,NA,NA,NA,NA,NA,NA,NA,NA,NA,NA,NA,NA,NA, -9.37646E-03, -7.91763E-03, -6.73002E-03, -5.75840E-03, -4.95906E-03, -4.29749E-03, -3.74651E-03, -3.28468E-03, -2.89508E-03, -2.56432E-03, -2.28178E-03, -2.03898E-03, -1.82915E-03, -1.64685E-03, -1.48766E-03, -1.34801E-03,
 -1.35408E-03, -1.49183E-03, -1.64785E-03, -1.82527E-03, -2.02786E-03, -2.26028E-03, -2.52822E-03, -2.83874E-03, -3.20058E-03, -3.62465E-03, -4.12458E-03, -4.71741E-03, -5.42452E-03, -6.27263E-03, -7.29507E-03, -8.53304E-03,NA,NA,NA,NA,NA,NA,NA,NA,NA,NA,NA,NA,NA,NA,NA,NA,NA,NA,NA,NA,NA,NA,NA,NA,NA,NA,NA,NA,NA,NA,NA,NA,NA,NA, -9.25595E-03, -7.91283E-03, -6.80480E-03, -5.88649E-03, -5.12137E-03, -4.48022E-03, -3.93973E-03, -3.48137E-03, -3.09035E-03, -2.75484E-03, -2.46538E-03, -2.21434E-03, -1.99554E-03, -1.80397E-03, -1.63552E-03, -1.48680E-03,
 -1.45814E-03, -1.59989E-03, -1.75916E-03, -1.93863E-03, -2.14151E-03, -2.37162E-03, -2.63355E-03, -2.93286E-03, -3.27627E-03, -3.67194E-03, -4.12979E-03, -4.66188E-03, -5.28276E-03, -6.00989E-03, -6.86383E-03,NA,NA,NA,NA,NA,NA,NA,NA,NA,NA,NA,NA,NA,NA,NA,NA,NA,NA,NA,NA,NA,NA,NA,NA,NA,NA,NA,NA,NA,NA,NA,NA,NA,NA,NA,NA, -7.49856E-03, -6.55550E-03, -5.75599E-03, -5.07571E-03, -4.49436E-03, -3.99528E-03, -3.56479E-03, -3.19175E-03, -2.86705E-03, -2.58321E-03, -2.33411E-03, -2.11467E-03, -1.92068E-03, -1.74864E-03, -1.59560E-03,
 -1.53230E-03, -1.67355E-03, -1.83073E-03, -2.00588E-03, -2.20138E-03, -2.41992E-03, -2.66460E-03, -2.93895E-03, -3.24699E-03, -3.59330E-03, -3.98298E-03, -4.42161E-03, -4.91506E-03, -5.46903E-03, -6.08808E-03,NA,NA,NA,NA,NA,NA,NA,NA,NA,NA,NA,NA,NA,NA,NA,NA,NA,NA,NA,NA,NA,NA,NA,NA,NA,NA,NA,NA,NA,NA,NA,NA,NA,NA,NA,NA, -6.71953E-03, -6.01360E-03, -5.38915E-03, -4.83777E-03, -4.35097E-03, -3.92082E-03, -3.54018E-03, -3.20279E-03, -2.90317E-03, -2.63660E-03, -2.39899E-03, -2.18679E-03, -1.99694E-03, -1.82678E-03, -1.67401E-03,
 -1.57675E-03, -1.71325E-03, -1.86333E-03, -2.02829E-03, -2.20945E-03, -2.40813E-03, -2.62562E-03, -2.86305E-03, -3.12128E-03, -3.40067E-03, -3.70071E-03, -4.01959E-03, -4.35328E-03, -4.69429E-03, -5.02959E-03,NA,NA,NA,NA,NA,NA,NA,NA,NA,NA,NA,NA,NA,NA,NA,NA,NA,NA,NA,NA,NA,NA,NA,NA,NA,NA,NA,NA,NA,NA,NA,NA,NA,NA,NA,NA, -5.64021E-03, -5.22560E-03, -4.81962E-03, -4.43197E-03, -4.06772E-03, -3.72913E-03, -3.41673E-03, -3.13002E-03, -2.86785E-03, -2.62878E-03, -2.41117E-03, -2.21334E-03, -2.03364E-03, -1.87046E-03, -1.72230E-03,
 -1.59221E-03, -1.72006E-03, -1.85857E-03, -2.00813E-03, -2.16889E-03, -2.34066E-03, -2.52272E-03, -2.71357E-03, -2.91060E-03, -3.10962E-03, -3.30416E-03, -3.48452E-03, -3.63638E-03, -3.73870E-03,NA,NA,NA,NA,NA,NA,NA,NA,NA,NA,NA,NA,NA,NA,NA,NA,NA,NA,NA,NA,NA,NA,NA,NA,NA,NA,NA,NA,NA,NA,NA,NA,NA,NA,NA,NA,NA,NA, -4.24826E-03, -4.08921E-03, -3.88912E-03, -3.66734E-03, -3.43697E-03, -3.20677E-03, -2.98247E-03, -2.76768E-03, -2.56453E-03, -2.37411E-03, -2.19681E-03, -2.03253E-03, -1.88089E-03, -1.74128E-03,
 -1.57987E-03, -1.69564E-03, -1.81869E-03, -1.94844E-03, -2.08384E-03, -2.22309E-03, -2.36339E-03, -2.50053E-03, -2.62837E-03, -2.73811E-03, -2.81731E-03, -2.84846E-03, -2.80714E-03, -2.65933E-03,NA,NA,NA,NA,NA,NA,NA,NA,NA,NA,NA,NA,NA,NA,NA,NA,NA,NA,NA,NA,NA,NA,NA,NA,NA,NA,NA,NA,NA,NA,NA,NA,NA,NA,NA,NA,NA,NA, -3.14367E-03, -3.24434E-03, -3.24393E-03, -3.17576E-03, -3.06368E-03, -2.92472E-03, -2.77091E-03, -2.61067E-03, -2.44981E-03, -2.29222E-03, -2.14044E-03, -1.99603E-03, -1.85983E-03, -1.73223E-03,
 -1.54130E-03, -1.64205E-03, -1.74640E-03, -1.85283E-03, -1.95904E-03, -2.06167E-03, -2.15589E-03, -2.23486E-03, -2.28903E-03, -2.30521E-03, -2.26526E-03, -2.14442E-03, -1.90892E-03, -1.51296E-03,NA,NA,NA,NA,NA,NA,NA,NA,NA,NA,NA,NA,NA,NA,NA,NA,NA,NA,NA,NA,NA,NA,NA,NA,NA,NA,NA,NA,NA,NA,NA,NA,NA,NA,NA,NA,NA,NA, -1.97456E-03, -2.33259E-03, -2.53239E-03, -2.62016E-03, -2.62979E-03, -2.58607E-03, -2.50701E-03, -2.40564E-03, -2.29128E-03, -2.17054E-03, -2.04807E-03, -1.92701E-03, -1.80948E-03, -1.69682E-03,
 -1.47833E-03, -1.56164E-03, -1.64473E-03, -1.72518E-03, -1.79954E-03, -1.86297E-03, -1.90876E-03, -1.92766E-03, -1.90705E-03, -1.82976E-03, -1.67261E-03, -1.40434E-03, -9.83073E-04, -3.52793E-04,NA,NA,NA,NA,NA,NA,NA,NA,NA,NA,NA,NA,NA,NA,NA,NA,NA,NA,NA,NA,NA,NA,NA,NA,NA,NA,NA,NA,NA,NA,NA,NA,NA,NA,NA,NA,NA,NA, -8.00351E-04, -1.39956E-03, -1.78935E-03, -2.02712E-03, -2.15555E-03, -2.20625E-03, -2.20256E-03, -2.16158E-03, -2.09583E-03, -2.01438E-03, -1.92376E-03, -1.82864E-03, -1.73228E-03, -1.63696E-03,
 -1.39297E-03, -1.45691E-03, -1.51683E-03, -1.56948E-03, -1.61039E-03, -1.63342E-03, -1.63024E-03, -1.58954E-03, -1.49608E-03, -1.32936E-03, -1.06197E-03, -6.57318E-04, -6.67838E-05,  7.73967E-04,NA,NA,NA,NA,NA,NA,NA,NA,NA,NA,NA,NA,NA,NA,NA,NA,NA,NA,NA,NA,NA,NA,NA,NA,NA,NA,NA,NA,NA,NA,NA,NA,NA,NA,NA,NA,NA,NA,  3.25962E-04, -4.86259E-04, -1.04640E-03, -1.42092E-03, -1.65961E-03, -1.79964E-03, -1.86864E-03, -1.88711E-03, -1.87017E-03, -1.82897E-03, -1.77165E-03, -1.70418E-03, -1.63083E-03, -1.55471E-03,
 -1.28727E-03, -1.33039E-03, -1.36580E-03, -1.38956E-03, -1.39634E-03, -1.37897E-03, -1.32781E-03, -1.22995E-03, -1.06812E-03, -8.19298E-04, -4.52862E-04,  7.18201E-05,  8.08450E-04,  1.82770E-03,NA,NA,NA,NA,NA,NA,NA,NA,NA,NA,NA,NA,NA,NA,NA,NA,NA,NA,NA,NA,NA,NA,NA,NA,NA,NA,NA,NA,NA,NA,NA,NA,NA,NA,NA,NA,NA,NA,  1.36034E-03,  3.73153E-04, -3.29991E-04, -8.22054E-04, -1.15790E-03, -1.37864E-03, -1.51499E-03, -1.58989E-03, -1.62040E-03, -1.61918E-03, -1.59566E-03, -1.55680E-03, -1.50772E-03, -1.45221E-03,
 -1.16330E-03, -1.18452E-03, -1.19456E-03, -1.18894E-03, -1.16166E-03, -1.10480E-03, -1.00782E-03, -8.56720E-04, -6.32925E-04, -3.11795E-04,  1.39321E-04,  7.63609E-04,  1.61804E-03,  2.77747E-03,NA,NA,NA,NA,NA,NA,NA,NA,NA,NA,NA,NA,NA,NA,NA,NA,NA,NA,NA,NA,NA,NA,NA,NA,NA,NA,NA,NA,NA,NA,NA,NA,NA,NA,NA,NA,NA,NA,  2.26983E-03,  1.15319E-03,  3.40107E-04, -2.45973E-04, -6.62595E-04, -9.52950E-04, -1.14942E-03, -1.27627E-03, -1.35168E-03, -1.38929E-03, -1.39933E-03, -1.38946E-03, -1.36542E-03, -1.33152E-03,
 -1.02306E-03, -1.02161E-03, -1.00578E-03, -9.70675E-04, -9.09903E-04, -8.15073E-04, -6.75165E-04, -4.75677E-04, -1.97491E-04,  1.84638E-04,  7.04068E-04,  1.40489E-03,  2.34530E-03,  3.60199E-03,NA,NA,NA,NA,NA,NA,NA,NA,NA,NA,NA,NA,NA,NA,NA,NA,NA,NA,NA,NA,NA,NA,NA,NA,NA,NA,NA,NA,NA,NA,NA,NA,NA,NA,NA,NA,NA,NA,  3.03447E-03,  1.83868E-03,  9.52047E-04,  2.97853E-04, -1.81447E-04, -5.29038E-04, -7.77377E-04, -9.50900E-04, -1.06805E-03, -1.14279E-03, -1.18569E-03, -1.20479E-03, -1.20623E-03, -1.19466E-03,
 -8.68427E-04, -8.43749E-04, -8.01760E-04, -7.37331E-04, -6.43859E-04, -5.12813E-04, -3.33124E-04, -9.03735E-05,  2.34299E-04,  6.65662E-04,  1.23637E-03,  1.98957E-03,  2.98244E-03,  4.29074E-03,NA,NA,NA,NA,NA,NA,NA,NA,NA,NA,NA,NA,NA,NA,NA,NA,NA,NA,NA,NA,NA,NA,NA,NA,NA,NA,NA,NA,NA,NA,NA,NA,NA,NA,NA,NA,NA,NA,  3.64931E-03,  2.42612E-03,  1.50289E-03,  8.06607E-04,  2.82697E-04, -1.09807E-04, -4.01795E-04, -6.16682E-04, -7.72305E-04, -8.82314E-04, -9.57206E-04, -1.00508E-03, -1.03222E-03, -1.04349E-03,
 -7.01176E-04, -6.52834E-04, -5.84493E-04, -4.90925E-04, -3.65522E-04, -1.99892E-04,  1.66854E-05,  2.97981E-04,  6.61808E-04,  1.13137E-03,  1.73714E-03,  2.51935E-03,  3.53157E-03,  4.84534E-03,NA,NA,NA,NA,NA,NA,NA,NA,NA,NA,NA,NA,NA,NA,NA,NA,NA,NA,NA,NA,NA,NA,NA,NA,NA,NA,NA,NA,NA,NA,NA,NA,NA,NA,NA,NA,NA,NA,  4.12619E-03,  2.92474E-03,  1.99916E-03,  1.28441E-03,  7.31994E-04,  3.05417E-04, -2.30656E-05, -2.74723E-04, -4.65995E-04, -6.09678E-04, -7.15794E-04, -7.92235E-04, -8.45239E-04, -8.79758E-04,
 -5.22979E-04, -4.50573E-04, -3.55657E-04, -2.33009E-04, -7.61688E-05,  1.22891E-04,  3.74207E-04,  6.90418E-04,  1.08758E-03,  1.58633E-03,  2.21344E-03,  3.00419E-03,  4.00564E-03,  5.28132E-03,  6.91798E-03,NA,NA,NA,NA,NA,NA,NA,NA,NA,NA,NA,NA,NA,NA,NA,NA,NA,NA,NA,NA,NA,NA,NA,NA,NA,NA,NA,NA,NA,NA,NA,NA,NA,NA,NA,NA,  5.94287E-03,  4.49514E-03,  3.35701E-03,  2.45685E-03,  1.74207E-03,  1.17331E-03,  7.20585E-04,  3.60686E-04,  7.54218E-05, -1.49626E-04, -3.25977E-04, -4.62897E-04, -5.67869E-04, -6.46963E-04, -7.05113E-04,
 -3.35448E-04, -2.38553E-04, -1.16718E-04,  3.52188E-05,  2.23479E-04,  4.55584E-04,  7.40670E-04,  1.08990E-03,  1.51702E-03,  2.03922E-03,  2.67830E-03,  3.46250E-03,  4.42933E-03,  5.62989E-03,  7.13549E-03,NA,NA,NA,NA,NA,NA,NA,NA,NA,NA,NA,NA,NA,NA,NA,NA,NA,NA,NA,NA,NA,NA,NA,NA,NA,NA,NA,NA,NA,NA,NA,NA,NA,NA,NA,NA,  6.08912E-03,  4.80476E-03,  3.75814E-03,  2.90063E-03,  2.19627E-03,  1.61744E-03,  1.14227E-03,  7.53084E-04,  4.35358E-04,  1.77065E-04, -3.18117E-05, -1.99636E-04, -3.33397E-04, -4.38937E-04, -5.21135E-04,
 -1.40188E-04, -1.83259E-05,  1.30946E-04,  3.12728E-04,  5.32998E-04,  7.98750E-04,  1.11815E-03,  1.50074E-03,  1.95768E-03,  2.50218E-03,  3.15004E-03,  3.92075E-03,  4.83932E-03,  5.93960E-03,  7.27006E-03,NA,NA,NA,NA,NA,NA,NA,NA,NA,NA,NA,NA,NA,NA,NA,NA,NA,NA,NA,NA,NA,NA,NA,NA,NA,NA,NA,NA,NA,NA,NA,NA,NA,NA,NA,NA,  6.22177E-03,  5.12088E-03,  4.17423E-03,  3.36196E-03,  2.66789E-03,  2.07776E-03,  1.57864E-03,  1.15872E-03,  8.07279E-04,  5.14693E-04,  2.72426E-04,  7.29779E-05, -9.01800E-05, -2.22692E-04, -3.29406E-04,
  6.11302E-05,  2.08489E-04,  3.85888E-04,  5.98434E-04,  8.51950E-04,  1.15301E-03,  1.50895E-03,  1.92780E-03,  2.41826E-03,  2.98945E-03,  3.65085E-03,  4.41212E-03,  5.28350E-03,  6.27703E-03,  7.41015E-03,NA,NA,NA,NA,NA,NA,NA,NA,NA,NA,NA,NA,NA,NA,NA,NA,NA,NA,NA,NA,NA,NA,NA,NA,NA,NA,NA,NA,NA,NA,NA,NA,NA,NA,NA,NA,  6.45560E-03,  5.52244E-03,  4.65845E-03,  3.87592E-03,  3.17951E-03,  2.56838E-03,  2.03808E-03,  1.58217E-03,  1.19326E-03,  8.63725E-04,  5.86199E-04,  3.53812E-04,  1.60321E-04,  1.57524E-07, -1.31579E-04,
  2.66700E-04,  4.40092E-04,  6.46425E-04,  8.90945E-04,  1.17951E-03,  1.51853E-03,  1.91484E-03,  2.37546E-03,  2.90712E-03,  3.51554E-03,  4.20441E-03,  4.97380E-03,  5.81837E-03,  6.72532E-03,NA,NA,NA,NA,NA,NA,NA,NA,NA,NA,NA,NA,NA,NA,NA,NA,NA,NA,NA,NA,NA,NA,NA,NA,NA,NA,NA,NA,NA,NA,NA,NA,NA,NA,NA,NA,NA,NA,  6.09379E-03,  5.26493E-03,  4.47663E-03,  3.75216E-03,  3.10175E-03,  2.52752E-03,  2.02684E-03,  1.59447E-03,  1.22395E-03,  9.08472E-04,  6.41365E-04,  4.16375E-04,  2.27803E-04,  7.05525E-05,
  4.74515E-04,  6.74400E-04,  9.10476E-04,  1.18832E-03,  1.51409E-03,  1.89443E-03,  2.33626E-03,  2.84634E-03,  3.43054E-03,  4.09265E-03,  4.83239E-03,  5.64237E-03,  6.50356E-03,NA,NA,NA,NA,NA,NA,NA,NA,NA,NA,NA,NA,NA,NA,NA,NA,NA,NA,NA,NA,NA,NA,NA,NA,NA,NA,NA,NA,NA,NA,NA,NA,NA,NA,NA,NA,NA,NA,NA,  6.91276E-03,  6.04031E-03,  5.19146E-03,  4.40132E-03,  3.68610E-03,  3.05075E-03,  2.49382E-03,  2.01041E-03,  1.59397E-03,  1.23737E-03,  9.33549E-04,  6.75844E-04,  4.58153E-04,  2.74999E-04,
  6.82322E-04,  9.08971E-04,  1.17544E-03,  1.48786E-03,  1.85302E-03,  2.27832E-03,  2.77147E-03,  3.34007E-03,  3.99077E-03,  4.72769E-03,  5.54991E-03,  6.44714E-03,  7.39257E-03,NA,NA,NA,NA,NA,NA,NA,NA,NA,NA,NA,NA,NA,NA,NA,NA,NA,NA,NA,NA,NA,NA,NA,NA,NA,NA,NA,NA,NA,NA,NA,NA,NA,NA,NA,NA,NA,NA,NA,NA,  7.01362E-03,  6.03463E-03,  5.13299E-03,  4.32287E-03,  3.60677E-03,  2.98089E-03,  2.43831E-03,  1.97080E-03,  1.56993E-03,  1.22753E-03,  9.36086E-04,  6.88774E-04,  4.79542E-04,
  8.87613E-04,  1.14097E-03,  1.43812E-03,  1.78597E-03,  2.19233E-03,  2.66585E-03,  3.21591E-03,  3.85222E-03,  4.58413E-03,  5.41917E-03,  6.36042E-03,  7.40178E-03,NA,NA,NA,NA,NA,NA,NA,NA,NA,NA,NA,NA,NA,NA,NA,NA,NA,NA,NA,NA,NA,NA,NA,NA,NA,NA,NA,NA,NA,NA,NA,NA,NA,NA,NA,NA,NA,NA,NA,NA,NA,  8.18606E-03,  7.00132E-03,  5.94021E-03,  5.00480E-03,  4.18873E-03,  3.48186E-03,  2.87267E-03,  2.34967E-03,  1.90197E-03,  1.51967E-03,  1.19391E-03,  9.16876E-04,  6.81734E-04,
  1.08764E-03,  1.36718E-03,  1.69473E-03,  2.07819E-03,  2.52668E-03,  3.05063E-03,  3.66188E-03,  4.37356E-03,  5.19977E-03,  6.15475E-03,  7.25102E-03,  8.49563E-03,NA,NA,NA,NA,NA,NA,NA,NA,NA,NA,NA,NA,NA,NA,NA,NA,NA,NA,NA,NA,NA,NA,NA,NA,NA,NA,NA,NA,NA,NA,NA,NA,NA,NA,NA,NA,NA,NA,NA,NA,NA,NA,  8.06385E-03,  6.80131E-03,  5.71501E-03,  4.78349E-03,  3.98640E-03,  3.30533E-03,  2.72398E-03,  2.22815E-03,  1.80556E-03,  1.44565E-03,  1.13935E-03,  8.78925E-04,
  1.27949E-03,  1.58411E-03,  1.94101E-03,  2.35924E-03,  2.84947E-03,  3.42430E-03,  4.09866E-03,  4.89013E-03,  5.81933E-03,  6.91018E-03,  8.18977E-03,  9.68736E-03,NA,NA,NA,NA,NA,NA,NA,NA,NA,NA,NA,NA,NA,NA,NA,NA,NA,NA,NA,NA,NA,NA,NA,NA,NA,NA,NA,NA,NA,NA,NA,NA,NA,NA,NA,NA,NA,NA,NA,NA,NA,NA,  9.17165E-03,  7.68039E-03,  6.42771E-03,  5.37222E-03,  4.48058E-03,  3.72575E-03,  3.08566E-03,  2.54214E-03,  2.08016E-03,  1.68722E-03,  1.35287E-03,  1.06834E-03,
  1.46018E-03,  1.78808E-03,  2.17240E-03,  2.62334E-03,  3.15324E-03,  3.77705E-03,  4.51312E-03,  5.38404E-03,  6.41801E-03,  7.65048E-03,  9.12659E-03,NA,NA,NA,NA,NA,NA,NA,NA,NA,NA,NA,NA,NA,NA,NA,NA,NA,NA,NA,NA,NA,NA,NA,NA,NA,NA,NA,NA,NA,NA,NA,NA,NA,NA,NA,NA,NA,NA,NA,NA,NA,NA,NA,  1.02560E-02,  8.53072E-03,  7.11053E-03,  5.93206E-03,  4.94792E-03,  4.12185E-03,  3.42566E-03,  2.83703E-03,  2.33810E-03,  1.91437E-03,  1.55399E-03,  1.24717E-03,
  1.62678E-03,  1.97545E-03,  2.38427E-03,  2.86454E-03,  3.43017E-03,  4.09839E-03,  4.89087E-03,  5.83518E-03,  6.96707E-03,  8.33371E-03,  9.99882E-03,NA,NA,NA,NA,NA,NA,NA,NA,NA,NA,NA,NA,NA,NA,NA,NA,NA,NA,NA,NA,NA,NA,NA,NA,NA,NA,NA,NA,NA,NA,NA,NA,NA,NA,NA,NA,NA,NA,NA,NA,NA,NA,NA,NA,  9.30074E-03,  7.72831E-03,  6.43856E-03,  5.37105E-03,  4.48105E-03,  3.73468E-03,  3.10584E-03,  2.57402E-03,  2.12291E-03,  1.73938E-03,  1.41271E-03,
  1.77658E-03,  2.14284E-03,  2.57230E-03,  3.07718E-03,  3.67273E-03,  4.37811E-03,  5.21778E-03,  6.22354E-03,  7.43753E-03,  8.91685E-03,  1.07410E-02,NA,NA,NA,NA,NA,NA,NA,NA,NA,NA,NA,NA,NA,NA,NA,NA,NA,NA,NA,NA,NA,NA,NA,NA,NA,NA,NA,NA,NA,NA,NA,NA,NA,NA,NA,NA,NA,NA,NA,NA,NA,NA,NA,NA,  9.94150E-03,  8.24778E-03,  6.86859E-03,  5.73360E-03,  4.79150E-03,  4.00402E-03,  3.34201E-03,  2.78290E-03,  2.30894E-03,  1.90594E-03,  1.56247E-03,
  1.90726E-03,  2.28731E-03,  2.73271E-03,  3.25636E-03,  3.87440E-03,  4.60733E-03,  5.48154E-03,  6.53169E-03,  7.80417E-03,  9.36255E-03,  1.12962E-02,NA,NA,NA,NA,NA,NA,NA,NA,NA,NA,NA,NA,NA,NA,NA,NA,NA,NA,NA,NA,NA,NA,NA,NA,NA,NA,NA,NA,NA,NA,NA,NA,NA,NA,NA,NA,NA,NA,NA,NA,NA,NA,NA,NA,  1.04139E-02,  8.64193E-03,  7.20316E-03,  6.02197E-03,  5.04332E-03,  4.22633E-03,  3.54002E-03,  2.96052E-03,  2.46914E-03,  2.05105E-03,  1.69432E-03,
  2.01695E-03,  2.40655E-03,  2.86260E-03,  3.39831E-03,  4.03022E-03,  4.77939E-03,  5.67305E-03,  6.74697E-03,  8.04908E-03,  9.64497E-03,  1.16266E-02,NA,NA,NA,NA,NA,NA,NA,NA,NA,NA,NA,NA,NA,NA,NA,NA,NA,NA,NA,NA,NA,NA,NA,NA,NA,NA,NA,NA,NA,NA,NA,NA,NA,NA,NA,NA,NA,NA,NA,NA,NA,NA,NA,NA,  1.06942E-02,  8.89345E-03,  7.42958E-03,  6.22676E-03,  5.22946E-03,  4.39628E-03,  3.69577E-03,  3.10367E-03,  2.60099E-03,  2.17266E-03,  1.80659E-03,
  2.10443E-03,  2.49906E-03,  2.96012E-03,  3.50070E-03,  4.13721E-03,  4.89049E-03,  5.78738E-03,  6.86293E-03,  8.16381E-03,  9.75320E-03,  1.17184E-02,NA,NA,NA,NA,NA,NA,NA,NA,NA,NA,NA,NA,NA,NA,NA,NA,NA,NA,NA,NA,NA,NA,NA,NA,NA,NA,NA,NA,NA,NA,NA,NA,NA,NA,NA,NA,NA,NA,NA,NA,NA,NA,NA,  1.29792E-02,  1.07760E-02,  8.99629E-03,  7.54260E-03,  6.34359E-03,  5.34635E-03,  4.51097E-03,  3.80690E-03,  3.21041E-03,  2.70287E-03,  2.26943E-03,  1.89814E-03,
  2.16912E-03,  2.56421E-03,  3.02455E-03,  3.56278E-03,  4.19462E-03,  4.93993E-03,  5.82403E-03,  6.87968E-03,  8.14983E-03,  9.69160E-03,  1.15821E-02,  1.39268E-02,NA,NA,NA,NA,NA,NA,NA,NA,NA,NA,NA,NA,NA,NA,NA,NA,NA,NA,NA,NA,NA,NA,NA,NA,NA,NA,NA,NA,NA,NA,NA,NA,NA,NA,NA,NA,NA,NA,NA,NA,NA,NA,  1.27704E-02,  1.06693E-02,  8.95536E-03,  7.54437E-03,  6.37320E-03,  5.39398E-03,  4.57002E-03,  3.87286E-03,  3.28017E-03,  2.77421E-03,  2.34080E-03,  1.96844E-03,
  2.21108E-03,  2.60222E-03,  3.05637E-03,  3.58537E-03,  4.20382E-03,  4.92994E-03,  5.78671E-03,  6.80333E-03,  8.01732E-03,  9.47734E-03,  1.12470E-02,  1.34099E-02,NA,NA,NA,NA,NA,NA,NA,NA,NA,NA,NA,NA,NA,NA,NA,NA,NA,NA,NA,NA,NA,NA,NA,NA,NA,NA,NA,NA,NA,NA,NA,NA,NA,NA,NA,NA,NA,NA,NA,NA,NA,NA,  1.23492E-02,  1.03971E-02,  8.78460E-03,  7.44348E-03,  6.32087E-03,  5.37562E-03,  4.57546E-03,  3.89490E-03,  3.31365E-03,  2.81540E-03,  2.38695E-03,  2.01753E-03,
  2.23104E-03,  2.61414E-03,  3.05710E-03,  3.57069E-03,  4.16804E-03,  4.86534E-03,  5.68258E-03,  6.64469E-03,  7.78285E-03,  9.13624E-03,  1.07540E-02,  1.26976E-02,NA,NA,NA,NA,NA,NA,NA,NA,NA,NA,NA,NA,NA,NA,NA,NA,NA,NA,NA,NA,NA,NA,NA,NA,NA,NA,NA,NA,NA,NA,NA,NA,NA,NA,NA,NA,NA,NA,NA,NA,NA,NA,  1.17636E-02,  9.99037E-03,  8.50422E-03,  7.25323E-03,  6.19549E-03,  5.29726E-03,  4.53135E-03,  3.87580E-03,  3.31277E-03,  2.82773E-03,  2.40876E-03,  2.04600E-03,
  2.23027E-03,  2.60173E-03,  3.02916E-03,  3.52210E-03,  4.09202E-03,  4.75278E-03,  5.52117E-03,  6.41755E-03,  7.46662E-03,  8.69820E-03,  1.01479E-02,  1.18574E-02,  1.38737E-02,NA,NA,NA,NA,NA,NA,NA,NA,NA,NA,NA,NA,NA,NA,NA,NA,NA,NA,NA,NA,NA,NA,NA,NA,NA,NA,NA,NA,NA,NA,NA,NA,NA,NA,NA,NA,NA,NA,NA,NA,  1.29213E-02,  1.10636E-02,  9.48318E-03,  8.13756E-03,  6.98976E-03,  6.00829E-03,  5.16679E-03,  4.44328E-03,  3.81953E-03,  3.28039E-03,  2.81329E-03,  2.40773E-03,  2.05494E-03,
  2.21047E-03,  2.56727E-03,  2.97563E-03,  3.44377E-03,  3.98143E-03,  4.60008E-03,  5.31330E-03,  6.13702E-03,  7.08988E-03,  8.19327E-03,  9.47121E-03,  1.09495E-02,  1.26535E-02,NA,NA,NA,NA,NA,NA,NA,NA,NA,NA,NA,NA,NA,NA,NA,NA,NA,NA,NA,NA,NA,NA,NA,NA,NA,NA,NA,NA,NA,NA,NA,NA,NA,NA,NA,NA,NA,NA,NA,  1.37297E-02,  1.18943E-02,  1.02955E-02,  8.90871E-03,  7.70845E-03,  6.67019E-03,  5.77164E-03,  4.99319E-03,  4.31782E-03,  3.73093E-03,  3.22009E-03,  2.77472E-03,  2.38584E-03,  2.04581E-03,
NA,  2.51344E-03,  2.90003E-03,  3.34037E-03,  3.84247E-03,  4.41552E-03,  5.07008E-03,  5.81810E-03,  6.67287E-03,  7.64878E-03,  8.76060E-03,  1.00222E-02,  1.14443E-02,  1.30302E-02,NA,NA,NA,NA,NA,NA,NA,NA,NA,NA,NA,NA,NA,NA,NA,NA,NA,NA,NA,NA,NA,NA,NA,NA,NA,NA,NA,NA,NA,NA,NA,NA,NA,NA,NA,NA,NA,NA,  1.23829E-02,  1.08573E-02,  9.49820E-03,  8.29656E-03,  7.23912E-03,  6.31115E-03,  5.49798E-03,  4.78579E-03,  4.16196E-03,  3.61528E-03,  3.13586E-03,  2.71507E-03,  2.34541E-03,NA,
NA,  2.44313E-03,  2.80609E-03,  3.21672E-03,  3.68139E-03,  4.20723E-03,  4.80213E-03,  5.47460E-03,  6.23354E-03,  7.08779E-03,  8.04526E-03,  9.11156E-03,  1.02879E-02,  1.15678E-02,  1.29331E-02,NA,NA,NA,NA,NA,NA,NA,NA,NA,NA,NA,NA,NA,NA,NA,NA,NA,NA,NA,NA,NA,NA,NA,NA,NA,NA,NA,NA,NA,NA,NA,NA,NA,NA,NA,NA,  1.24661E-02,  1.11044E-02,  9.84692E-03,  8.70241E-03,  7.67131E-03,  6.74892E-03,  5.92774E-03,  5.19900E-03,  4.55360E-03,  3.98269E-03,  3.47798E-03,  3.03188E-03,  2.63758E-03,  2.28898E-03,NA,
NA,NA,  2.69754E-03,  3.07752E-03,  3.50416E-03,  3.98279E-03,  4.51900E-03,  5.11851E-03,  5.78679E-03,  6.52851E-03,  7.34677E-03,  8.24181E-03,  9.20933E-03,  1.02382E-02,  1.13078E-02,  1.23848E-02,NA,NA,NA,NA,NA,NA,NA,NA,NA,NA,NA,NA,NA,NA,NA,NA,NA,NA,NA,NA,NA,NA,NA,NA,NA,NA,NA,NA,NA,NA,NA,NA,NA,NA,  1.21366E-02,  1.10094E-02,  9.91860E-03,  8.88782E-03,  7.93036E-03,  7.05208E-03,  6.25375E-03,  5.53290E-03,  4.88510E-03,  4.30494E-03,  3.78660E-03,  3.32425E-03,  2.91231E-03,  2.54554E-03,NA,NA,
NA,NA,  2.57794E-03,  2.92720E-03,  3.31626E-03,  3.74891E-03,  4.22890E-03,  4.75975E-03,  5.34433E-03,  5.98441E-03,  6.67988E-03,  7.42780E-03,  8.22110E-03,  9.04709E-03,  9.88578E-03,  1.07084E-02,  1.14765E-02,  1.21425E-02,NA,NA,NA,NA,NA,NA,NA,NA,NA,NA,NA,NA,NA,NA,NA,NA,NA,NA,NA,NA,NA,NA,NA,NA,NA,NA,NA,NA,NA,NA,  1.22361E-02,  1.14459E-02,  1.05897E-02,  9.70938E-03,  8.83686E-03,  7.99453E-03,  7.19702E-03,  6.45284E-03,  5.76596E-03,  5.13717E-03,  4.56511E-03,  4.04709E-03,  3.57965E-03,  3.15895E-03,  2.78106E-03,  2.44213E-03,NA,NA,
NA,NA,NA,  2.76974E-03,  3.12246E-03,  3.51129E-03,  3.93854E-03,  4.40606E-03,  4.91489E-03,  5.46481E-03,  6.05379E-03,  6.67718E-03,  7.32691E-03,  7.99047E-03,  8.65003E-03,  9.28182E-03,  9.85610E-03,  1.03382E-02,  1.06908E-02,  1.08780E-02,NA,NA,NA,NA,NA,NA,NA,NA,NA,NA,NA,NA,NA,NA,NA,NA,NA,NA,NA,NA,NA,NA,NA,NA,NA,NA,NA,  1.09703E-02,  1.04895E-02,  9.90323E-03,  9.24925E-03,  8.56001E-03,  7.86167E-03,  7.17410E-03,  6.51143E-03,  5.88306E-03,  5.29459E-03,  4.74874E-03,  4.24620E-03,  3.78620E-03,  3.36702E-03,  2.98640E-03,  2.64174E-03,NA,NA,NA,
NA,NA,NA,  2.60860E-03,  2.92681E-03,  3.27461E-03,  3.65322E-03,  4.06326E-03,  4.50454E-03,  4.97562E-03,  5.47337E-03,  5.99249E-03,  6.52489E-03,  7.05917E-03,  7.58012E-03,  8.06867E-03,  8.50216E-03,  8.85541E-03,  9.10266E-03,  9.22027E-03,  9.19016E-03,  9.00309E-03,  8.66139E-03,  8.18013E-03,  7.58644E-03,  6.91693E-03,  6.21399E-03,  5.52168E-03,  4.88212E-03,  4.33294E-03,  3.90565E-03,  3.62500E-03,  3.50847E-03,  3.56587E-03,  3.79853E-03,  4.19825E-03,  4.74637E-03,  5.41329E-03,  6.15917E-03,NA,NA,NA,NA,  9.36464E-03,  9.61577E-03,  9.69455E-03,  9.61002E-03,  9.38124E-03,  9.03352E-03,  8.59464E-03,  8.09188E-03,  7.54996E-03,  6.98982E-03,  6.42828E-03,  5.87814E-03,  5.34860E-03,  4.84585E-03,  4.37366E-03,  3.93394E-03,  3.52723E-03,  3.15308E-03,  2.81037E-03,NA,NA,NA,NA,
NA,NA,NA,NA,  2.73263E-03,  3.04255E-03,  3.37688E-03,  3.73544E-03,  4.11720E-03,  4.52003E-03,  4.94036E-03,  5.37281E-03,  5.80987E-03,  6.24155E-03,  6.65530E-03,  7.03604E-03,  7.36668E-03,  7.62900E-03,  7.80514E-03,  7.87949E-03,  7.84087E-03,  7.68464E-03,  7.41415E-03,  7.04149E-03,  6.58685E-03,  6.07705E-03,  5.54310E-03,  5.01756E-03,  4.53215E-03,  4.11566E-03,  3.79264E-03,  3.58243E-03,  3.49852E-03,  3.54802E-03,  3.73108E-03,  4.04032E-03,  4.46046E-03,  4.96844E-03,  5.53426E-03,  6.12275E-03,  6.69638E-03,  7.21856E-03,  7.65723E-03,  7.98779E-03,  8.19509E-03,  8.27397E-03,  8.22850E-03,  8.07014E-03,  7.81542E-03,  7.48348E-03,  7.09401E-03,  6.66560E-03,  6.21475E-03,  5.75532E-03,  5.29839E-03,  4.85244E-03,  4.42361E-03,  4.01609E-03,  3.63246E-03,  3.27407E-03,  2.94134E-03,  2.63397E-03,NA,NA,NA,NA,
NA,NA,NA,NA,NA,  2.81787E-03,  3.11235E-03,  3.42523E-03,  3.75503E-03,  4.09928E-03,  4.45434E-03,  4.81511E-03,  5.17490E-03,  5.52526E-03,  5.85596E-03,  6.15526E-03,  6.41031E-03,  6.60794E-03,  6.73573E-03,  6.78337E-03,  6.74401E-03,  6.61562E-03,  6.40188E-03,  6.11250E-03,  5.76283E-03,  5.37285E-03,  4.96559E-03,  4.56541E-03,  4.19621E-03,  3.88000E-03,  3.63568E-03,  3.47818E-03,  3.41782E-03,  3.45976E-03,  3.60360E-03,  3.84309E-03,  4.16604E-03,  4.55464E-03,  4.98626E-03,  5.43485E-03,  5.87289E-03,  6.27366E-03,  6.61357E-03,  6.87411E-03,  7.04319E-03,  7.11561E-03,  7.09268E-03,  6.98116E-03,  6.79184E-03,  6.53794E-03,  6.23361E-03,  5.89277E-03,  5.52826E-03,  5.15128E-03,  4.77119E-03,  4.39550E-03,  4.02994E-03,  3.67869E-03,  3.34465E-03,  3.02962E-03,  2.73456E-03,NA,NA,NA,NA,NA,
NA,NA,NA,NA,NA,NA,  2.86148E-03,  3.13417E-03,  3.41891E-03,  3.71317E-03,  4.01344E-03,  4.31511E-03,  4.61239E-03,  4.89822E-03,  5.16443E-03,  5.40191E-03,  5.60102E-03,  5.75225E-03,  5.84696E-03,  5.87832E-03,  5.84224E-03,  5.73818E-03,  5.56972E-03,  5.34472E-03,  5.07501E-03,  4.77570E-03,  4.46410E-03,  4.15857E-03,  3.87722E-03,  3.63684E-03,  3.45190E-03,  3.33387E-03,  3.29056E-03,  3.32574E-03,  3.43880E-03,  3.62463E-03,  3.87363E-03,  4.17212E-03,  4.50298E-03,  4.84678E-03,  5.18309E-03,  5.49214E-03,  5.75632E-03,  5.96154E-03,  6.09814E-03,  6.16128E-03,  6.15080E-03,  6.07056E-03,  5.92758E-03,  5.73097E-03,  5.49092E-03,  5.21780E-03,  4.92152E-03,  4.61104E-03,  4.29413E-03,  3.97722E-03,  3.66549E-03,  3.36290E-03,  3.07237E-03,  2.79592E-03,NA,NA,NA,NA,NA,NA,
NA,NA,NA,NA,NA,NA,  2.62536E-03,  2.86290E-03,  3.10878E-03,  3.36054E-03,  3.61495E-03,  3.86797E-03,  4.11465E-03,  4.34921E-03,  4.56515E-03,  4.75543E-03,  4.91285E-03,  5.03053E-03,  5.10245E-03,  5.12411E-03,  5.09315E-03,  5.00988E-03,  4.87759E-03,  4.70266E-03,  4.49431E-03,  4.26407E-03,  4.02513E-03,  3.79139E-03,  3.57664E-03,  3.39368E-03,  3.25359E-03,  3.16512E-03,  3.13418E-03,  3.16354E-03,  3.25255E-03,  3.39709E-03,  3.58968E-03,  3.81983E-03,  4.07454E-03,  4.33921E-03,  4.59855E-03,  4.83772E-03,  5.04345E-03,  5.20489E-03,  5.31433E-03,  5.36745E-03,  5.36333E-03,  5.30405E-03,  5.19415E-03,  5.03990E-03,  4.84863E-03,  4.62806E-03,  4.38581E-03,  4.12898E-03,  3.86392E-03,  3.59607E-03,  3.32997E-03,  3.06924E-03,  2.81665E-03,  2.57429E-03,NA,NA,NA,NA,NA,NA,
NA,NA,NA,NA,NA,NA,NA,  2.61140E-03,  2.82388E-03,  3.03962E-03,  3.25572E-03,  3.46868E-03,  3.67436E-03,  3.86807E-03,  4.04464E-03,  4.19867E-03,  4.32479E-03,  4.41799E-03,  4.47410E-03,  4.49018E-03,  4.46495E-03,  4.39917E-03,  4.29577E-03,  4.15995E-03,  3.99893E-03,  3.82163E-03,  3.63813E-03,  3.45906E-03,  3.29495E-03,  3.15557E-03,  3.04941E-03,  2.98312E-03,  2.96119E-03,  2.98564E-03,  3.05587E-03,  3.16860E-03,  3.31802E-03,  3.49608E-03,  3.69290E-03,  3.89741E-03,  4.09806E-03,  4.28364E-03,  4.44401E-03,  4.57078E-03,  4.65774E-03,  4.70118E-03,  4.69981E-03,  4.65464E-03,  4.56855E-03,  4.44585E-03,  4.29183E-03,  4.11223E-03,  3.91288E-03,  3.69938E-03,  3.47687E-03,  3.24991E-03,  3.02239E-03,  2.79752E-03,  2.57789E-03,NA,NA,NA,NA,NA,NA,NA,
NA,NA,NA,NA,NA,NA,NA,NA,  2.56306E-03,  2.74830E-03,  2.93241E-03,  3.11237E-03,  3.28476E-03,  3.44579E-03,  3.59138E-03,  3.71739E-03,  3.81979E-03,  3.89497E-03,  3.94002E-03,  3.95305E-03,  3.93347E-03,  3.88224E-03,  3.80192E-03,  3.69673E-03,  3.57240E-03,  3.43584E-03,  3.29484E-03,  3.15756E-03,  3.03206E-03,  2.92584E-03,  2.84538E-03,  2.79577E-03,  2.78041E-03,  2.80077E-03,  2.85632E-03,  2.94449E-03,  3.06076E-03,  3.19895E-03,  3.35151E-03,  3.50999E-03,  3.66563E-03,  3.80986E-03,  3.93489E-03,  4.03415E-03,  4.10268E-03,  4.13729E-03,  4.13661E-03,  4.10097E-03,  4.03218E-03,  3.93319E-03,  3.80781E-03,  3.66031E-03,  3.49515E-03,  3.31672E-03,  3.12917E-03,  2.93627E-03,  2.74131E-03,  2.54712E-03,NA,NA,NA,NA,NA,NA,NA,NA,
NA,NA,NA,NA,NA,NA,NA,NA,NA,  2.48432E-03,  2.64168E-03,  2.79442E-03,  2.93971E-03,  3.07448E-03,  3.19555E-03,  3.29973E-03,  3.38401E-03,  3.44578E-03,  3.48301E-03,  3.49453E-03,  3.48016E-03,  3.44091E-03,  3.37900E-03,  3.29788E-03,  3.20206E-03,  3.09699E-03,  2.98868E-03,  2.88344E-03,  2.78748E-03,  2.70654E-03,  2.64561E-03,  2.60856E-03,  2.59798E-03,  2.61496E-03,  2.65903E-03,  2.72818E-03,  2.81890E-03,  2.92644E-03,  3.04498E-03,  3.16808E-03,  3.28901E-03,  3.40118E-03,  3.49856E-03,  3.57600E-03,  3.62950E-03,  3.65636E-03,  3.65524E-03,  3.62609E-03,  3.57000E-03,  3.48899E-03,  3.38579E-03,  3.26359E-03,  3.12578E-03,  2.97583E-03,  2.81705E-03,  2.65254E-03,  2.48506E-03,NA,NA,NA,NA,NA,NA,NA,NA,NA,
NA,NA,NA,NA,NA,NA,NA,NA,NA,NA,NA,  2.51058E-03,  2.63371E-03,  2.74730E-03,  2.84885E-03,  2.93590E-03,  3.00620E-03,  3.05786E-03,  3.08950E-03,  3.10039E-03,  3.09062E-03,  3.06117E-03,  3.01393E-03,  2.95171E-03,  2.87813E-03,  2.79746E-03,  2.71438E-03,  2.63378E-03,  2.56046E-03,  2.49886E-03,  2.45279E-03,  2.42522E-03,  2.41813E-03,  2.43231E-03,  2.46738E-03,  2.52175E-03,  2.59272E-03,  2.67658E-03,  2.76888E-03,  2.86464E-03,  2.95868E-03,  3.04590E-03,  3.12160E-03,  3.18170E-03,  3.22300E-03,  3.24322E-03,  3.24113E-03,  3.21644E-03,  3.16979E-03,  3.10255E-03,  3.01667E-03,  2.91453E-03,  2.79873E-03,  2.67198E-03,  2.53693E-03,NA,NA,NA,NA,NA,NA,NA,NA,NA,NA,NA,
NA,NA,NA,NA,NA,NA,NA,NA,NA,NA,NA,NA,  2.36194E-03,  2.45835E-03,  2.54424E-03,  2.61773E-03,  2.67713E-03,  2.72109E-03,  2.74864E-03,  2.75939E-03,  2.75356E-03,  2.73205E-03,  2.69649E-03,  2.64915E-03,  2.59294E-03,  2.53121E-03,  2.46764E-03,  2.40605E-03,  2.35014E-03,  2.30335E-03,  2.26861E-03,  2.24821E-03,  2.24365E-03,  2.25553E-03,  2.28352E-03,  2.32639E-03,  2.38201E-03,  2.44752E-03,  2.51948E-03,  2.59403E-03,  2.66715E-03,  2.73489E-03,  2.79354E-03,  2.83989E-03,  2.87133E-03,  2.88598E-03,  2.88271E-03,  2.86114E-03,  2.82160E-03,  2.76501E-03,  2.69278E-03,  2.60666E-03,  2.50866E-03,  2.40088E-03,NA,NA,NA,NA,NA,NA,NA,NA,NA,NA,NA,NA,
NA,NA,NA,NA,NA,NA,NA,NA,NA,NA,NA,NA,NA,  2.20253E-03,  2.27578E-03,  2.33844E-03,  2.38926E-03,  2.42725E-03,  2.45176E-03,  2.46260E-03,  2.46005E-03,  2.44495E-03,  2.41865E-03,  2.38302E-03,  2.34038E-03,  2.29340E-03,  2.24496E-03,  2.19805E-03,  2.15555E-03,  2.12013E-03,  2.09405E-03,  2.07908E-03,  2.07635E-03,  2.08633E-03,  2.10874E-03,  2.14260E-03,  2.18627E-03,  2.23751E-03,  2.29365E-03,  2.35169E-03,  2.40849E-03,  2.46096E-03,  2.50620E-03,  2.54162E-03,  2.56514E-03,  2.57517E-03,  2.57073E-03,  2.55140E-03,  2.51730E-03,  2.46905E-03,  2.40765E-03,  2.33442E-03,  2.25089E-03,NA,NA,NA,NA,NA,NA,NA,NA,NA,NA,NA,NA,NA,
NA,NA,NA,NA,NA,NA,NA,NA,NA,NA,NA,NA,NA,NA,NA,  2.09239E-03,  2.13636E-03,  2.16965E-03,  2.19183E-03,  2.20284E-03,  2.20299E-03,  2.19300E-03,  2.17403E-03,  2.14761E-03,  2.11559E-03,  2.08009E-03,  2.04340E-03,  2.00785E-03,  1.97570E-03,  1.94902E-03,  1.92956E-03,  1.91870E-03,  1.91730E-03,  1.92571E-03,  1.94370E-03,  1.97051E-03,  2.00483E-03,  2.04493E-03,  2.08872E-03,  2.13386E-03,  2.17790E-03,  2.21839E-03,  2.25305E-03,  2.27981E-03,  2.29698E-03,  2.30324E-03,  2.29774E-03,  2.28006E-03,  2.25020E-03,  2.20856E-03,  2.15585E-03,NA,NA,NA,NA,NA,NA,NA,NA,NA,NA,NA,NA,NA,NA,NA,
NA,NA,NA,NA,NA,NA,NA,NA,NA,NA,NA,NA,NA,NA,NA,NA,  1.91330E-03,  1.94283E-03,  1.96317E-03,  1.97433E-03,  1.97663E-03,  1.97071E-03,  1.95753E-03,  1.93832E-03,  1.91460E-03,  1.88806E-03,  1.86050E-03,  1.83376E-03,  1.80960E-03,  1.78965E-03,  1.77527E-03,  1.76752E-03,  1.76707E-03,  1.77417E-03,  1.78866E-03,  1.80990E-03,  1.83690E-03,  1.86828E-03,  1.90241E-03,  1.93745E-03,  1.97147E-03,  2.00255E-03,  2.02886E-03,  2.04876E-03,  2.06087E-03,  2.06409E-03,  2.05770E-03,  2.04128E-03,  2.01478E-03,  1.97845E-03,NA,NA,NA,NA,NA,NA,NA,NA,NA,NA,NA,NA,NA,NA,NA,NA,
NA,NA,NA,NA,NA,NA,NA,NA,NA,NA,NA,NA,NA,NA,NA,NA,NA,NA,  1.76109E-03,  1.77236E-03,  1.77635E-03,  1.77362E-03,  1.76498E-03,  1.75143E-03,  1.73420E-03,  1.71464E-03,  1.69417E-03,  1.67425E-03,  1.65628E-03,  1.64151E-03,  1.63102E-03,  1.62562E-03,  1.62584E-03,  1.63187E-03,  1.64356E-03,  1.66042E-03,  1.68165E-03,  1.70619E-03,  1.73273E-03,  1.75985E-03,  1.78600E-03,  1.80967E-03,  1.82941E-03,  1.84388E-03,  1.85197E-03,  1.85277E-03,  1.84566E-03,  1.83027E-03,NA,NA,NA,NA,NA,NA,NA,NA,NA,NA,NA,NA,NA,NA,NA,NA,NA,NA,
NA,NA,NA,NA,NA,NA,NA,NA,NA,NA,NA,NA,NA,NA,NA,NA,NA,NA,NA,NA,NA,  1.59810E-03,  1.59300E-03,  1.58388E-03,  1.57171E-03,  1.55757E-03,  1.54262E-03,  1.52800E-03,  1.51481E-03,  1.50403E-03,  1.49652E-03,  1.49290E-03,  1.49358E-03,  1.49871E-03,  1.50816E-03,  1.52155E-03,  1.53824E-03,  1.55739E-03,  1.57798E-03,  1.59886E-03,  1.61882E-03,  1.63666E-03,  1.65121E-03,  1.66141E-03,  1.66633E-03,NA,NA,NA,NA,NA,NA,NA,NA,NA,NA,NA,NA,NA,NA,NA,NA,NA,NA,NA,NA,NA,
