 -1.02370E-02, -1.02239E-02, -1.02027E-02, -1.01728E-02, -1.01339E-02, -1.00853E-02, -1.00265E-02, -9.95697E-03, -9.87637E-03, -9.78424E-03, -9.68023E-03, -9.56411E-03, -9.43573E-03, -9.29512E-03, -9.14242E-03, -8.97801E-03, -8.80251E-03, -8.61676E-03, -8.42196E-03, -8.21959E-03, -8.01152E-03, -7.79995E-03, -7.58747E-03, -7.37702E-03, -7.17183E-03, -6.97540E-03, -6.79137E-03, -6.62347E-03, -6.47530E-03, -6.35024E-03, -6.25130E-03, -6.18095E-03, -6.14097E-03, -6.13243E-03, -6.15552E-03, -6.20965E-03, -6.29340E-03, -6.40466E-03, -6.54066E-03, -6.69823E-03, -6.87385E-03, -7.06384E-03, -7.26449E-03, -7.47224E-03, -7.68370E-03, -7.89575E-03, -8.10564E-03, -8.31095E-03, -8.50962E-03, -8.70000E-03, -8.88074E-03, -9.05080E-03, -9.20945E-03, -9.35621E-03, -9.49079E-03, -9.61312E-03, -9.72325E-03, -9.82139E-03, -9.90781E-03, -9.98289E-03, -1.00471E-02, -1.01008E-02, -1.01446E-02, -1.01791E-02, -1.02046E-02, -1.02218E-02, -1.02312E-02,
 -1.04320E-02, -1.04203E-02, -1.03999E-02, -1.03704E-02, -1.03309E-02, -1.02810E-02, -1.02200E-02, -1.01473E-02, -1.00623E-02, -9.96441E-03, -9.85325E-03, -9.72839E-03, -9.58956E-03, -9.43662E-03, -9.26963E-03, -9.08884E-03, -8.89479E-03, -8.68830E-03, -8.47055E-03, -8.24310E-03, -8.00796E-03, -7.76758E-03, -7.52488E-03, -7.28325E-03, -7.04650E-03, -6.81876E-03, -6.60448E-03, -6.40817E-03, -6.23430E-03, -6.08711E-03, -5.97038E-03, -5.88722E-03, -5.83993E-03, -5.82983E-03, -5.85721E-03, -5.92129E-03, -6.02026E-03, -6.15144E-03, -6.31134E-03, -6.49598E-03, -6.70097E-03, -6.92179E-03, -7.15395E-03, -7.39315E-03, -7.63538E-03, -7.87702E-03, -8.11491E-03, -8.34636E-03, -8.56912E-03, -8.78140E-03, -8.98183E-03, -9.16939E-03, -9.34342E-03, -9.50350E-03, -9.64950E-03, -9.78145E-03, -9.89955E-03, -1.00041E-02, -1.00956E-02, -1.01746E-02, -1.02415E-02, -1.02970E-02, -1.03417E-02, -1.03762E-02, -1.04012E-02, -1.04173E-02, -1.04250E-02,
 -1.06379E-02, -1.06281E-02, -1.06092E-02, -1.05803E-02, -1.05410E-02, -1.04902E-02, -1.04274E-02, -1.03518E-02, -1.02626E-02, -1.01592E-02, -1.00409E-02, -9.90709E-03, -9.75741E-03, -9.59151E-03, -9.40927E-03, -9.21079E-03, -8.99648E-03, -8.76706E-03, -8.52367E-03, -8.26793E-03, -8.00194E-03, -7.72840E-03, -7.45059E-03, -7.17241E-03, -6.89829E-03, -6.63322E-03, -6.38254E-03, -6.15184E-03, -5.94668E-03, -5.77238E-03, -5.63375E-03, -5.53478E-03, -5.47843E-03, -5.46642E-03, -5.49910E-03, -5.57548E-03, -5.69322E-03, -5.84885E-03, -6.03797E-03, -6.25549E-03, -6.49594E-03, -6.75371E-03, -7.02331E-03, -7.29956E-03, -7.57772E-03, -7.85359E-03, -8.12358E-03, -8.38467E-03, -8.63446E-03, -8.87109E-03, -9.09316E-03, -9.29975E-03, -9.49028E-03, -9.66451E-03, -9.82244E-03, -9.96429E-03, -1.00904E-02, -1.02014E-02, -1.02978E-02, -1.03803E-02, -1.04495E-02, -1.05064E-02, -1.05514E-02, -1.05856E-02, -1.06095E-02, -1.06239E-02, -1.06294E-02,
 -1.08553E-02, -1.08481E-02, -1.08312E-02, -1.08038E-02, -1.07651E-02, -1.07141E-02, -1.06501E-02, -1.05720E-02, -1.04791E-02, -1.03704E-02, -1.02450E-02, -1.01023E-02, -9.94147E-03, -9.76204E-03, -9.56363E-03, -9.34616E-03, -9.10979E-03, -8.85512E-03, -8.58317E-03, -8.29552E-03, -7.99435E-03, -7.68259E-03, -7.36387E-03, -7.04263E-03, -6.72410E-03, -6.41421E-03, -6.11949E-03, -5.84679E-03, -5.60314E-03, -5.39530E-03, -5.22944E-03, -5.11075E-03, -5.04307E-03, -5.02866E-03, -5.06799E-03, -5.15973E-03, -5.30086E-03, -5.48685E-03, -5.71201E-03, -5.96983E-03, -6.25341E-03, -6.55573E-03, -6.87009E-03, -7.19019E-03, -7.51045E-03, -7.82601E-03, -8.13280E-03, -8.42753E-03, -8.70765E-03, -8.97125E-03, -9.21703E-03, -9.44419E-03, -9.65235E-03, -9.84145E-03, -1.00117E-02, -1.01637E-02, -1.02978E-02, -1.04150E-02, -1.05159E-02, -1.06014E-02, -1.06725E-02, -1.07301E-02, -1.07750E-02, -1.08081E-02, -1.08303E-02, -1.08424E-02, -1.08451E-02,
 -1.10850E-02, -1.10812E-02, -1.10670E-02, -1.10418E-02, -1.10045E-02, -1.09540E-02, -1.08894E-02, -1.08096E-02, -1.07135E-02, -1.05999E-02, -1.04679E-02, -1.03163E-02, -1.01442E-02, -9.95083E-03, -9.73546E-03, -9.49770E-03, -9.23747E-03, -8.95507E-03, -8.65135E-03, -8.32775E-03, -7.98647E-03, -7.63055E-03, -7.26403E-03, -6.89191E-03, -6.52028E-03, -6.15623E-03, -5.80771E-03, -5.48330E-03, -5.19185E-03, -4.94206E-03, -4.74194E-03, -4.59831E-03, -4.51627E-03, -4.49881E-03, -4.54658E-03, -4.65779E-03, -4.82842E-03, -5.05250E-03, -5.32261E-03, -5.63031E-03, -5.96679E-03, -6.32326E-03, -6.69140E-03, -7.06368E-03, -7.43345E-03, -7.79512E-03, -8.14417E-03, -8.47704E-03, -8.79111E-03, -9.08453E-03, -9.35618E-03, -9.60546E-03, -9.83228E-03, -1.00369E-02, -1.02198E-02, -1.03818E-02, -1.05238E-02, -1.06467E-02, -1.07516E-02, -1.08397E-02, -1.09119E-02, -1.09695E-02, -1.10135E-02, -1.10448E-02, -1.10645E-02, -1.10735E-02, -1.10728E-02,
 -1.13279E-02, -1.13281E-02, -1.13177E-02, -1.12955E-02, -1.12604E-02, -1.12114E-02, -1.11471E-02, -1.10664E-02, -1.09678E-02, -1.08501E-02, -1.07119E-02, -1.05518E-02, -1.03685E-02, -1.01609E-02, -9.92788E-03, -9.66867E-03, -9.38275E-03, -9.07007E-03, -8.73111E-03, -8.36707E-03, -7.98002E-03, -7.57307E-03, -7.15050E-03, -6.71796E-03, -6.28246E-03, -5.85247E-03, -5.43771E-03, -5.04891E-03, -4.69739E-03, -4.39443E-03, -4.15057E-03, -3.97500E-03, -3.87453E-03, -3.85313E-03, -3.91180E-03, -4.04796E-03, -4.25636E-03, -4.52891E-03, -4.85574E-03, -5.22585E-03, -5.62787E-03, -6.05066E-03, -6.48396E-03, -6.91859E-03, -7.34680E-03, -7.76219E-03, -8.15979E-03, -8.53588E-03, -8.88789E-03, -9.21416E-03, -9.51385E-03, -9.78677E-03, -1.00332E-02, -1.02537E-02, -1.04494E-02, -1.06213E-02, -1.07706E-02, -1.08987E-02, -1.10069E-02, -1.10967E-02, -1.11692E-02, -1.12260E-02, -1.12680E-02, -1.12967E-02, -1.13131E-02, -1.13182E-02, -1.13131E-02,
 -1.15845E-02, -1.15899E-02, -1.15841E-02, -1.15660E-02, -1.15343E-02, -1.14877E-02, -1.14248E-02, -1.13442E-02, -1.12442E-02, -1.11232E-02, -1.09796E-02, -1.08116E-02, -1.06175E-02, -1.03956E-02, -1.01445E-02, -9.86284E-03, -9.54950E-03, -9.20391E-03, -8.82602E-03, -8.41659E-03, -7.97734E-03, -7.51127E-03, -7.02283E-03, -6.51816E-03, -6.00534E-03, -5.49440E-03, -4.99723E-03, -4.52734E-03, -4.09930E-03, -3.72803E-03, -3.42757E-03, -3.21028E-03, -3.08562E-03, -3.05907E-03, -3.13195E-03, -3.30085E-03, -3.55830E-03, -3.89343E-03, -4.29290E-03, -4.74213E-03, -5.22621E-03, -5.73102E-03, -6.24378E-03, -6.75342E-03, -7.25087E-03, -7.72897E-03, -8.18240E-03, -8.60743E-03, -9.00171E-03, -9.36399E-03, -9.69392E-03, -9.99184E-03, -1.02586E-02, -1.04953E-02, -1.07035E-02, -1.08848E-02, -1.10408E-02, -1.11732E-02, -1.12838E-02, -1.13742E-02, -1.14461E-02, -1.15008E-02, -1.15400E-02, -1.15649E-02, -1.15769E-02, -1.15772E-02, -1.15668E-02,
 -1.18558E-02, -1.18674E-02, -1.18673E-02, -1.18545E-02, -1.18274E-02, -1.17845E-02, -1.17244E-02, -1.16451E-02, -1.15450E-02, -1.14219E-02, -1.12740E-02, -1.10989E-02, -1.08946E-02, -1.06589E-02, -1.03896E-02, -1.00846E-02, -9.74228E-03, -9.36116E-03, -8.94045E-03, -8.48018E-03, -7.98146E-03, -7.44683E-03, -6.88066E-03, -6.28949E-03, -5.68235E-03, -5.07108E-03, -4.47017E-03, -3.89679E-03, -3.36989E-03, -2.90918E-03, -2.53391E-03, -2.26124E-03, -2.10432E-03, -2.07094E-03, -2.16279E-03, -2.37530E-03, -2.69788E-03, -3.11527E-03, -3.60923E-03, -4.16013E-03, -4.74827E-03, -5.35557E-03, -5.96606E-03, -6.56648E-03, -7.14635E-03, -7.69784E-03, -8.21549E-03, -8.69583E-03, -9.13705E-03, -9.53859E-03, -9.90086E-03, -1.02250E-02, -1.05125E-02, -1.07653E-02, -1.09856E-02, -1.11754E-02, -1.13371E-02, -1.14728E-02, -1.15845E-02, -1.16742E-02, -1.17440E-02, -1.17956E-02, -1.18306E-02, -1.18506E-02, -1.18571E-02, -1.18513E-02, -1.18346E-02,
 -1.21424E-02, -1.21614E-02, -1.21684E-02, -1.21622E-02, -1.21411E-02, -1.21035E-02, -1.20475E-02, -1.19712E-02, -1.18725E-02, -1.17489E-02, -1.15981E-02, -1.14173E-02, -1.12040E-02, -1.09550E-02, -1.06677E-02, -1.03391E-02, -9.96637E-03, -9.54722E-03, -9.07968E-03, -8.56266E-03, -7.99620E-03, -7.38196E-03, -6.72378E-03, -6.02822E-03, -5.30514E-03, -4.56818E-03, -3.83521E-03, -3.12764E-03, -2.47057E-03, -1.89081E-03, -1.41490E-03, -1.06699E-03, -8.65937E-04, -8.23125E-04, -9.41050E-04, -1.21292E-03, -1.62358E-03, -2.15125E-03, -2.77041E-03, -3.45412E-03, -4.17608E-03, -4.91294E-03, -5.64480E-03, -6.35586E-03, -7.03429E-03, -7.67187E-03, -8.26341E-03, -8.80616E-03, -9.29929E-03, -9.74334E-03, -1.01398E-02, -1.04910E-02, -1.07994E-02, -1.10678E-02, -1.12993E-02, -1.14965E-02, -1.16625E-02, -1.17998E-02, -1.19111E-02, -1.19987E-02, -1.20649E-02, -1.21117E-02, -1.21411E-02, -1.21548E-02, -1.21544E-02, -1.21414E-02, -1.21172E-02,
 -1.24452E-02, -1.24728E-02, -1.24884E-02, -1.24903E-02, -1.24768E-02, -1.24461E-02, -1.23962E-02, -1.23247E-02, -1.22293E-02, -1.21071E-02, -1.19552E-02, -1.17706E-02, -1.15496E-02, -1.12888E-02, -1.09841E-02, -1.06318E-02, -1.02279E-02, -9.76838E-03, -9.24995E-03, -8.66981E-03, -8.02630E-03, -7.31953E-03, -6.55205E-03, -5.72976E-03, -4.86291E-03, -3.96676E-03, -3.06294E-03, -2.17891E-03, -1.34749E-03, -6.05674E-04,  9.00453E-06,  4.61503E-04,  7.24261E-04,  7.80301E-04,  6.25826E-04,  2.71022E-04, -2.61540E-04, -9.40311E-04, -1.72865E-03, -2.58885E-03, -3.48561E-03, -4.38832E-03, -5.27235E-03, -6.11925E-03, -6.91612E-03, -7.65494E-03, -8.33148E-03, -8.94447E-03, -9.49472E-03, -9.98445E-03, -1.04168E-02, -1.07955E-02, -1.11243E-02, -1.14074E-02, -1.16486E-02, -1.18516E-02, -1.20201E-02, -1.21572E-02, -1.22661E-02, -1.23497E-02, -1.24104E-02, -1.24507E-02, -1.24728E-02, -1.24786E-02, -1.24699E-02, -1.24483E-02, -1.24152E-02,
 -1.27646E-02, -1.28025E-02, -1.28282E-02, -1.28399E-02, -1.28359E-02, -1.28142E-02, -1.27723E-02, -1.27079E-02, -1.26180E-02, -1.24995E-02, -1.23490E-02, -1.21626E-02, -1.19362E-02, -1.16652E-02, -1.13446E-02, -1.09693E-02, -1.05336E-02, -1.00318E-02, -9.45854E-03, -8.80850E-03, -8.07754E-03, -7.26310E-03, -6.36531E-03, -5.38823E-03, -4.34137E-03, -3.24142E-03, -2.11370E-03, -9.92976E-04,  7.64730E-05,  1.04364E-03,  1.85391E-03,  2.45564E-03,  2.80707E-03,  2.88203E-03,  2.67502E-03,  2.20153E-03,  1.49583E-03,  6.05254E-04, -4.16462E-04, -1.51561E-03, -2.64399E-03, -3.76184E-03, -4.83879E-03, -5.85376E-03, -6.79367E-03, -7.65180E-03, -8.42611E-03, -9.11792E-03, -9.73062E-03, -1.02690E-02, -1.07383E-02, -1.11444E-02, -1.14928E-02, -1.17889E-02, -1.20379E-02, -1.22444E-02, -1.24130E-02, -1.25476E-02, -1.26519E-02, -1.27292E-02, -1.27823E-02, -1.28142E-02, -1.28271E-02, -1.28232E-02, -1.28045E-02, -1.27727E-02, -1.27294E-02,
 -1.31015E-02, -1.31512E-02, -1.31887E-02, -1.32122E-02, -1.32198E-02, -1.32091E-02, -1.31778E-02, -1.31228E-02, -1.30412E-02, -1.29292E-02, -1.27828E-02, -1.25976E-02, -1.23685E-02, -1.20898E-02, -1.17554E-02, -1.13583E-02, -1.08911E-02, -1.03457E-02, -9.71370E-03, -8.98671E-03, -8.15669E-03, -7.21695E-03, -6.16333E-03, -4.99609E-03, -3.72210E-03, -2.35796E-03, -9.32533E-04,  5.10337E-04,  1.91167E-03,  3.19868E-03,  4.29145E-03,  5.11155E-03,  5.59362E-03,  5.69670E-03,  5.41198E-03,  4.76395E-03,  3.80648E-03,  2.61230E-03,  1.26214E-03, -1.66505E-04, -1.60705E-03, -3.00752E-03, -4.33129E-03, -5.55570E-03, -6.66911E-03, -7.66812E-03, -8.55479E-03, -9.33467E-03, -1.00152E-02, -1.06047E-02, -1.11117E-02, -1.15444E-02, -1.19106E-02, -1.22174E-02, -1.24715E-02, -1.26789E-02, -1.28448E-02, -1.29740E-02, -1.30709E-02, -1.31393E-02, -1.31824E-02, -1.32034E-02, -1.32050E-02, -1.31894E-02, -1.31589E-02, -1.31152E-02, -1.30602E-02,
 -1.34562E-02, -1.35195E-02, -1.35708E-02, -1.36082E-02, -1.36296E-02, -1.36325E-02, -1.36143E-02, -1.35718E-02, -1.35015E-02, -1.33992E-02, -1.32605E-02, -1.30799E-02, -1.28515E-02, -1.25684E-02, -1.22229E-02, -1.18062E-02, -1.13085E-02, -1.07187E-02, -1.00246E-02, -9.21342E-03, -8.27157E-03, -7.18603E-03, -5.94570E-03, -4.54375E-03, -2.98112E-03, -1.27133E-03,  5.54807E-04,  2.44324E-03,  4.31481E-03,  6.06564E-03,  7.57551E-03,  8.72241E-03,  9.40209E-03,  9.54797E-03,  9.14537E-03,  8.23455E-03,  6.90209E-03,  5.26342E-03,  3.44195E-03,  1.55148E-03, -3.15332E-04, -2.09112E-03, -3.73346E-03, -5.22043E-03, -6.54498E-03, -7.71044E-03, -8.72600E-03, -9.60391E-03, -1.03576E-02, -1.10003E-02, -1.15447E-02, -1.20024E-02, -1.23838E-02, -1.26983E-02, -1.29542E-02, -1.31589E-02, -1.33187E-02, -1.34392E-02, -1.35256E-02, -1.35820E-02, -1.36123E-02, -1.36199E-02, -1.36077E-02, -1.35783E-02, -1.35339E-02, -1.34766E-02, -1.34081E-02,
 -1.38293E-02, -1.39081E-02, -1.39752E-02, -1.40287E-02, -1.40664E-02, -1.40858E-02, -1.40837E-02, -1.40569E-02, -1.40014E-02, -1.39127E-02, -1.37854E-02, -1.36135E-02, -1.33900E-02, -1.31066E-02, -1.27538E-02, -1.23206E-02, -1.17943E-02, -1.11601E-02, -1.04011E-02, -9.49839E-03, -8.43082E-03, -7.17603E-03, -5.71200E-03, -4.01982E-03, -2.08884E-03,  7.62657E-05,  2.44658E-03,  4.95859E-03,  7.50653E-03,  9.94123E-03,  1.20795E-02,  1.37270E-02,  1.47127E-02,  1.49250E-02,  1.43392E-02,  1.30232E-02,  1.11209E-02,  8.81894E-03,  6.31012E-03,  3.76380E-03,  1.30883E-03, -9.69536E-04, -3.02529E-03, -4.84233E-03, -6.42417E-03, -7.78615E-03, -8.94909E-03, -9.93550E-03, -1.07673E-02, -1.14645E-02, -1.20453E-02, -1.25254E-02, -1.29187E-02, -1.32370E-02, -1.34906E-02, -1.36883E-02, -1.38379E-02, -1.39460E-02, -1.40181E-02, -1.40592E-02, -1.40735E-02, -1.40648E-02, -1.40363E-02, -1.39906E-02, -1.39302E-02, -1.38572E-02, -1.37735E-02,
 -1.42211E-02, -1.43173E-02, -1.44024E-02, -1.44746E-02, -1.45314E-02, -1.45700E-02, -1.45875E-02, -1.45800E-02, -1.45433E-02, -1.44723E-02, -1.43611E-02, -1.42027E-02, -1.39890E-02, -1.37101E-02, -1.33546E-02, -1.29090E-02, -1.23569E-02, -1.16793E-02, -1.08532E-02, -9.85178E-03, -8.64366E-03, -7.19323E-03, -5.46191E-03, -3.41144E-03, -1.01040E-03,  1.75554E-03,  4.86830E-03,  8.25895E-03,  1.17904E-02,  1.52481E-02,  1.83497E-02,  2.07797E-02,  2.22500E-02,  2.25683E-02,  2.16913E-02,  1.97369E-02,  1.69510E-02,  1.36434E-02,  1.01200E-02,  6.63374E-03,  3.36235E-03,  4.08967E-04, -2.18391E-03, -4.41551E-03, -6.31006E-03, -7.90324E-03, -9.23393E-03, -1.03396E-02, -1.12540E-02, -1.20063E-02, -1.26215E-02, -1.31206E-02, -1.35213E-02, -1.38386E-02, -1.40849E-02, -1.42710E-02, -1.44058E-02, -1.44968E-02, -1.45506E-02, -1.45726E-02, -1.45675E-02, -1.45394E-02, -1.44915E-02, -1.44270E-02, -1.43482E-02, -1.42575E-02, -1.41566E-02,
 -1.46317E-02, -1.47474E-02, -1.48530E-02, -1.49464E-02, -1.50251E-02, -1.50864E-02, -1.51270E-02, -1.51428E-02, -1.51292E-02, -1.50807E-02, -1.49906E-02, -1.48512E-02, -1.46528E-02, -1.43841E-02, -1.40315E-02, -1.35782E-02, -1.30043E-02, -1.22851E-02, -1.13904E-02, -1.02835E-02, -8.91937E-03, -7.24435E-03, -5.19600E-03, -2.70619E-03,  2.91473E-04,  3.84695E-03,  7.97097E-03,  1.26021E-02,  1.75716E-02,  2.25759E-02,  2.71776E-02,  3.08560E-02,  3.31121E-02,  3.36035E-02,  3.22517E-02,  2.92692E-02,  2.50888E-02,  2.02360E-02,  1.52019E-02,  1.03636E-02,  5.95896E-03,  2.10165E-03, -1.18534E-03, -3.93474E-03, -6.20683E-03, -8.06995E-03, -9.59019E-03, -1.08261E-02, -1.18271E-02, -1.26341E-02, -1.32808E-02, -1.37944E-02, -1.41974E-02, -1.45080E-02, -1.47414E-02, -1.49103E-02, -1.50249E-02, -1.50941E-02, -1.51250E-02, -1.51237E-02, -1.50954E-02, -1.50444E-02, -1.49742E-02, -1.48880E-02, -1.47884E-02, -1.46777E-02, -1.45576E-02,
 -1.50611E-02, -1.51986E-02, -1.53270E-02, -1.54444E-02, -1.55482E-02, -1.56356E-02, -1.57031E-02, -1.57465E-02, -1.57608E-02, -1.57400E-02, -1.56767E-02, -1.55621E-02, -1.53853E-02, -1.51332E-02, -1.47896E-02, -1.43345E-02, -1.37433E-02, -1.29850E-02, -1.20209E-02, -1.08020E-02, -9.26631E-03, -7.33611E-03, -4.91601E-03, -1.89415E-03,  1.85088E-03,  6.43236E-03,  1.19215E-02,  1.82960E-02,  2.53705E-02,  3.27303E-02,  3.97014E-02,  4.54122E-02,  4.89754E-02,  4.97574E-02,  4.76108E-02,  4.29332E-02,  3.65126E-02,  2.92592E-02,  2.19665E-02,  1.51868E-02,  9.21962E-03,  4.16420E-03, -9.14912E-06, -3.39679E-03, -6.11890E-03, -8.29399E-03, -1.00264E-02, -1.14032E-02, -1.24943E-02, -1.33551E-02, -1.40297E-02, -1.45527E-02, -1.49518E-02, -1.52495E-02, -1.54637E-02, -1.56092E-02, -1.56979E-02, -1.57398E-02, -1.57428E-02, -1.57138E-02, -1.56581E-02, -1.55805E-02, -1.54847E-02, -1.53739E-02, -1.52508E-02, -1.51178E-02, -1.49765E-02,
 -1.55092E-02, -1.56707E-02, -1.58245E-02, -1.59688E-02, -1.61010E-02, -1.62181E-02, -1.63167E-02, -1.63922E-02, -1.64395E-02, -1.64519E-02, -1.64214E-02, -1.63382E-02, -1.61898E-02, -1.59612E-02, -1.56333E-02, -1.51824E-02, -1.45788E-02, -1.37843E-02, -1.27502E-02, -1.14132E-02, -9.69034E-03, -7.47390E-03, -4.62502E-03, -9.71050E-04,  3.69184E-03,  9.58016E-03,  1.68814E-02,  2.56759E-02,  3.58149E-02,  4.67734E-02,  5.75336E-02,  6.66230E-02,  7.24199E-02,  7.37050E-02,  7.01883E-02,  6.26464E-02,  5.25650E-02,  4.15525E-02,  3.08864E-02,  2.13440E-02,  1.32541E-02,  6.63971E-03,  1.35729E-03, -2.80156E-03, -6.05096E-03, -8.58108E-03, -1.05485E-02, -1.20767E-02, -1.32611E-02, -1.41745E-02, -1.48730E-02, -1.53997E-02, -1.57886E-02, -1.60665E-02, -1.62546E-02, -1.63701E-02, -1.64266E-02, -1.64353E-02, -1.64052E-02, -1.63435E-02, -1.62561E-02, -1.61480E-02, -1.60232E-02, -1.58847E-02, -1.57355E-02, -1.55777E-02, -1.54131E-02,
 -1.59757E-02, -1.61634E-02, -1.63453E-02, -1.65194E-02, -1.66832E-02, -1.68339E-02, -1.69678E-02, -1.70804E-02, -1.71659E-02, -1.72175E-02, -1.72263E-02, -1.71812E-02, -1.70684E-02, -1.68704E-02, -1.65651E-02, -1.61247E-02, -1.55135E-02, -1.46854E-02, -1.35801E-02, -1.21181E-02, -1.01923E-02, -7.65890E-03, -4.32523E-03,  6.14701E-05,  5.82008E-03,  1.33259E-02,  2.29685E-02,  3.50489E-02,  4.95859E-02,  6.60179E-02,  8.28795E-02,  9.76878E-02,  1.07406E-01,  1.09590E-01,  1.03640E-01,  9.11452E-02,  7.50032E-02,  5.80955E-02,  4.24384E-02,  2.90355E-02,  1.81322E-02,  9.54558E-03,  2.91481E-03, -2.15149E-03, -6.00457E-03, -8.93215E-03, -1.11572E-02, -1.28480E-02, -1.41295E-02, -1.50947E-02, -1.58133E-02, -1.63383E-02, -1.67104E-02, -1.69614E-02, -1.71162E-02, -1.71946E-02, -1.72123E-02, -1.71817E-02, -1.71127E-02, -1.70132E-02, -1.68897E-02, -1.67471E-02, -1.65895E-02, -1.64203E-02, -1.62421E-02, -1.60570E-02, -1.58670E-02,
 -1.64598E-02, -1.66762E-02, -1.68887E-02, -1.70956E-02, -1.72946E-02, -1.74827E-02, -1.76564E-02, -1.78109E-02, -1.79403E-02, -1.80372E-02, -1.80919E-02, -1.80921E-02, -1.80221E-02, -1.78620E-02, -1.75862E-02, -1.71620E-02, -1.65470E-02, -1.56862E-02, -1.45067E-02, -1.29108E-02, -1.07646E-02, -7.88352E-03, -4.01193E-03,  1.20068E-03,  8.22291E-03,  1.76550E-02,  3.02066E-02,  4.65918E-02,  6.72591E-02,  9.18627E-02,  1.18494E-01,  1.43065E-01,  1.59808E-01,  1.63638E-01,  1.53260E-01,  1.32070E-01,  1.05878E-01,  7.98356E-02,  5.69682E-02,  3.83446E-02,  2.38513E-02,  1.28660E-02,  4.65537E-03, -1.44497E-03, -5.97309E-03, -9.33914E-03, -1.18457E-02, -1.37119E-02, -1.50965E-02, -1.61144E-02, -1.68508E-02, -1.73692E-02, -1.77182E-02, -1.79352E-02, -1.80494E-02, -1.80836E-02, -1.80555E-02, -1.79791E-02, -1.78654E-02, -1.77229E-02, -1.75584E-02, -1.73771E-02, -1.71832E-02, -1.69800E-02, -1.67700E-02, -1.65553E-02, -1.63376E-02,
 -1.69609E-02, -1.72081E-02, -1.74539E-02, -1.76967E-02, -1.79342E-02, -1.81638E-02, -1.83817E-02, -1.85832E-02, -1.87622E-02, -1.89106E-02, -1.90180E-02, -1.90707E-02, -1.90510E-02, -1.89359E-02, -1.86958E-02, -1.82923E-02, -1.76755E-02, -1.67803E-02, -1.55197E-02, -1.37760E-02, -1.13867E-02, -8.12329E-03, -3.66169E-03,  2.45854E-03,  1.08843E-02,  2.25041E-02,  3.84811E-02,  6.02011E-02,  8.89785E-02,  1.25256E-01,  1.67056E-01,  2.08055E-01,  2.37395E-01,  2.44275E-01,  2.25780E-01,  1.89412E-01,  1.46921E-01,  1.07246E-01,  7.44572E-02,  4.91478E-02,  3.03193E-02,  1.65623E-02,  6.57899E-03, -6.62919E-04, -5.93157E-03, -9.77905E-03, -1.25955E-02, -1.46557E-02, -1.61537E-02, -1.72288E-02, -1.79827E-02, -1.84912E-02, -1.88116E-02, -1.89880E-02, -1.90543E-02, -1.90368E-02, -1.89559E-02, -1.88272E-02, -1.86628E-02, -1.84719E-02, -1.82616E-02, -1.80375E-02, -1.78035E-02, -1.75630E-02, -1.73184E-02, -1.70716E-02, -1.68241E-02,
 -1.74779E-02, -1.77582E-02, -1.80398E-02, -1.83214E-02, -1.86009E-02, -1.88757E-02, -1.91423E-02, -1.93960E-02, -1.96303E-02, -1.98367E-02, -2.00037E-02, -2.01161E-02, -2.01538E-02, -2.00904E-02, -1.98914E-02, -1.95118E-02, -1.88927E-02, -1.79569E-02, -1.66017E-02, -1.46874E-02, -1.20208E-02, -8.32811E-03, -3.21500E-03,  3.89189E-03,  1.38293E-02,  2.78099E-02,  4.75539E-02,  7.53700E-02,  1.13977E-01,  1.65554E-01,  2.29162E-01,  2.96205E-01,  3.47249E-01,  3.59611E-01,  3.26722E-01,  2.65125E-01,  1.97948E-01,  1.39539E-01,  9.42455E-02,  6.10749E-02,  3.73937E-02,  2.06223E-02,  8.73117E-03,  2.55531E-04, -5.82397E-03, -1.02074E-02, -1.33748E-02, -1.56575E-02, -1.72872E-02, -1.84292E-02, -1.92039E-02, -1.97012E-02, -1.99887E-02, -2.01182E-02, -2.01296E-02, -2.00533E-02, -1.99124E-02, -1.97248E-02, -1.95036E-02, -1.92588E-02, -1.89980E-02, -1.87267E-02, -1.84491E-02, -1.81681E-02, -1.78861E-02, -1.76049E-02, -1.73255E-02,
 -1.80095E-02, -1.83250E-02, -1.86449E-02, -1.89680E-02, -1.92928E-02, -1.96167E-02, -1.99365E-02, -2.02473E-02, -2.05426E-02, -2.08133E-02, -2.10467E-02, -2.12260E-02, -2.13283E-02, -2.13229E-02, -2.11695E-02, -2.08150E-02, -2.01897E-02, -1.92019E-02, -1.77297E-02, -1.56084E-02, -1.26104E-02, -8.41434E-03, -2.55649E-03,  5.64415E-03,  1.72015E-02,  3.36371E-02,  5.72282E-02,  9.12931E-02,  1.40297E-01,  2.09068E-01,  2.99465E-01,  4.02099E-01,  4.85931E-01,  5.07047E-01,  4.51587E-01,  3.53525E-01,  2.54307E-01,  1.73899E-01,  1.14999E-01,  7.36650E-02,  4.50336E-02,  2.51638E-02,  1.12618E-02,  1.44232E-03, -5.54989E-03, -1.05541E-02, -1.41370E-02, -1.66878E-02, -1.84786E-02, -1.97044E-02, -2.05076E-02, -2.09947E-02, -2.12463E-02, -2.13235E-02, -2.12732E-02, -2.11308E-02, -2.09230E-02, -2.06698E-02, -2.03857E-02, -2.00818E-02, -1.97657E-02, -1.94432E-02, -1.91182E-02, -1.87938E-02, -1.84718E-02, -1.81538E-02, -1.78406E-02,
 -1.85542E-02, -1.89067E-02, -1.92672E-02, -1.96346E-02, -2.00078E-02, -2.03845E-02, -2.07616E-02, -2.11345E-02, -2.14963E-02, -2.18375E-02, -2.21442E-02, -2.23974E-02, -2.25711E-02, -2.26297E-02, -2.25257E-02, -2.21961E-02, -2.15577E-02, -2.05005E-02, -1.88787E-02, -1.64959E-02, -1.30833E-02, -8.26475E-03, -1.50341E-03,  7.98337E-03,  2.13583E-02,  4.03793E-02,  6.77344E-02,  1.07503E-01,  1.65571E-01,  2.49263E-01,  3.63897E-01,  5.01463E-01,  6.20599E-01,  6.51677E-01,  5.70997E-01,  4.35303E-01,  3.05935E-01,  2.06125E-01,  1.35458E-01,  8.68809E-02,  5.35880E-02,  3.05770E-02,  1.44883E-02,  3.12364E-03, -4.96024E-03, -1.07254E-02, -1.48255E-02, -1.77131E-02, -1.97085E-02, -2.10428E-02, -2.18864E-02, -2.23668E-02, -2.25805E-02, -2.26005E-02, -2.24820E-02, -2.22665E-02, -2.19847E-02, -2.16593E-02, -2.13065E-02, -2.09381E-02, -2.05622E-02, -2.01845E-02, -1.98089E-02, -1.94380E-02, -1.90736E-02, -1.87167E-02, -1.83679E-02,
 -1.91101E-02, -1.95016E-02, -1.99046E-02, -2.03188E-02, -2.07431E-02, -2.11760E-02, -2.16145E-02, -2.20540E-02, -2.24878E-02, -2.29054E-02, -2.32920E-02, -2.36263E-02, -2.38783E-02, -2.40068E-02, -2.39558E-02, -2.36501E-02, -2.29895E-02, -2.18410E-02, -2.00271E-02, -1.73096E-02, -1.33642E-02, -7.74294E-03,  1.82840E-04,  1.13088E-02,  2.69311E-02,  4.89587E-02,  8.02474E-02,  1.25073E-01,  1.89616E-01,  2.81702E-01,  4.07454E-01,  5.59225E-01,  6.92210E-01,  7.27206E-01,  6.36641E-01,  4.86058E-01,  3.43868E-01,  2.34338E-01,  1.56265E-01,  1.01926E-01,  6.41313E-02,  3.76436E-02,  1.89239E-02,  5.61484E-03, -3.87019E-03, -1.06176E-02, -1.53837E-02, -1.87034E-02, -2.09606E-02, -2.24353E-02, -2.33344E-02, -2.38130E-02, -2.39873E-02, -2.39451E-02, -2.37519E-02, -2.34562E-02, -2.30936E-02, -2.26897E-02, -2.22624E-02, -2.18245E-02, -2.13844E-02, -2.09478E-02, -2.05185E-02, -2.00986E-02, -1.96894E-02, -1.92917E-02, -1.89058E-02,
 -1.96754E-02, -2.01072E-02, -2.05546E-02, -2.10176E-02, -2.14958E-02, -2.19878E-02, -2.24912E-02, -2.30017E-02, -2.35124E-02, -2.40123E-02, -2.44853E-02, -2.49076E-02, -2.52450E-02, -2.54498E-02, -2.54560E-02, -2.51739E-02, -2.44824E-02, -2.32189E-02, -2.11648E-02, -1.80247E-02, -1.33961E-02, -6.72638E-03,  2.74907E-03,  1.60910E-02,  3.47748E-02,  6.08542E-02,  9.71906E-02,  1.47724E-01,  2.17608E-01,  3.12497E-01,  4.34974E-01,  5.74267E-01,  6.89974E-01,  7.19542E-01,  6.42312E-01,  5.08191E-01,  3.73986E-01,  2.64359E-01,  1.81919E-01,  1.21871E-01,  7.85990E-02,  4.75142E-02,  2.52186E-02,  9.26555E-03, -2.10137E-03, -1.01447E-02, -1.57731E-02, -1.96425E-02, -2.22285E-02, -2.38786E-02, -2.48490E-02, -2.53298E-02, -2.54626E-02, -2.53527E-02, -2.50779E-02, -2.46949E-02, -2.42447E-02, -2.37561E-02, -2.32490E-02, -2.27369E-02, -2.22287E-02, -2.17299E-02, -2.12440E-02, -2.07727E-02, -2.03169E-02, -1.98768E-02, -1.94522E-02,
 -2.02478E-02, -2.07212E-02, -2.12144E-02, -2.17280E-02, -2.22620E-02, -2.28158E-02, -2.33873E-02, -2.39725E-02, -2.45646E-02, -2.51523E-02, -2.57179E-02, -2.62352E-02, -2.66656E-02, -2.69541E-02, -2.70235E-02, -2.67674E-02, -2.60397E-02, -2.46416E-02, -2.23017E-02, -1.86484E-02, -1.31700E-02, -5.15911E-03,  6.36051E-03,  2.27271E-02,  4.57461E-02,  7.77948E-02,  1.21892E-01,  1.81623E-01,  2.60662E-01,  3.61236E-01,  4.80386E-01,  6.03018E-01,  6.95784E-01,  7.18302E-01,  6.58547E-01,  5.46500E-01,  4.22545E-01,  3.11222E-01,  2.20873E-01,  1.51350E-01,  9.94507E-02,  6.14397E-02,  3.39747E-02,  1.43432E-02,  4.49494E-04, -9.27799E-03, -1.59947E-02, -2.05400E-02, -2.35212E-02, -2.53783E-02, -2.64317E-02, -2.69157E-02, -2.70026E-02, -2.68181E-02, -2.64541E-02, -2.59765E-02, -2.54320E-02, -2.48528E-02, -2.42608E-02, -2.36705E-02, -2.30907E-02, -2.25269E-02, -2.19821E-02, -2.14575E-02, -2.09534E-02, -2.04696E-02, -2.00053E-02,
 -2.08250E-02, -2.13408E-02, -2.18809E-02, -2.24464E-02, -2.30379E-02, -2.36554E-02, -2.42975E-02, -2.49606E-02, -2.56380E-02, -2.63182E-02, -2.69824E-02, -2.76017E-02, -2.81331E-02, -2.85142E-02, -2.86558E-02, -2.84329E-02, -2.76714E-02, -2.61300E-02, -2.34734E-02, -1.92334E-02, -1.27534E-02, -3.11047E-03,  1.09880E-02,  3.13280E-02,  6.03195E-02,  1.01088E-01,  1.57435E-01,  2.33442E-01,  3.32323E-01,  4.53881E-01,  5.90168E-01,  7.20678E-01,  8.12580E-01,  8.34028E-01,  7.76472E-01,  6.61897E-01,  5.25222E-01,  3.94181E-01,  2.82899E-01,  1.95041E-01,  1.28771E-01,  8.02534E-02,  4.54556E-02,  2.08741E-02,  3.72618E-03, -8.08929E-03, -1.61099E-02, -2.14402E-02, -2.48669E-02, -2.69496E-02, -2.80884E-02, -2.85706E-02, -2.86031E-02, -2.83351E-02, -2.78734E-02, -2.72935E-02, -2.66481E-02, -2.59730E-02, -2.52919E-02, -2.46197E-02, -2.39655E-02, -2.33345E-02, -2.27289E-02, -2.21495E-02, -2.15960E-02, -2.10675E-02, -2.05626E-02,
 -2.14044E-02, -2.19632E-02, -2.25508E-02, -2.31689E-02, -2.38190E-02, -2.45016E-02, -2.52160E-02, -2.59593E-02, -2.67252E-02, -2.75019E-02, -2.82699E-02, -2.89980E-02, -2.96391E-02, -3.01233E-02, -3.03496E-02, -3.01739E-02, -2.93924E-02, -2.77174E-02, -2.47414E-02, -1.98832E-02, -1.23091E-02, -8.19719E-04,  1.63046E-02,  4.15001E-02,  7.81431E-02,  1.30748E-01,  2.04997E-01,  3.07276E-01,  4.43021E-01,  6.12818E-01,  8.05602E-01,  9.91369E-01,  1.12227E+00,  1.15281E+00,  1.07093E+00,  9.07735E-01,  7.13592E-01,  5.29164E-01,  3.74889E-01,  2.55361E-01,  1.67043E-01,  1.03734E-01,  5.92664E-02,  2.84891E-02,  7.44263E-03, -6.77998E-03, -1.62516E-02, -2.24254E-02, -2.63125E-02, -2.86163E-02, -2.98282E-02, -3.02942E-02, -3.02590E-02, -2.98958E-02, -2.93267E-02, -2.86369E-02, -2.78846E-02, -2.71090E-02, -2.63350E-02, -2.55783E-02, -2.48477E-02, -2.41478E-02, -2.34803E-02, -2.28453E-02, -2.22417E-02, -2.16679E-02, -2.11221E-02,
 -2.19835E-02, -2.25853E-02, -2.32206E-02, -2.38916E-02, -2.46005E-02, -2.53487E-02, -2.61364E-02, -2.69613E-02, -2.78176E-02, -2.86939E-02, -2.95700E-02, -3.04131E-02, -3.11725E-02, -3.17719E-02, -3.20990E-02, -3.19921E-02, -3.12182E-02, -2.94435E-02, -2.61859E-02, -2.07438E-02, -1.20884E-02,  1.29675E-03,  2.16443E-02,  5.22162E-02,  9.77095E-02,  1.64727E-01,  2.62210E-01,  4.01406E-01,  5.94362E-01,  8.48741E-01,  1.15588E+00,  1.47200E+00,  1.70806E+00,  1.76488E+00,  1.61415E+00,  1.32715E+00,  1.00682E+00,  7.21628E-01,  4.96387E-01,  3.30084E-01,  2.11992E-01,  1.30085E-01,  7.41377E-02,  3.63461E-02,  1.10624E-02, -5.68008E-03, -1.66155E-02, -2.36064E-02, -2.79167E-02, -3.04050E-02, -3.16591E-02, -3.20842E-02, -3.19623E-02, -3.14897E-02, -3.08030E-02, -2.99958E-02, -2.91315E-02, -2.82516E-02, -2.73823E-02, -2.65393E-02, -2.57312E-02, -2.49617E-02, -2.42319E-02, -2.35410E-02, -2.28870E-02, -2.22679E-02, -2.16810E-02,
 -2.25597E-02, -2.32042E-02, -2.38867E-02, -2.46102E-02, -2.53776E-02, -2.61911E-02, -2.70519E-02, -2.79585E-02, -2.89060E-02, -2.98834E-02, -3.08706E-02, -3.18337E-02, -3.27195E-02, -3.34464E-02, -3.38935E-02, -3.38835E-02, -3.31588E-02, -3.13438E-02, -2.78885E-02, -2.19780E-02, -1.23939E-02,  2.69848E-03,  2.60663E-02,  6.18717E-02,  1.16332E-01,  1.98644E-01,  3.22165E-01,  5.05619E-01,  7.73165E-01,  1.15003E+00,  1.64557E+00,  2.21073E+00,  2.67751E+00,  2.79659E+00,  2.48667E+00,  1.94407E+00,  1.39916E+00,  9.58178E-01,  6.35406E-01,  4.10613E-01,  2.58003E-01,  1.55812E-01,  8.79560E-02,  4.31928E-02,  1.38583E-02, -5.20297E-03, -1.74294E-02, -2.51028E-02, -2.97363E-02, -3.23375E-02, -3.35833E-02, -3.39329E-02, -3.37007E-02, -3.31031E-02, -3.22884E-02, -3.13574E-02, -3.03771E-02, -2.93907E-02, -2.84250E-02, -2.74954E-02, -2.66097E-02, -2.57710E-02, -2.49792E-02, -2.42327E-02, -2.35289E-02, -2.28647E-02, -2.22372E-02,
 -2.31304E-02, -2.38168E-02, -2.45456E-02, -2.53205E-02, -2.61452E-02, -2.70228E-02, -2.79553E-02, -2.89425E-02, -2.99803E-02, -3.10587E-02, -3.21578E-02, -3.32439E-02, -3.42624E-02, -3.51285E-02, -3.57152E-02, -3.58346E-02, -3.52105E-02, -3.34366E-02, -2.99101E-02, -2.37264E-02, -1.35124E-02,  2.83317E-03,  2.85408E-02,  6.85810E-02,  1.30598E-01,  2.26352E-01,  3.73882E-01,  6.00592E-01,  9.46727E-01,  1.46653E+00,  2.21596E+00,  3.18797E+00,  4.12022E+00,  4.38238E+00,  3.72206E+00,  2.71127E+00,  1.83304E+00,  1.19702E+00,  7.66213E-01,  4.82091E-01,  2.96708E-01,  1.76246E-01,  9.81348E-02,  4.76075E-02,  1.50592E-02, -5.75674E-03, -1.89005E-02, -2.70113E-02, -3.18086E-02, -3.44198E-02, -3.55915E-02, -3.58240E-02, -3.54559E-02, -3.47178E-02, -3.37664E-02, -3.27069E-02, -3.16087E-02, -3.05155E-02, -2.94540E-02, -2.84388E-02, -2.74768E-02, -2.65700E-02, -2.57175E-02, -2.49166E-02, -2.41639E-02, -2.34556E-02, -2.27881E-02,
 -2.36931E-02, -2.44201E-02, -2.51938E-02, -2.60185E-02, -2.68985E-02, -2.78379E-02, -2.88397E-02, -2.99047E-02, -3.10301E-02, -3.22069E-02, -3.34166E-02, -3.46259E-02, -3.57802E-02, -3.67939E-02, -3.75376E-02, -3.78180E-02, -3.73496E-02, -3.57095E-02, -3.22656E-02, -2.60615E-02, -1.56321E-02,  1.28871E-03,  2.82266E-02,  7.06838E-02,  1.37276E-01,  2.41569E-01,  4.05068E-01,  6.61998E-01,  1.06652E+00,  1.70224E+00,  2.68763E+00,  4.12667E+00,  5.75773E+00,  6.27786E+00,  5.02373E+00,  3.39417E+00,  2.17293E+00,  1.36823E+00,  8.53730E-01,  5.26883E-01,  3.19146E-01,  1.86793E-01,  1.02307E-01,  4.83800E-02,  1.40598E-02, -7.63030E-03, -2.11532E-02, -2.93726E-02, -3.41333E-02, -3.66330E-02, -3.76578E-02, -3.77303E-02, -3.72021E-02, -3.63109E-02, -3.52171E-02, -3.40277E-02, -3.28123E-02, -3.16143E-02, -3.04596E-02, -2.93615E-02, -2.83258E-02, -2.73535E-02, -2.64424E-02, -2.55889E-02, -2.47889E-02, -2.40378E-02, -2.33314E-02,
 -2.42454E-02, -2.50116E-02, -2.58282E-02, -2.67003E-02, -2.76328E-02, -2.86307E-02, -2.96980E-02, -3.08365E-02, -3.20449E-02, -3.33154E-02, -3.46309E-02, -3.59597E-02, -3.72485E-02, -3.84132E-02, -3.93252E-02, -3.97920E-02, -3.95284E-02, -3.81112E-02, -3.49062E-02, -2.89514E-02, -1.87684E-02, -2.06131E-03,  2.47567E-02,  6.73091E-02,  1.34445E-01,  2.40177E-01,  4.06881E-01,  6.70513E-01,  1.08886E+00,  1.75362E+00,  2.80286E+00,  4.38532E+00,  6.27330E+00,  6.90136E+00,  5.40943E+00,  3.57147E+00,  2.25178E+00,  1.40323E+00,  8.68330E-01,  5.31647E-01,  3.19151E-01,  1.84571E-01,  9.91417E-02,  4.49216E-02,  1.06282E-02, -1.08870E-02, -2.41754E-02, -3.21443E-02, -3.66593E-02, -3.89269E-02, -3.97370E-02, -3.96132E-02, -3.89070E-02, -3.78557E-02, -3.66187E-02, -3.53019E-02, -3.39735E-02, -3.26755E-02, -3.14323E-02, -3.02558E-02, -2.91506E-02, -2.81162E-02, -2.71495E-02, -2.62461E-02, -2.54008E-02, -2.46088E-02, -2.38650E-02,
 -2.47854E-02, -2.55887E-02, -2.64458E-02, -2.73624E-02, -2.83439E-02, -2.93961E-02, -3.05238E-02, -3.17301E-02, -3.30147E-02, -3.43713E-02, -3.57847E-02, -3.72251E-02, -3.86416E-02, -3.99533E-02, -4.10354E-02, -4.17018E-02, -4.16762E-02, -4.05500E-02, -3.77131E-02, -3.22429E-02, -2.27253E-02, -6.97184E-03,  1.84237E-02,  5.87724E-02,  1.22361E-01,  2.22143E-01,  3.78414E-01,  6.22874E-01,  1.00419E+00,  1.59358E+00,  2.48093E+00,  3.71261E+00,  5.00710E+00,  5.39624E+00,  4.43839E+00,  3.09568E+00,  2.02161E+00,  1.28547E+00,  8.04180E-01,  4.94508E-01,  2.96335E-01,  1.69724E-01,  8.89392E-02,  3.75425E-02,  5.03559E-03, -1.53056E-02, -2.77922E-02, -3.51905E-02, -3.92814E-02, -4.12205E-02, -4.17664E-02, -4.14239E-02, -4.05327E-02, -3.93225E-02, -3.79479E-02, -3.65112E-02, -3.50779E-02, -3.36877E-02, -3.23632E-02, -3.11147E-02, -2.99453E-02, -2.88534E-02, -2.78351E-02, -2.68849E-02, -2.59972E-02, -2.51663E-02, -2.43869E-02,
 -2.53112E-02, -2.61493E-02, -2.70443E-02, -2.80019E-02, -2.90283E-02, -3.01297E-02, -3.13118E-02, -3.25785E-02, -3.39306E-02, -3.53634E-02, -3.68632E-02, -3.84026E-02, -3.99337E-02, -4.13796E-02, -4.26219E-02, -4.34840E-02, -4.37051E-02, -4.29026E-02, -4.05091E-02, -3.56752E-02, -2.71109E-02, -1.28400E-02,  1.01774E-02,  4.66086E-02,  1.03580E-01,  1.91893E-01,  3.27733E-01,  5.34784E-01,  8.45836E-01,  1.30048E+00,  1.92850E+00,  2.69288E+00,  3.37127E+00,  3.55233E+00,  3.08813E+00,  2.32519E+00,  1.61170E+00,  1.06664E+00,  6.84401E-01,  4.26840E-01,  2.56736E-01,  1.45654E-01,  7.37007E-02,  2.74626E-02, -1.95366E-03, -2.03956E-02, -3.16814E-02, -3.82943E-02, -4.18506E-02, -4.34090E-02, -4.36711E-02, -4.31078E-02, -4.20388E-02, -4.06813E-02, -3.91822E-02, -3.76385E-02, -3.61123E-02, -3.46408E-02, -3.32443E-02, -3.19318E-02, -3.07050E-02, -2.95613E-02, -2.84959E-02, -2.75027E-02, -2.65756E-02, -2.57084E-02, -2.48954E-02,
 -2.58214E-02, -2.66920E-02, -2.76217E-02, -2.86166E-02, -2.96832E-02, -3.08282E-02, -3.20577E-02, -3.33763E-02, -3.47856E-02, -3.62822E-02, -3.78538E-02, -3.94751E-02, -4.11012E-02, -4.26599E-02, -4.40395E-02, -4.50743E-02, -4.55221E-02, -4.50306E-02, -4.30845E-02, -3.89228E-02, -3.14076E-02, -1.88235E-02,  1.41844E-03,  3.31979E-02,  8.22454E-02,  1.56842E-01,  2.68578E-01,  4.32777E-01,  6.67433E-01,  9.87761E-01,  1.39100E+00,  1.82644E+00,  2.16676E+00,  2.25081E+00,  2.02969E+00,  1.62417E+00,  1.19298E+00,  8.26143E-01,  5.47311E-01,  3.48015E-01,  2.10590E-01,  1.17978E-01,  5.66080E-02,  1.65318E-02, -9.23978E-03, -2.54887E-02, -3.54278E-02, -4.11920E-02, -4.41950E-02, -4.53777E-02, -4.53727E-02, -4.46106E-02, -4.33869E-02, -4.19045E-02, -4.03015E-02, -3.86692E-02, -3.70661E-02, -3.55266E-02, -3.40695E-02, -3.27024E-02, -3.14259E-02, -3.02367E-02, -2.91294E-02, -2.80975E-02, -2.71343E-02, -2.62336E-02, -2.53893E-02,
 -2.63150E-02, -2.72154E-02, -2.81767E-02, -2.92050E-02, -3.03070E-02, -3.14895E-02, -3.27588E-02, -3.41199E-02, -3.55750E-02, -3.71213E-02, -3.87475E-02, -4.04300E-02, -4.21265E-02, -4.37683E-02, -4.52500E-02, -4.64164E-02, -4.70422E-02, -4.68036E-02, -4.52347E-02, -4.16583E-02, -3.50800E-02, -2.40309E-02, -6.34512E-03,  2.11286E-02,  6.28573E-02,  1.24924E-01,  2.15116E-01,  3.42390E-01,  5.14845E-01,  7.34778E-01,  9.89525E-01,  1.24016E+00,  1.42010E+00,  1.46250E+00,  1.34919E+00,  1.12666E+00,  8.67244E-01,  6.25838E-01,  4.27807E-01,  2.77382E-01,  1.68669E-01,  9.27642E-02,  4.11267E-02,  6.75431E-03, -1.56472E-02, -2.98850E-02, -3.86078E-02, -4.36218E-02, -4.61497E-02, -4.70205E-02, -4.68017E-02, -4.58856E-02, -4.45453E-02, -4.29703E-02, -4.12904E-02, -3.95923E-02, -3.79311E-02, -3.63395E-02, -3.48347E-02, -3.34233E-02, -3.21056E-02, -3.08778E-02, -2.97341E-02, -2.86678E-02, -2.76722E-02, -2.67408E-02, -2.58675E-02,
 -2.67914E-02, -2.77192E-02, -2.87089E-02, -2.97666E-02, -3.08990E-02, -3.21128E-02, -3.34142E-02, -3.48082E-02, -3.62969E-02, -3.78778E-02, -3.95400E-02, -4.12607E-02, -4.29988E-02, -4.46883E-02, -4.62285E-02, -4.74709E-02, -4.82029E-02, -4.81224E-02, -4.67994E-02, -4.36186E-02, -3.76911E-02, -2.77273E-02, -1.18654E-02,  1.25308E-02,  4.90597E-02,  1.02349E-01,  1.77805E-01,  2.80698E-01,  4.14102E-01,  5.75207E-01,  7.50416E-01,  9.11943E-01,  1.02174E+00,  1.04687E+00,  9.78992E-01,  8.39961E-01,  6.67652E-01,  4.96502E-01,  3.47508E-01,  2.28574E-01,  1.39174E-01,  7.48486E-02,  3.00872E-02, -2.13866E-04, -2.02040E-02, -3.30100E-02, -4.08776E-02, -4.53756E-02, -4.75867E-02, -4.82575E-02, -4.79076E-02, -4.69007E-02, -4.54934E-02, -4.38654E-02, -4.21406E-02, -4.04025E-02, -3.87042E-02, -3.70772E-02, -3.55382E-02, -3.40935E-02, -3.27434E-02, -3.14839E-02, -3.03094E-02, -2.92132E-02, -2.81887E-02, -2.72294E-02, -2.63294E-02,
 -2.72504E-02, -2.82031E-02, -2.92182E-02, -3.03017E-02, -3.14598E-02, -3.26989E-02, -3.40249E-02, -3.54422E-02, -3.69527E-02, -3.85531E-02, -4.02324E-02, -4.19674E-02, -4.37172E-02, -4.54166E-02, -4.69665E-02, -4.82217E-02, -4.89758E-02, -4.89369E-02, -4.76931E-02, -4.46589E-02, -3.89955E-02, -2.94971E-02, -1.44401E-02,  8.58538E-03,  4.28115E-02,  9.22862E-02,  1.61528E-01,  2.54558E-01,  3.72948E-01,  5.12748E-01,  6.60996E-01,  7.94261E-01,  8.82995E-01,  9.03068E-01,  8.48526E-01,  7.35121E-01,  5.91289E-01,  4.44729E-01,  3.14036E-01,  2.07534E-01,  1.26127E-01,  6.67724E-02,  2.50380E-02, -3.44641E-03, -2.23609E-02, -3.45388E-02, -4.20456E-02, -4.63404E-02, -4.84395E-02, -4.90504E-02, -4.86686E-02, -4.76442E-02, -4.62254E-02, -4.45874E-02, -4.28518E-02, -4.11006E-02, -3.93864E-02, -3.77410E-02, -3.61813E-02, -3.47141E-02, -3.33400E-02, -3.20556E-02, -3.08556E-02, -2.97338E-02, -2.86838E-02, -2.76993E-02, -2.67748E-02,
 -2.76922E-02, -2.86677E-02, -2.97056E-02, -3.08115E-02, -3.19911E-02, -3.32501E-02, -3.45938E-02, -3.60259E-02, -3.75470E-02, -3.91530E-02, -4.08315E-02, -4.25582E-02, -4.42909E-02, -4.59633E-02, -4.74749E-02, -4.86801E-02, -4.93714E-02, -4.92563E-02, -4.79215E-02, -4.47795E-02, -3.89862E-02, -2.93237E-02, -1.40442E-02,  9.31323E-03,  4.40844E-02,  9.45210E-02,  1.65525E-01,  2.61763E-01,  3.85739E-01,  5.34446E-01,  6.95063E-01,  8.42188E-01,  9.41666E-01,  9.64303E-01,  9.02768E-01,  7.76407E-01,  6.18984E-01,  4.61621E-01,  3.23710E-01,  2.12903E-01,  1.29094E-01,  6.84357E-02,  2.59843E-02, -2.91679E-03, -2.20958E-02, -3.44592E-02, -4.21083E-02, -4.65191E-02, -4.87156E-02, -4.94088E-02, -4.90955E-02, -4.81269E-02, -4.67519E-02, -4.51461E-02, -4.34324E-02, -4.16938E-02, -3.99840E-02, -3.83362E-02, -3.67683E-02, -3.52885E-02, -3.38981E-02, -3.25949E-02, -3.13742E-02, -3.02306E-02, -2.91580E-02, -2.81509E-02, -2.72038E-02,
 -2.81173E-02, -2.91140E-02, -3.01725E-02, -3.12979E-02, -3.24955E-02, -3.37700E-02, -3.51258E-02, -3.65653E-02, -3.80878E-02, -3.96874E-02, -4.13499E-02, -4.30486E-02, -4.47392E-02, -4.63521E-02, -4.77836E-02, -4.88839E-02, -4.94391E-02, -4.91470E-02, -4.75792E-02, -4.41214E-02, -3.78841E-02, -2.75694E-02, -1.12896E-02,  1.36612E-02,  5.10469E-02,  1.05860E-01,  1.84249E-01,  2.92827E-01,  4.36729E-01,  6.15499E-01,  8.16453E-01,  1.00810E+00,  1.14201E+00,  1.17298E+00,  1.08914E+00,  9.21375E-01,  7.20102E-01,  5.26988E-01,  3.64066E-01,  2.37291E-01,  1.43795E-01,  7.73826E-02,  3.15176E-02,  5.61904E-04, -1.98845E-02, -3.30566E-02, -4.12433E-02, -4.60274E-02, -4.84944E-02, -4.93900E-02, -4.92318E-02, -4.83828E-02, -4.70995E-02, -4.55631E-02, -4.38999E-02, -4.21960E-02, -4.05083E-02, -3.88716E-02, -3.73062E-02, -3.58220E-02, -3.44219E-02, -3.31050E-02, -3.18676E-02, -3.07053E-02, -2.96127E-02, -2.85849E-02, -2.76167E-02,
 -2.85267E-02, -2.95431E-02, -3.06206E-02, -3.17637E-02, -3.29767E-02, -3.42635E-02, -3.56272E-02, -3.70687E-02, -3.85856E-02, -4.01698E-02, -4.18046E-02, -4.34606E-02, -4.50897E-02, -4.66188E-02, -4.79388E-02, -4.88934E-02, -4.92596E-02, -4.87216E-02, -4.68287E-02, -4.29308E-02, -3.60771E-02, -2.48659E-02, -7.23040E-03,  1.98431E-02,  6.06522E-02,  1.21108E-01,  2.08904E-01,  3.33115E-01,  5.02340E-01,  7.19847E-01,  9.74116E-01,  1.22664E+00,  1.40921E+00,  1.45215E+00,  1.33647E+00,  1.11106E+00,  8.50825E-01,  6.11080E-01,  4.16180E-01,  2.69161E-01,  1.63359E-01,  8.95736E-02,  3.92707E-02,  5.59898E-03, -1.65528E-02, -3.08308E-02, -3.97618E-02, -4.50667E-02, -4.79117E-02, -4.90899E-02, -4.91475E-02, -4.84645E-02, -4.73091E-02, -4.58699E-02, -4.42790E-02, -4.26270E-02, -4.09743E-02, -3.93592E-02, -3.78043E-02, -3.63219E-02, -3.49169E-02, -3.35900E-02, -3.23389E-02, -3.11601E-02, -3.00494E-02, -2.90023E-02, -2.80143E-02,
 -2.89214E-02, -2.99568E-02, -3.10524E-02, -3.22119E-02, -3.34389E-02, -3.47362E-02, -3.61055E-02, -3.75459E-02, -3.90532E-02, -4.06167E-02, -4.22170E-02, -4.38212E-02, -4.53775E-02, -4.68078E-02, -4.79979E-02, -4.87842E-02, -4.89345E-02, -4.81197E-02, -4.58699E-02, -4.15044E-02, -3.40237E-02, -2.19456E-02, -3.06855E-03,  2.58521E-02,  6.95130E-02,  1.34520E-01,  2.29759E-01,  3.66253E-01,  5.55497E-01,  8.04207E-01,  1.10278E+00,  1.40790E+00,  1.63410E+00,  1.68803E+00,  1.54339E+00,  1.26713E+00,  9.56906E-01,  6.79033E-01,  4.58639E-01,  2.95685E-01,  1.80199E-01,  1.00534E-01,  4.66012E-02,  1.06220E-02, -1.30495E-02, -2.83668E-02, -3.80355E-02, -4.38819E-02, -4.71354E-02, -4.86281E-02, -4.89302E-02, -4.84384E-02, -4.74314E-02, -4.61060E-02, -4.46006E-02, -4.30109E-02, -4.14012E-02, -3.98136E-02, -3.82740E-02, -3.67969E-02, -3.53898E-02, -3.40549E-02, -3.27917E-02, -3.15978E-02, -3.04700E-02, -2.94044E-02, -2.83974E-02,
 -2.93024E-02, -3.03566E-02, -3.14701E-02, -3.26460E-02, -3.38868E-02, -3.51944E-02, -3.65689E-02, -3.80079E-02, -3.95048E-02, -4.10465E-02, -4.26105E-02, -4.41607E-02, -4.56410E-02, -4.69687E-02, -4.80246E-02, -4.86388E-02, -4.85720E-02, -4.74870E-02, -4.49036E-02, -4.01290E-02, -3.21485E-02, -1.94602E-02,  1.65610E-04,  3.00180E-02,  7.48733E-02,  1.41488E-01,  2.39035E-01,  3.79054E-01,  5.73872E-01,  8.31296E-01,  1.14253E+00,  1.46312E+00,  1.70254E+00,  1.75983E+00,  1.60633E+00,  1.31486E+00,  9.90135E-01,  7.01506E-01,  4.74024E-01,  3.06593E-01,  1.88242E-01,  1.06652E-01,  5.13363E-02,  1.43042E-02, -1.02016E-02, -2.61947E-02, -3.64156E-02, -4.27143E-02, -4.63373E-02, -4.81305E-02, -4.86751E-02, -4.83770E-02, -4.75226E-02, -4.63153E-02, -4.48989E-02, -4.33741E-02, -4.18096E-02, -4.02510E-02, -3.87276E-02, -3.72566E-02, -3.58477E-02, -3.45052E-02, -3.32301E-02, -3.20213E-02, -3.08765E-02, -2.97927E-02, -2.87669E-02,
 -2.96709E-02, -3.07442E-02, -3.18762E-02, -3.30693E-02, -3.43251E-02, -3.56444E-02, -3.70260E-02, -3.84657E-02, -3.99549E-02, -4.14780E-02, -4.30097E-02, -4.45103E-02, -4.59201E-02, -4.71524E-02, -4.80832E-02, -4.85387E-02, -4.82760E-02, -4.69561E-02, -4.41018E-02, -3.90313E-02, -3.07573E-02, -1.78337E-02,  1.86575E-03,  3.14480E-02,  7.53823E-02,  1.39925E-01,  2.33447E-01,  3.66269E-01,  5.48987E-01,  7.87391E-01,  1.07155E+00,  1.35985E+00,  1.57225E+00,  1.62270E+00,  1.48717E+00,  1.22705E+00,  9.32925E-01,  6.67560E-01,  4.55580E-01,  2.97681E-01,  1.84843E-01,  1.06232E-01,  5.23686E-02,  1.59040E-02, -8.52003E-03, -2.46768E-02, -3.51667E-02, -4.17620E-02, -4.56689E-02, -4.77148E-02, -4.84744E-02, -4.83533E-02, -4.76404E-02, -4.65430E-02, -4.52096E-02, -4.37447E-02, -4.22211E-02, -4.06882E-02, -3.91779E-02, -3.77106E-02, -3.62980E-02, -3.49464E-02, -3.36581E-02, -3.24334E-02, -3.12709E-02, -3.01685E-02, -2.91236E-02,
 -3.00276E-02, -3.11211E-02, -3.22730E-02, -3.34850E-02, -3.47582E-02, -3.60923E-02, -3.74848E-02, -3.89301E-02, -4.04177E-02, -4.19298E-02, -4.34383E-02, -4.49005E-02, -4.62536E-02, -4.74073E-02, -4.82342E-02, -4.85583E-02, -4.81365E-02, -4.66344E-02, -4.35887E-02, -3.83495E-02, -2.99930E-02, -1.71923E-02,  1.96532E-03,  3.02190E-02,  7.14209E-02,  1.30816E-01,  2.15163E-01,  3.32335E-01,  4.89557E-01,  6.88968E-01,  9.19235E-01,  1.14529E+00,  1.30718E+00,  1.34507E+00,  1.24279E+00,  1.04206E+00,  8.07824E-01,  5.89449E-01,  4.09662E-01,  2.72129E-01,  1.71510E-01,  9.99204E-02,  4.99060E-02,  1.54155E-02, -8.10718E-03, -2.39510E-02, -3.44312E-02, -4.11574E-02, -4.52467E-02, -4.74801E-02, -4.84105E-02, -4.84343E-02, -4.78389E-02, -4.68326E-02, -4.55669E-02, -4.41495E-02, -4.26569E-02, -4.11412E-02, -3.96375E-02, -3.81685E-02, -3.67478E-02, -3.53835E-02, -3.40795E-02, -3.28369E-02, -3.16552E-02, -3.05330E-02, -2.94682E-02,
 -3.03733E-02, -3.14884E-02, -3.26621E-02, -3.38957E-02, -3.51898E-02, -3.65432E-02, -3.79525E-02, -3.94108E-02, -4.09061E-02, -4.24186E-02, -4.39181E-02, -4.53593E-02, -4.66767E-02, -4.77770E-02, -4.85310E-02, -4.87612E-02, -4.82264E-02, -4.66002E-02, -4.34388E-02, -3.81339E-02, -2.98424E-02, -1.73859E-02,  8.86446E-04,  2.72653E-02,  6.48589E-02,  1.17711E-01,  1.90711E-01,  2.89001E-01,  4.16312E-01,  5.71528E-01,  7.43291E-01,  9.04968E-01,  1.01684E+00,  1.04256E+00,  9.72701E-01,  8.31910E-01,  6.61075E-01,  4.94818E-01,  3.52157E-01,  2.38849E-01,  1.53148E-01,  9.03504E-02,  4.53063E-02,  1.34908E-02, -8.69198E-03, -2.39442E-02, -3.42324E-02, -4.09652E-02, -4.51480E-02, -4.75024E-02, -4.85515E-02, -4.86787E-02, -4.81666E-02, -4.72235E-02, -4.60021E-02, -4.46134E-02, -4.31360E-02, -4.16249E-02, -4.01176E-02, -3.86385E-02, -3.72033E-02, -3.58213E-02, -3.44974E-02, -3.32338E-02, -3.20307E-02, -3.08871E-02, -2.98011E-02,
 -3.07080E-02, -3.18466E-02, -3.30446E-02, -3.43033E-02, -3.56228E-02, -3.70013E-02, -3.84349E-02, -3.99157E-02, -4.14306E-02, -4.29584E-02, -4.44674E-02, -4.59101E-02, -4.72191E-02, -4.82989E-02, -4.90183E-02, -4.91991E-02, -4.86018E-02, -4.69070E-02, -4.36879E-02, -3.83727E-02, -3.01889E-02, -1.80888E-02, -6.51933E-04,  2.40205E-02,  5.83898E-02,  1.05470E-01,  1.68589E-01,  2.50709E-01,  3.52985E-01,  4.72357E-01,  5.98532E-01,  7.12234E-01,  7.88266E-01,  8.05446E-01,  7.58492E-01,  6.61390E-01,  5.38812E-01,  4.13979E-01,  3.01913E-01,  2.09120E-01,  1.36304E-01,  8.12106E-02,  4.05783E-02,  1.11733E-02, -9.77147E-03, -2.44464E-02, -3.45122E-02, -4.12007E-02, -4.54192E-02, -4.78371E-02, -4.89517E-02, -4.91347E-02, -4.86644E-02, -4.77489E-02, -4.65423E-02, -4.51572E-02, -4.36747E-02, -4.21517E-02, -4.06272E-02, -3.91275E-02, -3.76694E-02, -3.62630E-02, -3.49143E-02, -3.36258E-02, -3.23983E-02, -3.12310E-02, -3.01225E-02,
 -3.10316E-02, -3.21957E-02, -3.34210E-02, -3.47087E-02, -3.60586E-02, -3.74691E-02, -3.89358E-02, -4.04504E-02, -4.19990E-02, -4.35600E-02, -4.51002E-02, -4.65715E-02, -4.79045E-02, -4.90022E-02, -4.97317E-02, -4.99130E-02, -4.93062E-02, -4.75933E-02, -4.43543E-02, -3.90333E-02, -3.08924E-02, -1.89492E-02, -1.90306E-03,  2.19376E-02,  5.46891E-02,  9.88135E-02,  1.56808E-01,  2.30499E-01,  3.19762E-01,  4.20717E-01,  5.23920E-01,  6.14027E-01,  6.72821E-01,  6.85944E-01,  6.49920E-01,  5.74036E-01,  4.75463E-01,  3.71708E-01,  2.75459E-01,  1.93353E-01,  1.27242E-01,  7.61261E-02,  3.77381E-02,  9.53226E-03, -1.08148E-02, -2.52220E-02, -3.51898E-02, -4.18596E-02, -4.60899E-02, -4.85258E-02, -4.96533E-02, -4.98403E-02, -4.93645E-02, -4.84352E-02, -4.72080E-02, -4.57972E-02, -4.42853E-02, -4.27305E-02, -4.11732E-02, -3.96403E-02, -3.81492E-02, -3.67108E-02, -3.53313E-02, -3.40134E-02, -3.27581E-02, -3.15648E-02, -3.04318E-02,
 -3.13430E-02, -3.25349E-02, -3.37906E-02, -3.51114E-02, -3.64976E-02, -3.79474E-02, -3.94568E-02, -4.10174E-02, -4.26156E-02, -4.42294E-02, -4.58256E-02, -4.73555E-02, -4.87490E-02, -4.99079E-02, -5.06973E-02, -5.09343E-02, -5.03745E-02, -4.86934E-02, -4.54612E-02, -4.01074E-02, -3.18720E-02, -1.97398E-02, -2.36136E-03,  2.20278E-02,  5.56487E-02,  1.01113E-01,  1.61111E-01,  2.37695E-01,  3.30943E-01,  4.37007E-01,  5.46078E-01,  6.41835E-01,  7.04581E-01,  7.18624E-01,  6.80135E-01,  5.99296E-01,  4.94794E-01,  3.85431E-01,  2.84573E-01,  1.99007E-01,  1.30451E-01,  7.76782E-02,  3.82020E-02,  9.30415E-03, -1.14684E-02, -2.61239E-02, -3.62240E-02, -4.29506E-02, -4.71893E-02, -4.96028E-02, -5.06892E-02, -5.08240E-02, -5.02903E-02, -4.93008E-02, -4.80132E-02, -4.65435E-02, -4.49751E-02, -4.33667E-02, -4.17589E-02, -4.01788E-02, -3.86440E-02, -3.71652E-02, -3.57483E-02, -3.43963E-02, -3.31096E-02, -3.18875E-02, -3.07283E-02,
 -3.16409E-02, -3.28626E-02, -3.41517E-02, -3.55100E-02, -3.69380E-02, -3.84348E-02, -3.99968E-02, -4.16164E-02, -4.32805E-02, -4.49680E-02, -4.66464E-02, -4.82672E-02, -4.97606E-02, -5.10277E-02, -5.19317E-02, -5.22856E-02, -5.18367E-02, -5.02452E-02, -4.70537E-02, -4.16431E-02, -3.31693E-02, -2.04735E-02, -1.96510E-03,  2.45151E-02,  6.18229E-02,  1.13554E-01,  1.83868E-01,  2.76813E-01,  3.94732E-01,  5.35297E-01,  6.87274E-01,  8.27255E-01,  9.22497E-01,  9.44235E-01,  8.85125E-01,  7.64394E-01,  6.14951E-01,  4.66144E-01,  3.35476E-01,  2.29428E-01,  1.47649E-01,  8.66998E-02,  4.23410E-02,  1.06231E-02, -1.17111E-02, -2.71801E-02, -3.76592E-02, -4.45194E-02, -4.87575E-02, -5.11010E-02, -5.20848E-02, -5.21048E-02, -5.14555E-02, -5.03551E-02, -4.89644E-02, -4.74002E-02, -4.57463E-02, -4.40610E-02, -4.23842E-02, -4.07425E-02, -3.91527E-02, -3.76247E-02, -3.61640E-02, -3.47727E-02, -3.34511E-02, -3.21977E-02, -3.10105E-02,
 -3.19228E-02, -3.31764E-02, -3.45017E-02, -3.59014E-02, -3.73768E-02, -3.89279E-02, -4.05521E-02, -4.22433E-02, -4.39897E-02, -4.57719E-02, -4.75589E-02, -4.93038E-02, -5.09379E-02, -5.23630E-02, -5.34408E-02, -5.39799E-02, -5.37170E-02, -5.22907E-02, -4.92023E-02, -4.37563E-02, -3.49714E-02, -2.14490E-02, -1.18648E-03,  2.86698E-02,  7.21234E-02,  1.34634E-01,  2.23290E-01,  3.46477E-01,  5.12202E-01,  7.23532E-01,  9.69546E-01,  1.21341E+00,  1.38965E+00,  1.43117E+00,  1.31958E+00,  1.10194E+00,  8.50312E-01,  6.17808E-01,  4.27704E-01,  2.82893E-01,  1.77139E-01,  1.01888E-01,  4.92501E-02,  1.28967E-02, -1.19202E-02, -2.86265E-02, -3.96413E-02, -4.66549E-02, -5.08481E-02, -5.30517E-02, -5.38574E-02, -5.36914E-02, -5.28631E-02, -5.15979E-02, -5.00592E-02, -4.83641E-02, -4.65951E-02, -4.48094E-02, -4.30452E-02, -4.13275E-02, -3.96716E-02, -3.80860E-02, -3.65752E-02, -3.51401E-02, -3.37801E-02, -3.24931E-02, -3.12763E-02,
 -3.21861E-02, -3.34730E-02, -3.48369E-02, -3.62813E-02, -3.78088E-02, -3.94207E-02, -4.11160E-02, -4.28906E-02, -4.47348E-02, -4.66315E-02, -4.85526E-02, -5.04541E-02, -5.22699E-02, -5.39037E-02, -5.52177E-02, -5.60173E-02, -5.60294E-02, -5.48696E-02, -5.19925E-02, -4.66134E-02, -3.75860E-02, -2.32160E-02, -9.82655E-04,  3.28615E-02,  8.38479E-02,  1.60028E-01,  2.72834E-01,  4.37736E-01,  6.73508E-01,  9.97109E-01,  1.40821E+00,  1.85713E+00,  2.21155E+00,  2.29928E+00,  2.06755E+00,  1.64665E+00,  1.20433E+00,  8.32116E-01,  5.51432E-01,  3.51544E-01,  2.13491E-01,  1.19761E-01,  5.68007E-02,  1.48604E-02, -1.28275E-02, -3.08767E-02, -4.23973E-02, -4.94767E-02, -5.35193E-02, -5.54788E-02, -5.60124E-02, -5.55791E-02, -5.45040E-02, -5.30183E-02, -5.12864E-02, -4.94241E-02, -4.75115E-02, -4.56029E-02, -4.37340E-02, -4.19269E-02, -4.01946E-02, -3.85439E-02, -3.69773E-02, -3.54943E-02, -3.40931E-02, -3.27706E-02, -3.15230E-02,
 -3.24273E-02, -3.37483E-02, -3.51524E-02, -3.66441E-02, -3.82274E-02, -3.99055E-02, -4.16793E-02, -4.35472E-02, -4.55025E-02, -4.75316E-02, -4.96100E-02, -5.16980E-02, -5.37341E-02, -5.56263E-02, -5.72398E-02, -5.83804E-02, -5.87693E-02, -5.80046E-02, -5.55006E-02, -5.03905E-02, -4.13704E-02, -2.64559E-02, -2.60411E-03,  3.48564E-02,  9.30884E-02,  1.83032E-01,  3.21286E-01,  5.32554E-01,  8.51844E-01,  1.32307E+00,  1.98307E+00,  2.80126E+00,  3.54224E+00,  3.74199E+00,  3.22959E+00,  2.40346E+00,  1.64666E+00,  1.07802E+00,  6.84093E-01,  4.20865E-01,  2.47882E-01,  1.35121E-01,  6.19938E-02,  1.48226E-02, -1.53653E-02, -3.44280E-02, -4.61797E-02, -5.31018E-02, -5.68150E-02, -5.83883E-02, -5.85369E-02, -5.77472E-02, -5.63550E-02, -5.45934E-02, -5.26250E-02, -5.05617E-02, -4.84793E-02, -4.64277E-02, -4.44386E-02, -4.25305E-02, -4.07133E-02, -3.89912E-02, -3.73642E-02, -3.58303E-02, -3.43859E-02, -3.30266E-02, -3.17477E-02,
 -3.26424E-02, -3.39977E-02, -3.54426E-02, -3.69829E-02, -3.86245E-02, -4.03723E-02, -4.22301E-02, -4.41989E-02, -4.62758E-02, -4.84515E-02, -5.07064E-02, -5.30067E-02, -5.52973E-02, -5.74930E-02, -5.94663E-02, -6.10286E-02, -6.19034E-02, -6.16833E-02, -5.97605E-02, -5.52148E-02, -4.66302E-02, -3.18040E-02, -7.28609E-03,  3.23392E-02,  9.55871E-02,  1.95887E-01,  3.54511E-01,  6.05170E-01,  1.00068E+00,  1.62095E+00,  2.57437E+00,  3.94115E+00,  5.44419E+00,  5.91080E+00,  4.77149E+00,  3.24640E+00,  2.07481E+00,  1.29274E+00,  7.90378E-01,  4.71454E-01,  2.69680E-01,  1.42144E-01,  6.16555E-02,  1.10759E-02, -2.04263E-02, -3.97246E-02, -5.11887E-02, -5.76011E-02, -6.07404E-02, -6.17541E-02, -6.13925E-02, -6.01544E-02, -5.83764E-02, -5.62875E-02, -5.40438E-02, -5.17503E-02, -4.94760E-02, -4.72650E-02, -4.51435E-02, -4.31254E-02, -4.12170E-02, -3.94189E-02, -3.77286E-02, -3.61419E-02, -3.46532E-02, -3.32568E-02, -3.19466E-02,
 -3.28271E-02, -3.42159E-02, -3.57011E-02, -3.72901E-02, -3.89905E-02, -4.08098E-02, -4.27542E-02, -4.48284E-02, -4.70337E-02, -4.93655E-02, -5.18107E-02, -5.43424E-02, -5.69142E-02, -5.94510E-02, -6.18362E-02, -6.38941E-02, -6.53610E-02, -6.58408E-02, -6.47317E-02, -6.11055E-02, -5.35107E-02, -3.96540E-02, -1.58944E-02,  2.35577E-02,  8.79247E-02,  1.91972E-01,  3.59537E-01,  6.29444E-01,  1.06527E+00,  1.77144E+00,  2.91682E+00,  4.72676E+00,  7.05948E+00,  7.88706E+00,  5.96025E+00,  3.77763E+00,  2.30647E+00,  1.39395E+00,  8.31854E-01,  4.84632E-01,  2.69506E-01,  1.36026E-01,  5.33213E-02,  2.38448E-03, -2.85964E-02, -4.70094E-02, -5.74912E-02, -6.29556E-02, -6.52387E-02, -6.55066E-02, -6.45092E-02, -6.27361E-02, -6.05116E-02, -5.80522E-02, -5.55022E-02, -5.29560E-02, -5.04738E-02, -4.80918E-02, -4.58298E-02, -4.36963E-02, -4.16930E-02, -3.98167E-02, -3.80621E-02, -3.64221E-02, -3.48894E-02, -3.34564E-02, -3.21158E-02,
 -3.29767E-02, -3.43973E-02, -3.59211E-02, -3.75572E-02, -3.93152E-02, -4.12050E-02, -4.32359E-02, -4.54163E-02, -4.77520E-02, -5.02442E-02, -5.28863E-02, -5.56603E-02, -5.85299E-02, -6.14327E-02, -6.42681E-02, -6.68796E-02, -6.90283E-02, -7.03484E-02, -7.02758E-02, -6.79289E-02, -6.19122E-02, -4.99988E-02, -2.86264E-02,  7.89708E-03,  6.86571E-02,  1.68169E-01,  3.29738E-01,  5.90916E-01,  1.01217E+00,  1.68993E+00,  2.77173E+00,  4.42619E+00,  6.44042E+00,  7.12003E+00,  5.50816E+00,  3.56670E+00,  2.19723E+00,  1.32772E+00,  7.86258E-01,  4.50535E-01,  2.42813E-01,  1.14662E-01,  3.60678E-02, -1.15944E-02, -3.99335E-02, -5.62083E-02, -6.49599E-02, -6.90244E-02, -7.01745E-02, -6.95245E-02, -6.77823E-02, -6.54041E-02, -6.26873E-02, -5.98272E-02, -5.69507E-02, -5.41387E-02, -5.14401E-02, -4.88819E-02, -4.64762E-02, -4.42259E-02, -4.21273E-02, -4.01733E-02, -3.83553E-02, -3.66634E-02, -3.50883E-02, -3.36204E-02, -3.22512E-02,
 -3.30866E-02, -3.45360E-02, -3.60953E-02, -3.77753E-02, -3.95877E-02, -4.15445E-02, -4.36585E-02, -4.59418E-02, -4.84048E-02, -5.10548E-02, -5.38928E-02, -5.69096E-02, -6.00807E-02, -6.33588E-02, -6.66624E-02, -6.98612E-02, -7.27502E-02, -7.50120E-02, -7.61503E-02, -7.53813E-02, -7.14538E-02, -6.23583E-02, -4.48691E-02, -1.38364E-02,  3.88978E-02,  1.26164E-01,  2.67983E-01,  4.95156E-01,  8.53589E-01,  1.40695E+00,  2.22698E+00,  3.32682E+00,  4.42508E+00,  4.74131E+00,  3.94611E+00,  2.77655E+00,  1.79951E+00,  1.11367E+00,  6.62081E-01,  3.73358E-01,  1.91956E-01,  7.95415E-02,  1.09190E-02, -3.01115E-02, -5.38692E-02, -6.68815E-02, -7.32499E-02, -7.55353E-02, -7.53321E-02, -7.36362E-02, -7.10750E-02, -6.80490E-02, -6.48161E-02, -6.15424E-02, -5.83335E-02, -5.52536E-02, -5.23389E-02, -4.96062E-02, -4.70597E-02, -4.46956E-02, -4.25050E-02, -4.04767E-02, -3.85985E-02, -3.68580E-02, -3.52434E-02, -3.37437E-02, -3.23486E-02,
 -3.31522E-02, -3.46263E-02, -3.62168E-02, -3.79358E-02, -3.97969E-02, -4.18148E-02, -4.40050E-02, -4.63834E-02, -4.89654E-02, -5.17638E-02, -5.47873E-02, -5.80362E-02, -6.14982E-02, -6.51419E-02, -6.89074E-02, -7.26938E-02, -7.63379E-02, -7.95825E-02, -8.20213E-02, -8.30066E-02, -8.14980E-02, -7.58166E-02, -6.32633E-02, -3.95452E-02,  2.05767E-03,  7.18602E-02,  1.85278E-01,  3.64361E-01,  6.38064E-01,  1.03756E+00,  1.57769E+00,  2.20840E+00,  2.73954E+00,  2.87500E+00,  2.51669E+00,  1.90264E+00,  1.30125E+00,  8.27991E-01,  4.92945E-01,  2.69230E-01,  1.25311E-01,  3.53402E-02, -1.93423E-02, -5.14248E-02, -6.92662E-02, -7.82593E-02, -8.18240E-02, -8.21028E-02, -8.04281E-02, -7.76289E-02, -7.42253E-02, -7.05460E-02, -6.68007E-02, -6.31218E-02, -5.95906E-02, -5.62534E-02, -5.31328E-02, -5.02352E-02, -4.75565E-02, -4.50864E-02, -4.28109E-02, -4.07146E-02, -3.87820E-02, -3.69979E-02, -3.53485E-02, -3.38210E-02, -3.24037E-02,
 -3.31689E-02, -3.46629E-02, -3.62787E-02, -3.80302E-02, -3.99325E-02, -4.20026E-02, -4.42588E-02, -4.67205E-02, -4.94073E-02, -5.23379E-02, -5.55277E-02, -5.89861E-02, -6.27129E-02, -6.66922E-02, -7.08858E-02, -7.52229E-02, -7.95842E-02, -8.37777E-02, -8.74960E-02, -9.02459E-02, -9.12298E-02, -8.91553E-02, -8.19413E-02, -6.62887E-02, -3.70878E-02,  1.33234E-02,  9.59363E-02,  2.25350E-01,  4.18190E-01,  6.86770E-01,  1.02412E+00,  1.38044E+00,  1.64985E+00,  1.71298E+00,  1.53668E+00,  1.20874E+00,  8.52698E-01,  5.47323E-01,  3.17721E-01,  1.58525E-01,  5.40687E-02, -1.15069E-02, -5.08680E-02, -7.31561E-02, -8.46138E-02, -8.93552E-02, -9.00204E-02, -8.82703E-02, -8.51389E-02, -8.12683E-02, -7.70593E-02, -7.27641E-02, -6.85412E-02, -6.44882E-02, -6.06620E-02, -5.70910E-02, -5.37849E-02, -5.07397E-02, -4.79436E-02, -4.53801E-02, -4.30305E-02, -4.08755E-02, -3.88964E-02, -3.70757E-02, -3.53975E-02, -3.38475E-02, -3.24128E-02,
 -3.31331E-02, -3.46408E-02, -3.62751E-02, -3.80508E-02, -3.99848E-02, -4.20958E-02, -4.44047E-02, -4.69337E-02, -4.97064E-02, -5.27461E-02, -5.60743E-02, -5.97088E-02, -6.36592E-02, -6.79241E-02, -7.24846E-02, -7.72973E-02, -8.22835E-02, -8.73116E-02, -9.21684E-02, -9.65086E-02, -9.97711E-02, -1.01043E-01, -9.88515E-02, -9.08674E-02, -7.35048E-02, -4.14400E-02,  1.28519E-02,  9.91707E-02,  2.28228E-01,  4.06727E-01,  6.26644E-01,  8.51427E-01,  1.01454E+00,  1.05029E+00,  9.43119E-01,  7.41021E-01,  5.15295E-01,  3.16809E-01,  1.64970E-01,  5.86671E-02, -1.11567E-02, -5.44754E-02, -7.96109E-02, -9.27677E-02, -9.82980E-02, -9.91252E-02, -9.71482E-02, -9.35694E-02, -8.91385E-02, -8.43212E-02, -7.94070E-02, -7.45767E-02, -6.99419E-02, -6.55684E-02, -6.14910E-02, -5.77226E-02, -5.42605E-02, -5.10924E-02, -4.81994E-02, -4.55597E-02, -4.31503E-02, -4.09486E-02, -3.89332E-02, -3.70846E-02, -3.53850E-02, -3.38189E-02, -3.23722E-02,
 -3.30412E-02, -3.45559E-02, -3.62006E-02, -3.79911E-02, -3.99456E-02, -4.20842E-02, -4.44296E-02, -4.70066E-02, -4.98416E-02, -5.29617E-02, -5.63934E-02, -6.01602E-02, -6.42804E-02, -6.87633E-02, -7.36052E-02, -7.87842E-02, -8.42531E-02, -8.99283E-02, -9.56710E-02, -1.01254E-01, -1.06310E-01, -1.10238E-01, -1.12077E-01, -1.10324E-01, -1.02683E-01, -8.57480E-02, -5.45431E-02, -1.91993E-03,  8.18065E-02,  2.07039E-01,  3.76274E-01,  5.65706E-01,  7.12583E-01,  7.44919E-01,  6.46342E-01,  4.72638E-01,  2.95016E-01,  1.51899E-01,  4.96530E-02, -1.87491E-02, -6.22265E-02, -8.81508E-02, -1.02064E-01, -1.08013E-01, -1.08878E-01, -1.06635E-01, -1.02591E-01, -9.75835E-02, -9.21386E-02, -8.65831E-02, -8.11196E-02, -7.58734E-02, -7.09194E-02, -6.62988E-02, -6.20288E-02, -5.81097E-02, -5.45299E-02, -5.12699E-02, -4.83054E-02, -4.56104E-02, -4.31586E-02, -4.09246E-02, -3.88851E-02, -3.70186E-02, -3.53064E-02, -3.37314E-02, -3.22791E-02,
 -3.28909E-02, -3.44050E-02, -3.60512E-02, -3.78461E-02, -3.98084E-02, -4.19596E-02, -4.43234E-02, -4.69263E-02, -4.97966E-02, -5.29640E-02, -5.64579E-02, -6.03063E-02, -6.45324E-02, -6.91524E-02, -7.41720E-02, -7.95822E-02, -8.53545E-02, -9.14337E-02, -9.77243E-02, -1.04070E-01, -1.10220E-01, -1.15773E-01, -1.20109E-01, -1.22299E-01, -1.21014E-01, -1.14354E-01, -9.94038E-02, -7.09253E-02, -1.83031E-02,  7.84112E-02,  2.44296E-01,  4.76240E-01,  6.88344E-01,  7.40883E-01,  5.97024E-01,  3.70715E-01,  1.78912E-01,  5.34507E-02, -2.18480E-02, -6.69108E-02, -9.37553E-02, -1.08767E-01, -1.15738E-01, -1.17284E-01, -1.15317E-01, -1.11208E-01, -1.05898E-01, -1.00006E-01, -9.39241E-02, -8.78997E-02, -8.20841E-02, -7.65697E-02, -7.14097E-02, -6.66298E-02, -6.22367E-02, -5.82225E-02, -5.45696E-02, -5.12537E-02, -4.82471E-02, -4.55208E-02, -4.30462E-02, -4.07963E-02, -3.87462E-02, -3.68733E-02, -3.51579E-02, -3.35823E-02, -3.21311E-02,
 -3.26805E-02, -3.41860E-02, -3.58243E-02, -3.76122E-02, -3.95689E-02, -4.17163E-02, -4.40789E-02, -4.66838E-02, -4.95601E-02, -5.27388E-02, -5.62507E-02, -6.01251E-02, -6.43873E-02, -6.90559E-02, -7.41392E-02, -7.96316E-02, -8.55087E-02, -9.17195E-02, -9.81763E-02, -1.04735E-01, -1.11165E-01, -1.17116E-01, -1.22071E-01, -1.25328E-01, -1.26025E-01, -1.23175E-01, -1.15446E-01, -9.96150E-02, -6.49996E-02,  1.93143E-02,  2.14925E-01,  5.67252E-01,  9.52572E-01,  1.06242E+00,  7.99459E-01,  4.26282E-01,  1.63184E-01,  2.45527E-02, -4.44231E-02, -8.15002E-02, -1.02777E-01, -1.14440E-01, -1.19459E-01, -1.19840E-01, -1.17135E-01, -1.12523E-01, -1.06848E-01, -1.00678E-01, -9.43800E-02, -8.81848E-02, -8.22346E-02, -7.66148E-02, -7.13729E-02, -6.65303E-02, -6.20901E-02, -5.80412E-02, -5.43636E-02, -5.10311E-02, -4.80142E-02, -4.52827E-02, -4.28068E-02, -4.05586E-02, -3.85126E-02, -3.66455E-02, -3.49371E-02, -3.33694E-02, -3.19268E-02,
 -3.24094E-02, -3.38980E-02, -3.55185E-02, -3.72878E-02, -3.92250E-02, -4.13518E-02, -4.36929E-02, -4.62750E-02, -4.91273E-02, -5.22803E-02, -5.57643E-02, -5.96079E-02, -6.38352E-02, -6.84627E-02, -7.34950E-02, -7.89203E-02, -8.47038E-02, -9.07773E-02, -9.70240E-02, -1.03253E-01, -1.09160E-01, -1.14279E-01, -1.17929E-01, -1.19182E-01, -1.16908E-01, -1.09901E-01, -9.68662E-02, -7.50805E-02, -3.36414E-02,  6.75139E-02,  3.31351E-01,  8.81320E-01,  1.56261E+00,  1.78287E+00,  1.31917E+00,  6.89246E-01,  2.80732E-01,  8.23639E-02, -1.11346E-02, -6.04916E-02, -8.91063E-02, -1.05483E-01, -1.13569E-01, -1.15927E-01, -1.14481E-01, -1.10659E-01, -1.05475E-01, -9.96093E-02, -9.35009E-02, -8.74268E-02, -8.15572E-02, -7.59944E-02, -7.07957E-02, -6.59885E-02, -6.15786E-02, -5.75571E-02, -5.39048E-02, -5.05962E-02, -4.76019E-02, -4.48922E-02, -4.24372E-02, -4.02091E-02, -3.81822E-02, -3.63337E-02, -3.46429E-02, -3.30922E-02, -3.16656E-02,
 -3.20777E-02, -3.35412E-02, -3.51342E-02, -3.68731E-02, -3.87768E-02, -4.08663E-02, -4.31655E-02, -4.57004E-02, -4.84989E-02, -5.15898E-02, -5.50014E-02, -5.87594E-02, -6.28840E-02, -6.73856E-02, -7.22601E-02, -7.74821E-02, -8.29952E-02, -8.86965E-02, -9.44123E-02, -9.98588E-02, -1.04581E-01, -1.07862E-01, -1.08607E-01, -1.05210E-01, -9.54093E-02, -7.61376E-02, -4.30673E-02,  1.13692E-02,  1.05889E-01,  2.94387E-01,  7.05125E-01,  1.48406E+00,  2.42276E+00,  2.78171E+00,  2.19738E+00,  1.25726E+00,  5.85655E-01,  2.42075E-01,  7.74475E-02, -8.16525E-03, -5.67478E-02, -8.47995E-02, -9.99777E-02, -1.06749E-01, -1.08094E-01, -1.06065E-01, -1.02050E-01, -9.69623E-02, -9.13855E-02, -8.56855E-02, -8.00882E-02, -7.47305E-02, -6.96915E-02, -6.50119E-02, -6.07067E-02, -5.67727E-02, -5.31945E-02, -4.99495E-02, -4.70107E-02, -4.43494E-02, -4.19374E-02, -3.97477E-02, -3.77553E-02, -3.59379E-02, -3.42756E-02, -3.27506E-02, -3.13478E-02,
 -3.16870E-02, -3.31172E-02, -3.46731E-02, -3.63703E-02, -3.82269E-02, -4.02630E-02, -4.25010E-02, -4.49652E-02, -4.76817E-02, -5.06764E-02, -5.39743E-02, -5.75967E-02, -6.15575E-02, -6.58588E-02, -7.04844E-02, -7.53909E-02, -8.04938E-02, -8.56468E-02, -9.06059E-02, -9.49734E-02, -9.81048E-02, -9.89656E-02, -9.59147E-02, -8.63836E-02, -6.63854E-02, -2.96802E-02,  3.39452E-02,  1.42799E-01,  3.33549E-01,  6.80715E-01,  1.29276E+00,  2.14087E+00,  2.86140E+00,  3.28702E+00,  3.04950E+00,  1.98228E+00,  1.00100E+00,  4.58532E-01,  1.95061E-01,  6.02224E-02, -1.46439E-02, -5.76921E-02, -8.18598E-02, -9.42192E-02, -9.91394E-02, -9.94558E-02, -9.70182E-02, -9.30190E-02, -8.82145E-02, -8.30788E-02, -7.79060E-02, -7.28763E-02, -6.80967E-02, -6.36264E-02, -5.94926E-02, -5.57009E-02, -5.22422E-02, -4.90982E-02, -4.62456E-02, -4.36585E-02, -4.13108E-02, -3.91771E-02, -3.72340E-02, -3.54601E-02, -3.38365E-02, -3.23463E-02, -3.09746E-02,
 -3.12395E-02, -3.26288E-02, -3.41384E-02, -3.57833E-02, -3.75801E-02, -3.95476E-02, -4.17065E-02, -4.40787E-02, -4.66875E-02, -4.95556E-02, -5.27035E-02, -5.61470E-02, -5.98929E-02, -6.39335E-02, -6.82395E-02, -7.27483E-02, -7.73477E-02, -8.18483E-02, -8.59403E-02, -8.91195E-02, -9.05687E-02, -8.89629E-02, -8.21590E-02, -6.66923E-02, -3.69347E-02,  1.64108E-02,  1.09185E-01,  2.69362E-01,  5.46354E-01,  1.01342E+00,  1.69319E+00,  2.29482E+00,  2.41146E+00,  2.74623E+00,  3.04796E+00,  2.25032E+00,  1.24013E+00,  6.16319E-01,  2.93471E-01,  1.22336E-01,  2.57891E-02, -3.04373E-02, -6.28420E-02, -8.05074E-02, -8.89473E-02, -9.16654E-02, -9.09121E-02, -8.81262E-02, -8.42189E-02, -7.97638E-02, -7.51194E-02, -7.05083E-02, -6.60662E-02, -6.18717E-02, -5.79658E-02, -5.43640E-02, -5.10645E-02, -4.80551E-02, -4.53168E-02, -4.28274E-02, -4.05635E-02, -3.85023E-02, -3.66223E-02, -3.49037E-02, -3.33287E-02, -3.18815E-02, -3.05481E-02,
 -3.07385E-02, -3.20797E-02, -3.35348E-02, -3.51175E-02, -3.68431E-02, -3.87286E-02, -4.07922E-02, -4.30537E-02, -4.55328E-02, -4.82483E-02, -5.12160E-02, -5.44455E-02, -5.79364E-02, -6.16716E-02, -6.56094E-02, -6.96706E-02, -7.37200E-02, -7.75358E-02, -8.07603E-02, -8.28189E-02, -8.27859E-02, -7.91644E-02, -6.95285E-02, -4.99325E-02, -1.39191E-02,  4.91824E-02,  1.57159E-01,  3.39219E-01,  6.38732E-01,  1.09577E+00,  1.65183E+00,  1.98847E+00,  1.89869E+00,  2.05279E+00,  2.32326E+00,  1.88191E+00,  1.16799E+00,  6.47924E-01,  3.40407E-01,  1.61901E-01,  5.57424E-02, -8.09576E-03, -4.59630E-02, -6.74982E-02, -7.87178E-02, -8.34756E-02, -8.42523E-02, -8.26376E-02, -7.96439E-02, -7.59134E-02, -7.18525E-02, -6.77173E-02, -6.36672E-02, -5.97984E-02, -5.61646E-02, -5.27912E-02, -4.96844E-02, -4.68381E-02, -4.42382E-02, -4.18670E-02, -3.97045E-02, -3.77307E-02, -3.59264E-02, -3.42736E-02, -3.27562E-02, -3.13597E-02, -3.00712E-02,
 -3.01879E-02, -3.14747E-02, -3.28680E-02, -3.43800E-02, -3.60243E-02, -3.78159E-02, -3.97709E-02, -4.19058E-02, -4.42369E-02, -4.67789E-02, -4.95428E-02, -5.25322E-02, -5.57397E-02, -5.91401E-02, -6.26819E-02, -6.62743E-02, -6.97675E-02, -7.29230E-02, -7.53639E-02, -7.64954E-02, -7.53751E-02, -7.05022E-02, -5.94788E-02, -3.84648E-02, -1.30087E-03,  6.18795E-02,  1.66625E-01,  3.35952E-01,  5.97443E-01,  9.61223E-01,  1.35861E+00,  1.60242E+00,  1.61532E+00,  1.64920E+00,  1.66911E+00,  1.39575E+00,  9.65915E-01,  5.97447E-01,  3.42354E-01,  1.77156E-01,  7.24053E-02,  6.99034E-03, -3.29398E-02, -5.64050E-02, -6.93031E-02, -7.54885E-02, -7.74686E-02, -7.68639E-02, -7.47168E-02, -7.16962E-02, -6.82318E-02, -6.45990E-02, -6.09729E-02, -5.74627E-02, -5.41326E-02, -5.10168E-02, -4.81286E-02, -4.54682E-02, -4.30269E-02, -4.07912E-02, -3.87449E-02, -3.68712E-02, -3.51534E-02, -3.35759E-02, -3.21242E-02, -3.07853E-02, -2.95475E-02,
 -2.95925E-02, -3.08195E-02, -3.21445E-02, -3.35785E-02, -3.51333E-02, -3.68216E-02, -3.86568E-02, -4.06527E-02, -4.28218E-02, -4.51749E-02, -4.77178E-02, -5.04492E-02, -5.33557E-02, -5.64059E-02, -5.95415E-02, -6.26659E-02, -6.56251E-02, -6.81803E-02, -6.99649E-02, -7.04147E-02, -6.86600E-02, -6.33545E-02, -5.24144E-02, -3.26218E-02,  9.62718E-04,  5.58346E-02,  1.43074E-01,  2.77970E-01,  4.77831E-01,  7.50536E-01,  1.06654E+00,  1.33585E+00,  1.46741E+00,  1.46830E+00,  1.36231E+00,  1.13125E+00,  8.27684E-01,  5.44152E-01,  3.26957E-01,  1.76767E-01,  7.80656E-02,  1.50832E-02, -2.40935E-02, -4.76704E-02, -6.11237E-02, -6.80639E-02, -7.08560E-02, -7.10420E-02, -6.96258E-02, -6.72611E-02, -6.43749E-02, -6.12462E-02, -5.80569E-02, -5.49232E-02, -5.19164E-02, -4.90777E-02, -4.64269E-02, -4.39696E-02, -4.17023E-02, -3.96157E-02, -3.76976E-02, -3.59344E-02, -3.43123E-02, -3.28179E-02, -3.14387E-02, -3.01633E-02, -2.89814E-02,
 -2.89576E-02, -3.01202E-02, -3.13719E-02, -3.27221E-02, -3.41807E-02, -3.57582E-02, -3.74655E-02, -3.93132E-02, -4.13105E-02, -4.34641E-02, -4.57755E-02, -4.82390E-02, -5.08362E-02, -5.35316E-02, -5.62641E-02, -5.89358E-02, -6.13977E-02, -6.34249E-02, -6.46834E-02, -6.46771E-02, -6.26696E-02, -5.75708E-02, -4.77801E-02, -3.09841E-02, -3.91898E-03,  3.78821E-02,  1.00411E-01,  1.92111E-01,  3.27857E-01,  5.41666E-01,  9.01361E-01,  1.43534E+00,  1.89140E+00,  1.90832E+00,  1.62322E+00,  1.25613E+00,  8.70227E-01,  5.46304E-01,  3.18241E-01,  1.70205E-01,  7.65690E-02,  1.77817E-02, -1.88037E-02, -4.11255E-02, -5.42192E-02, -6.13293E-02, -6.45696E-02, -6.53256E-02, -6.45104E-02, -6.27289E-02, -6.03837E-02, -5.77440E-02, -5.49891E-02, -5.22368E-02, -4.95627E-02, -4.70123E-02, -4.46104E-02, -4.23676E-02, -4.02849E-02, -3.83574E-02, -3.65765E-02, -3.49318E-02, -3.34125E-02, -3.20075E-02, -3.07064E-02, -2.94994E-02, -2.83777E-02,
 -2.82889E-02, -2.93835E-02, -3.05581E-02, -3.18201E-02, -3.31777E-02, -3.46393E-02, -3.62131E-02, -3.79068E-02, -3.97264E-02, -4.16747E-02, -4.37498E-02, -4.59418E-02, -4.82292E-02, -5.05740E-02, -5.29145E-02, -5.51567E-02, -5.71614E-02, -5.87265E-02, -5.95625E-02, -5.92569E-02, -5.72268E-02, -5.26605E-02, -4.44594E-02, -3.12159E-02, -1.13088E-02,  1.67306E-02,  5.34611E-02,  9.81746E-02,  1.55747E-01,  2.84379E-01,  7.77896E-01,  2.32502E+00,  4.47897E+00,  4.52761E+00,  3.30271E+00,  2.15863E+00,  1.20325E+00,  6.22418E-01,  3.19518E-01,  1.59987E-01,  7.02338E-02,  1.67564E-02, -1.60611E-02, -3.62463E-02, -4.83700E-02, -5.52375E-02, -5.86506E-02, -5.97953E-02, -5.94639E-02, -5.81916E-02, -5.63426E-02, -5.41663E-02, -5.18329E-02, -4.94576E-02, -4.71165E-02, -4.48578E-02, -4.27101E-02, -4.06878E-02, -3.87961E-02, -3.70339E-02, -3.53962E-02, -3.38757E-02, -3.24643E-02, -3.11534E-02, -2.99345E-02, -2.87997E-02, -2.77416E-02,
 -2.75921E-02, -2.86164E-02, -2.97111E-02, -3.08821E-02, -3.21358E-02, -3.34784E-02, -3.49158E-02, -3.64528E-02, -3.80923E-02, -3.98341E-02, -4.16729E-02, -4.35957E-02, -4.55788E-02, -4.75829E-02, -4.95481E-02, -5.13860E-02, -5.29700E-02, -5.41232E-02, -5.46007E-02, -5.40689E-02, -5.20802E-02, -4.80532E-02, -4.12798E-02, -3.10190E-02, -1.68273E-02,  5.05459E-04,  1.64862E-02,  1.68111E-02, -3.40557E-02, -1.75393E-01, -1.92037E-02,  3.76850E+00,  1.43917E+01,  1.09158E+01,  7.11768E+00,  4.39595E+00,  1.77530E+00,  6.94136E-01,  3.02699E-01,  1.40437E-01,  5.95402E-02,  1.34150E-02, -1.47685E-02, -3.23684E-02, -4.32318E-02, -4.96444E-02, -5.30691E-02, -5.44809E-02, -5.45438E-02, -5.37165E-02, -5.23190E-02, -5.05759E-02, -4.86445E-02, -4.66342E-02, -4.46196E-02, -4.26499E-02, -4.07559E-02, -3.89555E-02, -3.72571E-02, -3.56631E-02, -3.41716E-02, -3.27785E-02, -3.14782E-02, -3.02644E-02, -2.91306E-02, -2.80706E-02, -2.70785E-02,
 -2.68734E-02, -2.78258E-02, -2.88391E-02, -2.99178E-02, -3.10663E-02, -3.22890E-02, -3.35893E-02, -3.49696E-02, -3.64302E-02, -3.79679E-02, -3.95747E-02, -4.12351E-02, -4.29240E-02, -4.46020E-02, -4.62114E-02, -4.76701E-02, -4.88642E-02, -4.96390E-02, -4.97867E-02, -4.90337E-02, -4.70266E-02, -4.33272E-02, -3.74373E-02, -2.89130E-02, -1.77288E-02, -5.37420E-03,  1.69177E-03, -1.98091E-02, -1.54112E-01, -7.07925E-01, -2.45580E+00, -5.72614E-01,  2.24102E+01, -1.43230E+02, -1.29357E+01,  6.63914E+00,  1.89586E+00,  5.77775E-01,  2.33479E-01,  1.08189E-01,  4.60704E-02,  9.43530E-03, -1.38010E-02, -2.88322E-02, -3.84528E-02, -4.43851E-02, -4.77692E-02, -4.93872E-02, -4.97860E-02, -4.93535E-02, -4.83669E-02, -4.70256E-02, -4.54728E-02, -4.38105E-02, -4.21103E-02, -4.04215E-02, -3.87763E-02, -3.71947E-02, -3.56882E-02, -3.42621E-02, -3.29174E-02, -3.16526E-02, -3.04646E-02, -2.93493E-02, -2.83022E-02, -2.73185E-02, -2.63939E-02,
 -2.61386E-02, -2.70188E-02, -2.79504E-02, -2.89366E-02, -2.99803E-02, -3.10838E-02, -3.22487E-02, -3.34750E-02, -3.47605E-02, -3.60997E-02, -3.74823E-02, -3.88910E-02, -4.02996E-02, -4.16690E-02, -4.29442E-02, -4.40488E-02, -4.48796E-02, -4.52987E-02, -4.51248E-02, -4.41215E-02, -4.19849E-02, -3.83330E-02, -3.27094E-02, -2.46308E-02, -1.37763E-02, -6.36799E-04,  1.11459E-02,  5.51608E-03, -8.73236E-02, -5.95301E-01, -2.96457E+00, -7.89467E-01,  2.60781E+02, -5.04099E+02,  2.35422E+01,  8.54689E+00,  1.10157E+00,  2.89243E-01,  1.39811E-01,  7.54431E-02,  3.47298E-02,  6.93986E-03, -1.21468E-02, -2.51245E-02, -3.37717E-02, -3.93377E-02, -4.27084E-02, -4.45168E-02, -4.52181E-02, -4.51424E-02, -4.45307E-02, -4.35598E-02, -4.23595E-02, -4.10245E-02, -3.96228E-02, -3.82026E-02, -3.67970E-02, -3.54278E-02, -3.41086E-02, -3.28473E-02, -3.16475E-02, -3.05099E-02, -2.94338E-02, -2.84170E-02, -2.74568E-02, -2.65500E-02, -2.56934E-02,
 -2.53937E-02, -2.62019E-02, -2.70526E-02, -2.79475E-02, -2.88880E-02, -2.98750E-02, -3.09079E-02, -3.19849E-02, -3.31018E-02, -3.42509E-02, -3.54201E-02, -3.65907E-02, -3.77358E-02, -3.88170E-02, -3.97816E-02, -4.05581E-02, -4.10512E-02, -4.11353E-02, -4.06450E-02, -3.93633E-02, -3.70033E-02, -3.31843E-02, -2.73973E-02, -1.89609E-02, -6.97330E-03,  9.67612E-03,  3.18868E-02,  5.76906E-02,  6.71975E-02, -6.85486E-02, -1.18878E+00, -7.68412E+00, -1.74723E+01,  4.62849E+01,  5.75450E+01,  5.48906E+00,  4.48652E-01,  1.34654E-01,  9.35570E-02,  5.98945E-02,  3.02835E-02,  7.37078E-03, -9.29527E-03, -2.10316E-02, -2.90912E-02, -3.44625E-02, -3.78814E-02, -3.98859E-02, -4.08689E-02, -4.11186E-02, -4.08482E-02, -4.02162E-02, -3.93407E-02, -3.83093E-02, -3.71867E-02, -3.60197E-02, -3.48414E-02, -3.36750E-02, -3.25360E-02, -3.14340E-02, -3.03750E-02, -2.93618E-02, -2.83956E-02, -2.74759E-02, -2.66017E-02, -2.57712E-02, -2.49825E-02,
 -2.46442E-02, -2.53817E-02, -2.61531E-02, -2.69589E-02, -2.77993E-02, -2.86736E-02, -2.95797E-02, -3.05141E-02, -3.14707E-02, -3.24403E-02, -3.34092E-02, -3.43579E-02, -3.52588E-02, -3.60745E-02, -3.67544E-02, -3.72308E-02, -3.74148E-02, -3.71890E-02, -3.63981E-02, -3.48347E-02, -3.22161E-02, -2.81478E-02, -2.20629E-02, -1.31196E-02, -2.53998E-05,  1.92487E-02,  4.77981E-02,  8.92035E-02,  1.39030E-01,  1.20095E-01, -5.55891E-01, -5.25043E+00, -2.29614E+01, -3.46419E+01, -8.18369E+00, -2.64991E-01,  1.67048E-01,  1.37968E-01,  9.77302E-02,  6.13272E-02,  3.21251E-02,  1.02694E-02, -5.52120E-03, -1.67036E-02, -2.44930E-02, -2.98094E-02, -3.33253E-02, -3.55281E-02, -3.67717E-02, -3.73158E-02, -3.73529E-02, -3.70270E-02, -3.64466E-02, -3.56931E-02, -3.48277E-02, -3.38956E-02, -3.29299E-02, -3.19544E-02, -3.09860E-02, -3.00359E-02, -2.91119E-02, -2.82187E-02, -2.73589E-02, -2.65338E-02, -2.57437E-02, -2.49882E-02, -2.42664E-02,
 -2.38953E-02, -2.45640E-02, -2.52585E-02, -2.59786E-02, -2.67229E-02, -2.74897E-02, -2.82754E-02, -2.90752E-02, -2.98816E-02, -3.06840E-02, -3.14676E-02, -3.22123E-02, -3.28905E-02, -3.34656E-02, -3.38889E-02, -3.40965E-02, -3.40045E-02, -3.35023E-02, -3.24430E-02, -3.06273E-02, -2.77795E-02, -2.35061E-02, -1.72305E-02, -8.08566E-03,  5.25424E-03,  2.48042E-02,  5.34007E-02,  9.37969E-02,  1.42678E-01,  1.67952E-01,  8.02719E-02, -9.85806E-03,  4.68874E-01, -4.75391E-01, -1.09761E+00, -1.87716E-01,  1.49191E-01,  1.53811E-01,  1.07083E-01,  6.59219E-02,  3.55011E-02,  1.37586E-02, -1.65388E-03, -1.25364E-02, -2.01781E-02, -2.54877E-02, -2.91064E-02, -3.14891E-02, -3.29628E-02, -3.37656E-02, -3.40737E-02, -3.40193E-02, -3.37024E-02, -3.31991E-02, -3.25670E-02, -3.18497E-02, -3.10798E-02, -3.02815E-02, -2.94724E-02, -2.86653E-02, -2.78691E-02, -2.70900E-02, -2.63321E-02, -2.55980E-02, -2.48893E-02, -2.42065E-02, -2.35499E-02,
 -2.31519E-02, -2.37543E-02, -2.43752E-02, -2.50133E-02, -2.56666E-02, -2.63318E-02, -2.70048E-02, -2.76792E-02, -2.83465E-02, -2.89953E-02, -2.96101E-02, -3.01703E-02, -3.06486E-02, -3.10096E-02, -3.12068E-02, -3.11796E-02, -3.08495E-02, -3.01128E-02, -2.88320E-02, -2.68203E-02, -2.38189E-02, -1.94605E-02, -1.32146E-02, -4.30749E-03,  8.38272E-03,  2.64224E-02,  5.17745E-02,  8.62385E-02,  1.30146E-01,  1.84749E-01,  2.83670E-01,  5.58972E-01,  9.70870E-01,  8.44770E-01,  3.53005E-01,  1.95500E-01,  1.82064E-01,  1.48038E-01,  1.03376E-01,  6.52265E-02,  3.66866E-02,  1.61448E-02,  1.49402E-03, -8.94119E-03, -1.63640E-02, -2.16184E-02, -2.52963E-02, -2.78158E-02, -2.94762E-02, -3.04953E-02, -3.10343E-02, -3.12145E-02, -3.11280E-02, -3.08456E-02, -3.04216E-02, -2.98976E-02, -2.93053E-02, -2.86691E-02, -2.80069E-02, -2.73325E-02, -2.66557E-02, -2.59840E-02, -2.53226E-02, -2.46751E-02, -2.40441E-02, -2.34314E-02, -2.28377E-02,
 -2.24181E-02, -2.29574E-02, -2.35084E-02, -2.40692E-02, -2.46369E-02, -2.52076E-02, -2.57760E-02, -2.63350E-02, -2.68754E-02, -2.73851E-02, -2.78482E-02, -2.82442E-02, -2.85464E-02, -2.87209E-02, -2.87235E-02, -2.84979E-02, -2.79709E-02, -2.70473E-02, -2.56013E-02, -2.34639E-02, -2.04041E-02, -1.61010E-02, -1.01059E-02, -1.79419E-03,  9.68445E-03,  2.54312E-02,  4.67575E-02,  7.51134E-02,  1.12621E-01,  1.65653E-01,  2.53018E-01,  3.94449E-01,  5.26908E-01,  5.01891E-01,  3.50204E-01,  2.32666E-01,  1.71732E-01,  1.28557E-01,  9.07254E-02,  5.92810E-02,  3.49387E-02,  1.68061E-02,  3.51727E-03, -6.16366E-03, -1.31973E-02, -1.82896E-02, -2.19497E-02, -2.45438E-02, -2.63373E-02, -2.75250E-02, -2.82519E-02, -2.86281E-02, -2.87379E-02, -2.86464E-02, -2.84044E-02, -2.80513E-02, -2.76178E-02, -2.71277E-02, -2.65991E-02, -2.60462E-02, -2.54798E-02, -2.49079E-02, -2.43367E-02, -2.37708E-02, -2.32135E-02, -2.26673E-02, -2.21338E-02,
 -2.16980E-02, -2.21775E-02, -2.26629E-02, -2.31514E-02, -2.36397E-02, -2.41230E-02, -2.45956E-02, -2.50498E-02, -2.54758E-02, -2.58613E-02, -2.61903E-02, -2.64427E-02, -2.65929E-02, -2.66087E-02, -2.64489E-02, -2.60615E-02, -2.53800E-02, -2.43188E-02, -2.27663E-02, -2.05754E-02, -1.75495E-02, -1.34242E-02, -7.84422E-03, -3.39241E-04,  9.69453E-03,  2.29960E-02,  4.04292E-02,  6.30445E-02,  9.24790E-02,  1.31890E-01,  1.85422E-01,  2.49243E-01,  2.95999E-01,  2.90583E-01,  2.40038E-01,  1.83415E-01,  1.39211E-01,  1.04455E-01,  7.52019E-02,  5.07740E-02,  3.11758E-02,  1.59761E-02,  4.42955E-03, -4.24473E-03, -1.07216E-02, -1.55352E-02, -1.90908E-02, -2.16905E-02, -2.35593E-02, -2.48653E-02, -2.57360E-02, -2.62693E-02, -2.65409E-02, -2.66103E-02, -2.65242E-02, -2.63196E-02, -2.60255E-02, -2.56651E-02, -2.52564E-02, -2.48135E-02, -2.43477E-02, -2.38676E-02, -2.33800E-02, -2.28900E-02, -2.24018E-02, -2.19183E-02, -2.14419E-02,
 -2.09948E-02, -2.14183E-02, -2.18424E-02, -2.22641E-02, -2.26793E-02, -2.30830E-02, -2.34689E-02, -2.38289E-02, -2.41532E-02, -2.44294E-02, -2.46417E-02, -2.47710E-02, -2.47928E-02, -2.46771E-02, -2.43863E-02, -2.38731E-02, -2.30783E-02, -2.19268E-02, -2.03229E-02, -1.81430E-02, -1.52273E-02, -1.13683E-02, -6.29926E-03,  3.15240E-04,  8.88215E-03,  1.98721E-02,  3.38079E-02,  5.12773E-02,  7.29870E-02,  9.96333E-02,  1.30720E-01,  1.61524E-01,  1.81394E-01,  1.80543E-01,  1.60772E-01,  1.33080E-01,  1.05883E-01,  8.15638E-02,  6.01890E-02,  4.18116E-02,  2.65241E-02,  1.41937E-02,  4.47194E-03, -3.08068E-03, -8.89336E-03, -1.33369E-02, -1.67117E-02, -1.92524E-02, -2.11407E-02, -2.25165E-02, -2.34881E-02, -2.41405E-02, -2.45406E-02, -2.47415E-02, -2.47858E-02, -2.47075E-02, -2.45339E-02, -2.42870E-02, -2.39842E-02, -2.36396E-02, -2.32645E-02, -2.28679E-02, -2.24568E-02, -2.20369E-02, -2.16128E-02, -2.11880E-02, -2.07652E-02,
 -2.03112E-02, -2.06827E-02, -2.10504E-02, -2.14107E-02, -2.17594E-02, -2.20911E-02, -2.23993E-02, -2.26759E-02, -2.29110E-02, -2.30925E-02, -2.32052E-02, -2.32309E-02, -2.31469E-02, -2.29258E-02, -2.25334E-02, -2.19279E-02, -2.10577E-02, -1.98586E-02, -1.82508E-02, -1.61345E-02, -1.33843E-02, -9.84455E-03, -5.32430E-03,  4.03859E-04,  7.59839E-03,  1.65352E-02,  2.74841E-02,  4.06741E-02,  5.62127E-02,  7.38368E-02,  9.23142E-02,  1.08699E-01,  1.18643E-01,  1.18867E-01,  1.09854E-01,  9.52228E-02,  7.86714E-02,  6.23171E-02,  4.71027E-02,  3.35033E-02,  2.17709E-02,  1.19543E-02,  3.93416E-03, -2.50718E-03, -7.61887E-03, -1.16399E-02, -1.47786E-02, -1.72078E-02, -1.90673E-02, -2.04689E-02, -2.15020E-02, -2.22383E-02, -2.27355E-02, -2.30403E-02, -2.31906E-02, -2.32174E-02, -2.31459E-02, -2.29965E-02, -2.27860E-02, -2.25281E-02, -2.22339E-02, -2.19122E-02, -2.15706E-02, -2.12148E-02, -2.08497E-02, -2.04792E-02, -2.01064E-02,
 -1.96496E-02, -1.99732E-02, -2.02891E-02, -2.05936E-02, -2.08823E-02, -2.11497E-02, -2.13892E-02, -2.15928E-02, -2.17508E-02, -2.18515E-02, -2.18807E-02, -2.18213E-02, -2.16528E-02, -2.13500E-02, -2.08830E-02, -2.02153E-02, -1.93030E-02, -1.80926E-02, -1.65194E-02, -1.45052E-02, -1.19555E-02, -8.75810E-03, -4.78265E-03,  1.16365E-04,  6.09069E-03,  1.32819E-02,  2.17935E-02,  3.16449E-02,  4.26860E-02,  5.44430E-02,  6.59012E-02,  7.54029E-02,  8.10106E-02,  8.14226E-02,  7.67622E-02,  6.84027E-02,  5.80542E-02,  4.70636E-02,  3.62978E-02,  2.62883E-02,  1.73437E-02,  9.60027E-03,  3.06103E-03, -2.35873E-03, -6.78869E-03, -1.03711E-02, -1.32420E-02, -1.55220E-02, -1.73143E-02, -1.87049E-02, -1.97651E-02, -2.05538E-02, -2.11197E-02, -2.15029E-02, -2.17367E-02, -2.18488E-02, -2.18619E-02, -2.17950E-02, -2.16638E-02, -2.14813E-02, -2.12582E-02, -2.10033E-02, -2.07239E-02, -2.04262E-02, -2.01150E-02, -1.97944E-02, -1.94678E-02,
 -1.90118E-02, -1.92915E-02, -1.95604E-02, -1.98147E-02, -2.00499E-02, -2.02604E-02, -2.04398E-02, -2.05803E-02, -2.06726E-02, -2.07056E-02, -2.06663E-02, -2.05389E-02, -2.03048E-02, -1.99420E-02, -1.94241E-02, -1.87203E-02, -1.77938E-02, -1.66011E-02, -1.50914E-02, -1.32052E-02, -1.08737E-02, -8.01948E-03, -4.55817E-03, -4.03346E-04,  4.52394E-03,  1.02795E-02,  1.68715E-02,  2.42229E-02,  3.21162E-02,  4.01220E-02,  4.75409E-02,  5.34413E-02,  5.68783E-02,  5.72567E-02,  5.45993E-02,  4.94955E-02,  4.27925E-02,  3.52944E-02,  2.76296E-02,  2.02426E-02,  1.34225E-02,  7.33066E-03,  2.02788E-03, -2.49675E-03, -6.29824E-03, -9.45341E-03, -1.20451E-02, -1.41532E-02, -1.58506E-02, -1.72011E-02, -1.82598E-02, -1.90741E-02, -1.96837E-02, -2.01227E-02, -2.04197E-02, -2.05989E-02, -2.06806E-02, -2.06822E-02, -2.06179E-02, -2.05000E-02, -2.03387E-02, -2.01425E-02, -1.99185E-02, -1.96728E-02, -1.94103E-02, -1.91352E-02, -1.88510E-02,
 -1.83990E-02, -1.86390E-02, -1.88656E-02, -1.90750E-02, -1.92628E-02, -1.94236E-02, -1.95510E-02, -1.96377E-02, -1.96750E-02, -1.96525E-02, -1.95582E-02, -1.93780E-02, -1.90954E-02, -1.86912E-02, -1.81430E-02, -1.74247E-02, -1.65064E-02, -1.53537E-02, -1.39276E-02, -1.21841E-02, -1.00753E-02, -7.55001E-03, -4.55746E-03, -1.05167E-03,  2.99937E-03,  7.60164E-03,  1.27163E-02,  1.82357E-02,  2.39539E-02,  2.95402E-02,  3.45350E-02,  3.83997E-02,  4.06357E-02,  4.09389E-02,  3.93056E-02,  3.60165E-02,  3.15193E-02,  2.62946E-02,  2.07670E-02,  1.52704E-02,  1.00445E-02,  5.24301E-03,  9.47370E-04, -2.81602E-03, -6.05860E-03, -8.81494E-03, -1.11311E-02, -1.30569E-02, -1.46415E-02, -1.59306E-02, -1.69656E-02, -1.77832E-02, -1.84156E-02, -1.88907E-02, -1.92329E-02, -1.94630E-02, -1.95989E-02, -1.96560E-02, -1.96473E-02, -1.95841E-02, -1.94758E-02, -1.93306E-02, -1.91554E-02, -1.89558E-02, -1.87370E-02, -1.85031E-02, -1.82575E-02,
 -1.78122E-02, -1.80163E-02, -1.82051E-02, -1.83749E-02, -1.85212E-02, -1.86389E-02, -1.87220E-02, -1.87635E-02, -1.87554E-02, -1.86883E-02, -1.85513E-02, -1.83318E-02, -1.80155E-02, -1.75858E-02, -1.70240E-02, -1.63087E-02, -1.54159E-02, -1.43191E-02, -1.29889E-02, -1.13943E-02, -9.50302E-03, -7.28356E-03, -4.70823E-03, -1.75769E-03,  1.57229E-03,  5.26132E-03,  9.25291E-03,  1.34399E-02,  1.76518E-02,  2.16482E-02,  2.51289E-02,  2.77708E-02,  2.92925E-02,  2.95261E-02,  2.84619E-02,  2.62455E-02,  2.31282E-02,  1.94026E-02,  1.53505E-02,  1.12127E-02,  7.17600E-03,  3.37286E-03, -1.13748E-04, -3.24140E-03, -5.99818E-03, -8.39290E-03, -1.04473E-02, -1.21899E-02, -1.36522E-02, -1.48655E-02, -1.58600E-02, -1.66636E-02, -1.73015E-02, -1.77964E-02, -1.81684E-02, -1.84353E-02, -1.86125E-02, -1.87135E-02, -1.87500E-02, -1.87322E-02, -1.86689E-02, -1.85675E-02, -1.84347E-02, -1.82758E-02, -1.80959E-02, -1.78988E-02, -1.76882E-02,
 -1.72519E-02, -1.74239E-02, -1.75792E-02, -1.77141E-02, -1.78245E-02, -1.79053E-02, -1.79511E-02, -1.79554E-02, -1.79107E-02, -1.78086E-02, -1.76394E-02, -1.73923E-02, -1.70547E-02, -1.66127E-02, -1.60509E-02, -1.53520E-02, -1.44973E-02, -1.34667E-02, -1.22389E-02, -1.07927E-02, -9.10772E-03, -7.16625E-03, -4.95615E-03, -2.47441E-03,  2.67846E-04,  3.23891E-03,  6.37939E-03,  9.59545E-03,  1.27534E-02,  1.56817E-02,  1.81817E-02,  2.00527E-02,  2.11269E-02,  2.13051E-02,  2.05787E-02,  1.90283E-02,  1.68023E-02,  1.40838E-02,  1.10606E-02,  7.90356E-03,  4.75462E-03,  1.72205E-03, -1.11874E-03, -3.72101E-03, -6.06163E-03, -8.13481E-03, -9.94694E-03, -1.15121E-02, -1.28490E-02, -1.39781E-02, -1.49205E-02, -1.56970E-02, -1.63268E-02, -1.68281E-02, -1.72171E-02, -1.75087E-02, -1.77160E-02, -1.78507E-02, -1.79232E-02, -1.79425E-02, -1.79166E-02, -1.78525E-02, -1.77561E-02, -1.76328E-02, -1.74871E-02, -1.73228E-02, -1.71436E-02,
 -1.67181E-02, -1.68617E-02, -1.69875E-02, -1.70922E-02, -1.71717E-02, -1.72214E-02, -1.72362E-02, -1.72102E-02, -1.71367E-02, -1.70081E-02, -1.68160E-02, -1.65509E-02, -1.62024E-02, -1.57588E-02, -1.52075E-02, -1.45350E-02, -1.37268E-02, -1.27683E-02, -1.16445E-02, -1.03417E-02, -8.84803E-03, -7.15531E-03, -5.26122E-03, -3.17219E-03, -9.06824E-04,  1.50030E-03,  3.99424E-03,  6.49691E-03,  8.90636E-03,  1.11000E-02,  1.29439E-02,  1.43092E-02,  1.50909E-02,  1.52276E-02,  1.47125E-02,  1.35929E-02,  1.19604E-02,  9.93291E-03,  7.63741E-03,  5.19516E-03,  2.71276E-03,  2.76220E-04, -2.04960E-03, -4.21974E-03, -6.20705E-03, -7.99815E-03, -9.59022E-03, -1.09880E-02, -1.22011E-02, -1.32421E-02, -1.41253E-02, -1.48654E-02, -1.54769E-02, -1.59738E-02, -1.63693E-02, -1.66755E-02, -1.69033E-02, -1.70629E-02, -1.71633E-02, -1.72123E-02, -1.72172E-02, -1.71842E-02, -1.71189E-02, -1.70263E-02, -1.69105E-02, -1.67753E-02, -1.66239E-02,
 -1.62108E-02, -1.63293E-02, -1.64295E-02, -1.65081E-02, -1.65614E-02, -1.65852E-02, -1.65747E-02, -1.65246E-02, -1.64290E-02, -1.62812E-02, -1.60739E-02, -1.57991E-02, -1.54479E-02, -1.50109E-02, -1.44780E-02, -1.38388E-02, -1.30824E-02, -1.21983E-02, -1.11767E-02, -1.00092E-02, -8.69011E-03, -7.21739E-03, -5.59470E-03, -3.83332E-03, -1.95446E-03,  8.44664E-06,  2.00765E-03,  3.98019E-03,  5.84867E-03,  7.52495E-03,  8.91695E-03,  9.93879E-03,  1.05226E-02,  1.06285E-02,  1.02515E-02,  9.42073E-03,  8.19497E-03,  6.65242E-03,  4.88042E-03,  2.96575E-03,  9.87997E-04, -9.85018E-04, -2.89920E-03, -4.71445E-03, -6.40329E-03, -7.94909E-03, -9.34398E-03, -1.05868E-02, -1.16810E-02, -1.26337E-02, -1.34538E-02, -1.41514E-02, -1.47372E-02, -1.52218E-02, -1.56154E-02, -1.59278E-02, -1.61683E-02, -1.63453E-02, -1.64663E-02, -1.65386E-02, -1.65683E-02, -1.65610E-02, -1.65219E-02, -1.64555E-02, -1.63656E-02, -1.62558E-02, -1.61292E-02,
 -1.57296E-02, -1.58262E-02, -1.59042E-02, -1.59606E-02, -1.59919E-02, -1.59943E-02, -1.59636E-02, -1.58949E-02, -1.57830E-02, -1.56221E-02, -1.54061E-02, -1.51280E-02, -1.47808E-02, -1.43566E-02, -1.38478E-02, -1.32462E-02, -1.25441E-02, -1.17342E-02, -1.08105E-02, -9.76865E-03, -8.60683E-03, -7.32706E-03, -5.93630E-03, -4.44786E-03, -2.88289E-03, -1.27164E-03,  3.45671E-04,  1.91903E-03,  3.38954E-03,  4.69303E-03,  5.76493E-03,  6.54652E-03,  6.99219E-03,  7.07527E-03,  6.79190E-03,  6.16114E-03,  5.22181E-03,  4.02713E-03,  2.63839E-03,  1.11847E-03, -4.72903E-04, -2.08268E-03, -3.66670E-03, -5.19018E-03, -6.62749E-03, -7.96128E-03, -9.18119E-03, -1.02826E-02, -1.12651E-02, -1.21317E-02, -1.28875E-02, -1.35392E-02, -1.40942E-02, -1.45603E-02, -1.49457E-02, -1.52579E-02, -1.55045E-02, -1.56924E-02, -1.58282E-02, -1.59180E-02, -1.59672E-02, -1.59809E-02, -1.59636E-02, -1.59192E-02, -1.58516E-02, -1.57640E-02, -1.56592E-02,
 -1.52739E-02, -1.53514E-02, -1.54104E-02, -1.54480E-02, -1.54612E-02, -1.54463E-02, -1.53997E-02, -1.53170E-02, -1.51938E-02, -1.50250E-02, -1.48054E-02, -1.45294E-02, -1.41910E-02, -1.37843E-02, -1.33031E-02, -1.27416E-02, -1.20943E-02, -1.13566E-02, -1.05251E-02, -9.59811E-03, -8.57673E-03, -7.46521E-03, -6.27206E-03, -5.01101E-03, -3.70176E-03, -2.37070E-03, -1.05111E-03,  2.17270E-04,  1.38984E-03,  2.41911E-03,  3.25875E-03,  3.86756E-03,  4.21414E-03,  4.28008E-03,  4.06246E-03,  3.57405E-03,  2.84146E-03,  1.90164E-03,  7.98588E-04, -4.21589E-04, -1.71390E-03, -3.03685E-03, -4.35460E-03, -5.63769E-03, -6.86321E-03, -8.01445E-03, -9.08019E-03, -1.00539E-02, -1.09329E-02, -1.17174E-02, -1.24098E-02, -1.30140E-02, -1.35351E-02, -1.39788E-02, -1.43510E-02, -1.46579E-02, -1.49053E-02, -1.50990E-02, -1.52446E-02, -1.53471E-02, -1.54113E-02, -1.54416E-02, -1.54421E-02, -1.54163E-02, -1.53676E-02, -1.52990E-02, -1.52132E-02,
 -1.48428E-02, -1.49040E-02, -1.49468E-02, -1.49688E-02, -1.49671E-02, -1.49385E-02, -1.48798E-02, -1.47872E-02, -1.46567E-02, -1.44843E-02, -1.42653E-02, -1.39953E-02, -1.36695E-02, -1.32833E-02, -1.28320E-02, -1.23114E-02, -1.17180E-02, -1.10489E-02, -1.03028E-02, -9.48006E-03, -8.58319E-03, -7.61775E-03, -6.59277E-03, -5.52138E-03, -4.42129E-03, -3.31506E-03, -2.22995E-03, -1.19740E-03, -2.51723E-04,  5.71727E-04,  1.23911E-03,  1.72097E-03,  1.99479E-03,  2.04763E-03,  1.87746E-03,  1.49298E-03,  9.12833E-04,  1.63498E-04, -7.23060E-04, -1.71267E-03, -2.77092E-03, -3.86542E-03, -4.96722E-03, -6.05168E-03, -7.09882E-03, -8.09323E-03, -9.02384E-03, -9.88331E-03, -1.06675E-02, -1.13749E-02, -1.20060E-02, -1.25628E-02, -1.30486E-02, -1.34671E-02, -1.38229E-02, -1.41205E-02, -1.43646E-02, -1.45600E-02, -1.47111E-02, -1.48222E-02, -1.48976E-02, -1.49408E-02, -1.49556E-02, -1.49451E-02, -1.49124E-02, -1.48601E-02, -1.47908E-02,
 -1.44356E-02, -1.44827E-02, -1.45120E-02, -1.45211E-02, -1.45074E-02, -1.44683E-02, -1.44007E-02, -1.43015E-02, -1.41672E-02, -1.39944E-02, -1.37793E-02, -1.35184E-02, -1.32077E-02, -1.28439E-02, -1.24234E-02, -1.19435E-02, -1.14019E-02, -1.07973E-02, -1.01297E-02, -9.40054E-03, -8.61350E-03, -7.77455E-03, -6.89260E-03, -5.97973E-03, -5.05149E-03, -4.12689E-03, -3.22822E-03, -2.38040E-03, -1.60994E-03, -9.43583E-04, -4.06443E-04, -2.01263E-05,  1.99143E-04,  2.42021E-04,  1.06856E-04, -2.00102E-04, -6.65469E-04, -1.26994E-03, -1.99000E-03, -2.79982E-03, -3.67302E-03, -4.58414E-03, -5.50982E-03, -6.42961E-03, -7.32634E-03, -8.18624E-03, -8.99882E-03, -9.75661E-03, -1.04548E-02, -1.10908E-02, -1.16637E-02, -1.21743E-02, -1.26243E-02, -1.30163E-02, -1.33533E-02, -1.36389E-02, -1.38766E-02, -1.40702E-02, -1.42234E-02, -1.43399E-02, -1.44230E-02, -1.44760E-02, -1.45021E-02, -1.45041E-02, -1.44846E-02, -1.44462E-02, -1.43910E-02,
 -1.40511E-02, -1.40863E-02, -1.41043E-02, -1.41029E-02, -1.40799E-02, -1.40329E-02, -1.39592E-02, -1.38561E-02, -1.37207E-02, -1.35502E-02, -1.33416E-02, -1.30918E-02, -1.27980E-02, -1.24575E-02, -1.20680E-02, -1.16276E-02, -1.11351E-02, -1.05903E-02, -9.99406E-03, -9.34863E-03, -8.65808E-03, -7.92849E-03, -7.16825E-03, -6.38817E-03, -5.60175E-03, -4.82490E-03, -4.07579E-03, -3.37426E-03, -2.74099E-03, -2.19638E-03, -1.75939E-03, -1.44609E-03, -1.26846E-03, -1.23338E-03, -1.34211E-03, -1.59014E-03, -1.96763E-03, -2.46028E-03, -3.05046E-03, -3.71853E-03, -4.44400E-03, -5.20679E-03, -5.98805E-03, -6.77085E-03, -7.54057E-03, -8.28511E-03, -8.99487E-03, -9.66262E-03, -1.02833E-02, -1.08537E-02, -1.13722E-02, -1.18384E-02, -1.22532E-02, -1.26180E-02, -1.29350E-02, -1.32066E-02, -1.34356E-02, -1.36249E-02, -1.37776E-02, -1.38965E-02, -1.39846E-02, -1.40447E-02, -1.40795E-02, -1.40914E-02, -1.40829E-02, -1.40560E-02, -1.40130E-02,
 -1.36883E-02, -1.37136E-02, -1.37223E-02, -1.37126E-02, -1.36824E-02, -1.36296E-02, -1.35521E-02, -1.34474E-02, -1.33132E-02, -1.31471E-02, -1.29466E-02, -1.27094E-02, -1.24334E-02, -1.21166E-02, -1.17574E-02, -1.13548E-02, -1.09084E-02, -1.04186E-02, -9.88681E-03, -9.31585E-03, -8.70988E-03, -8.07474E-03, -7.41812E-03, -6.74962E-03, -6.08076E-03, -5.42486E-03, -4.79673E-03, -4.21223E-03, -3.68760E-03, -3.23862E-03, -2.87977E-03, -2.62316E-03, -2.47782E-03, -2.44889E-03, -2.53733E-03, -2.73981E-03, -3.04899E-03, -3.45413E-03, -3.94181E-03, -4.49690E-03, -5.10342E-03, -5.74539E-03, -6.40759E-03, -7.07599E-03, -7.73828E-03, -8.38388E-03, -9.00420E-03, -9.59247E-03, -1.01437E-02, -1.06543E-02, -1.11223E-02, -1.15467E-02, -1.19274E-02, -1.22652E-02, -1.25615E-02, -1.28179E-02, -1.30365E-02, -1.32196E-02, -1.33695E-02, -1.34887E-02, -1.35796E-02, -1.36445E-02, -1.36857E-02, -1.37055E-02, -1.37058E-02, -1.36886E-02, -1.36557E-02,
 -1.33461E-02, -1.33631E-02, -1.33643E-02, -1.33480E-02, -1.33126E-02, -1.32560E-02, -1.31765E-02, -1.30721E-02, -1.29407E-02, -1.27805E-02, -1.25894E-02, -1.23658E-02, -1.21079E-02, -1.18145E-02, -1.14846E-02, -1.11177E-02, -1.07140E-02, -1.02744E-02, -9.80064E-03, -9.29572E-03, -8.76374E-03, -8.21016E-03, -7.64192E-03, -7.06741E-03, -6.49645E-03, -5.94014E-03, -5.41060E-03, -4.92058E-03, -4.48290E-03, -4.10992E-03, -3.81279E-03, -3.60082E-03, -3.48085E-03, -3.45681E-03, -3.52944E-03, -3.69622E-03, -3.95162E-03, -4.28742E-03, -4.69333E-03, -5.15754E-03, -5.66749E-03, -6.21042E-03, -6.77395E-03, -7.34651E-03, -7.91769E-03, -8.47839E-03, -9.02099E-03, -9.53928E-03, -1.00285E-02, -1.04850E-02, -1.09065E-02, -1.12917E-02, -1.16400E-02, -1.19515E-02, -1.22269E-02, -1.24675E-02, -1.26747E-02, -1.28501E-02, -1.29957E-02, -1.31134E-02, -1.32052E-02, -1.32730E-02, -1.33188E-02, -1.33444E-02, -1.33518E-02, -1.33425E-02, -1.33183E-02,
 -1.30234E-02, -1.30335E-02, -1.30288E-02, -1.30075E-02, -1.29683E-02, -1.29096E-02, -1.28296E-02, -1.27269E-02, -1.25997E-02, -1.24464E-02, -1.22656E-02, -1.20559E-02, -1.18162E-02, -1.15455E-02, -1.12435E-02, -1.09100E-02, -1.05457E-02, -1.01516E-02, -9.72984E-03, -9.28333E-03, -8.81602E-03, -8.33289E-03, -7.84015E-03, -7.34505E-03, -6.85596E-03, -6.38213E-03, -5.93350E-03, -5.52036E-03, -5.15294E-03, -4.84097E-03, -4.59316E-03, -4.41672E-03, -4.31692E-03, -4.29681E-03, -4.35694E-03, -4.49542E-03, -4.70797E-03, -4.98827E-03, -5.32830E-03, -5.71879E-03, -6.14978E-03, -6.61100E-03, -7.09239E-03, -7.58435E-03, -8.07812E-03, -8.56589E-03, -9.04096E-03, -9.49772E-03, -9.93170E-03, -1.03395E-02, -1.07186E-02, -1.10674E-02, -1.13850E-02, -1.16712E-02, -1.19262E-02, -1.21507E-02, -1.23458E-02, -1.25127E-02, -1.26527E-02, -1.27675E-02, -1.28587E-02, -1.29279E-02, -1.29767E-02, -1.30067E-02, -1.30195E-02, -1.30167E-02, -1.29995E-02,
 -1.27189E-02, -1.27236E-02, -1.27141E-02, -1.26893E-02, -1.26477E-02, -1.25880E-02, -1.25088E-02, -1.24089E-02, -1.22867E-02, -1.21412E-02, -1.19711E-02, -1.17755E-02, -1.15535E-02, -1.13047E-02, -1.10290E-02, -1.07265E-02, -1.03982E-02, -1.00453E-02, -9.66996E-03, -9.27505E-03, -8.86420E-03, -8.44198E-03, -8.01383E-03, -7.58605E-03, -7.16572E-03, -6.76055E-03, -6.37874E-03, -6.02864E-03, -5.71845E-03, -5.45591E-03, -5.24789E-03, -5.10004E-03, -5.01646E-03, -4.99953E-03, -5.04968E-03, -5.16545E-03, -5.34353E-03, -5.57897E-03, -5.86547E-03, -6.19570E-03, -6.56169E-03, -6.95514E-03, -7.36780E-03, -7.79174E-03, -8.21957E-03, -8.64461E-03, -9.06099E-03, -9.46372E-03, -9.84870E-03, -1.02127E-02, -1.05532E-02, -1.08684E-02, -1.11574E-02, -1.14195E-02, -1.16548E-02, -1.18634E-02, -1.20461E-02, -1.22038E-02, -1.23374E-02, -1.24483E-02, -1.25377E-02, -1.26070E-02, -1.26574E-02, -1.26905E-02, -1.27075E-02, -1.27097E-02, -1.26985E-02,
