  3.04037E-03,  3.16093E-03,  3.28517E-03,  3.41300E-03,  3.54430E-03,  3.67889E-03,  3.81658E-03,  3.95713E-03,  4.10026E-03,  4.24563E-03,  4.39287E-03,  4.54155E-03,  4.69119E-03,  4.84125E-03,  4.99114E-03,  5.14024E-03,  5.28783E-03,  5.43319E-03,  5.57552E-03,  5.71398E-03,  5.84772E-03,  5.97583E-03,  6.09740E-03,  6.21150E-03,  6.31721E-03,  6.41362E-03,  6.49989E-03,  6.57518E-03,  6.63878E-03,  6.69003E-03,  6.72839E-03,  6.75347E-03,  6.76497E-03,  6.76277E-03,  6.74689E-03,  6.71750E-03,  6.67489E-03,  6.61951E-03,  6.55194E-03,  6.47282E-03,  6.38293E-03,  6.28308E-03,  6.17414E-03,  6.05704E-03,  5.93269E-03,  5.80202E-03,  5.66595E-03,  5.52537E-03,  5.38116E-03,  5.23414E-03,  5.08510E-03,  4.93477E-03,  4.78384E-03,  4.63294E-03,  4.48266E-03,  4.33350E-03,  4.18596E-03,  4.04044E-03,  3.89732E-03,  3.75690E-03,  3.61947E-03,  3.48526E-03,  3.35444E-03,  3.22718E-03,  3.10358E-03,  2.98374E-03,
  3.09852E-03,  3.22502E-03,  3.35561E-03,  3.49021E-03,  3.62869E-03,  3.77091E-03,  3.91665E-03,  4.06569E-03,  4.21773E-03,  4.37243E-03,  4.52939E-03,  4.68816E-03,  4.84824E-03,  5.00906E-03,  5.16997E-03,  5.33031E-03,  5.48931E-03,  5.64616E-03,  5.80001E-03,  5.94994E-03,  6.09499E-03,  6.23417E-03,  6.36645E-03,  6.49080E-03,  6.60617E-03,  6.71156E-03,  6.80597E-03,  6.88849E-03,  6.95826E-03,  7.01455E-03,  7.05673E-03,  7.08433E-03,  7.09703E-03,  7.09467E-03,  7.07728E-03,  7.04504E-03,  6.99832E-03,  6.93762E-03,  6.86359E-03,  6.77700E-03,  6.67872E-03,  6.56969E-03,  6.45089E-03,  6.32336E-03,  6.18814E-03,  6.04626E-03,  5.89876E-03,  5.74662E-03,  5.59080E-03,  5.43221E-03,  5.27172E-03,  5.11011E-03,  4.94814E-03,  4.78649E-03,  4.62578E-03,  4.46656E-03,  4.30934E-03,  4.15456E-03,  4.00259E-03,  3.85377E-03,  3.70838E-03,  3.56664E-03,  3.42873E-03,  3.29481E-03,  3.16498E-03,  3.03930E-03,
  3.15602E-03,  3.28870E-03,  3.42592E-03,  3.56759E-03,  3.71362E-03,  3.86385E-03,  4.01810E-03,  4.17612E-03,  4.33761E-03,  4.50222E-03,  4.66955E-03,  4.83911E-03,  5.01038E-03,  5.18274E-03,  5.35551E-03,  5.52797E-03,  5.69929E-03,  5.86860E-03,  6.03495E-03,  6.19735E-03,  6.35473E-03,  6.50599E-03,  6.65000E-03,  6.78559E-03,  6.91159E-03,  7.02686E-03,  7.13028E-03,  7.22078E-03,  7.29741E-03,  7.35929E-03,  7.40572E-03,  7.43614E-03,  7.45018E-03,  7.44765E-03,  7.42859E-03,  7.39320E-03,  7.34191E-03,  7.27532E-03,  7.19415E-03,  7.09931E-03,  6.99178E-03,  6.87263E-03,  6.74300E-03,  6.60404E-03,  6.45692E-03,  6.30281E-03,  6.14284E-03,  5.97812E-03,  5.80971E-03,  5.63859E-03,  5.46571E-03,  5.29194E-03,  5.11809E-03,  4.94489E-03,  4.77301E-03,  4.60304E-03,  4.43551E-03,  4.27087E-03,  4.10953E-03,  3.95182E-03,  3.79802E-03,  3.64837E-03,  3.50303E-03,  3.36215E-03,  3.22582E-03,  3.09408E-03,
  3.21262E-03,  3.35171E-03,  3.49582E-03,  3.64489E-03,  3.79882E-03,  3.95749E-03,  4.12069E-03,  4.28820E-03,  4.45971E-03,  4.63486E-03,  4.81323E-03,  4.99431E-03,  5.17755E-03,  5.36229E-03,  5.54782E-03,  5.73333E-03,  5.91795E-03,  6.10073E-03,  6.28063E-03,  6.45656E-03,  6.62736E-03,  6.79180E-03,  6.94861E-03,  7.09652E-03,  7.23419E-03,  7.36033E-03,  7.47367E-03,  7.57300E-03,  7.65720E-03,  7.72530E-03,  7.77645E-03,  7.81001E-03,  7.82555E-03,  7.82285E-03,  7.80194E-03,  7.76307E-03,  7.70674E-03,  7.63362E-03,  7.54458E-03,  7.44063E-03,  7.32292E-03,  7.19267E-03,  7.05115E-03,  6.89967E-03,  6.73956E-03,  6.57210E-03,  6.39857E-03,  6.22019E-03,  6.03811E-03,  5.85343E-03,  5.66718E-03,  5.48031E-03,  5.29368E-03,  5.10810E-03,  4.92426E-03,  4.74280E-03,  4.56428E-03,  4.38917E-03,  4.21790E-03,  4.05080E-03,  3.88816E-03,  3.73019E-03,  3.57708E-03,  3.42893E-03,  3.28584E-03,  3.14783E-03,
  3.26802E-03,  3.41376E-03,  3.56503E-03,  3.72181E-03,  3.88402E-03,  4.05153E-03,  4.22417E-03,  4.40169E-03,  4.58381E-03,  4.77015E-03,  4.96027E-03,  5.15364E-03,  5.34968E-03,  5.54770E-03,  5.74691E-03,  5.94647E-03,  6.14543E-03,  6.34275E-03,  6.53730E-03,  6.72790E-03,  6.91325E-03,  7.09202E-03,  7.26280E-03,  7.42414E-03,  7.57458E-03,  7.71264E-03,  7.83689E-03,  7.94595E-03,  8.03853E-03,  8.11349E-03,  8.16988E-03,  8.20693E-03,  8.22415E-03,  8.22127E-03,  8.19833E-03,  8.15564E-03,  8.09374E-03,  8.01343E-03,  7.91572E-03,  7.80177E-03,  7.67289E-03,  7.53046E-03,  7.37594E-03,  7.21080E-03,  7.03652E-03,  6.85455E-03,  6.66628E-03,  6.47308E-03,  6.27621E-03,  6.07688E-03,  5.87621E-03,  5.67523E-03,  5.47488E-03,  5.27600E-03,  5.07938E-03,  4.88566E-03,  4.69545E-03,  4.50923E-03,  4.32745E-03,  4.15044E-03,  3.97848E-03,  3.81180E-03,  3.65056E-03,  3.49484E-03,  3.34473E-03,  3.20023E-03,
  3.32190E-03,  3.47450E-03,  3.63322E-03,  3.79802E-03,  3.96888E-03,  4.14566E-03,  4.32822E-03,  4.51631E-03,  4.70965E-03,  4.90785E-03,  5.11047E-03,  5.31695E-03,  5.52666E-03,  5.73888E-03,  5.95278E-03,  6.16743E-03,  6.38181E-03,  6.59479E-03,  6.80516E-03,  7.01160E-03,  7.21272E-03,  7.40702E-03,  7.59295E-03,  7.76892E-03,  7.93327E-03,  8.08435E-03,  8.22054E-03,  8.34026E-03,  8.44205E-03,  8.52459E-03,  8.58676E-03,  8.62769E-03,  8.64677E-03,  8.64373E-03,  8.61858E-03,  8.57168E-03,  8.50368E-03,  8.41549E-03,  8.30828E-03,  8.18338E-03,  8.04228E-03,  7.88657E-03,  7.71789E-03,  7.53789E-03,  7.34822E-03,  7.15049E-03,  6.94626E-03,  6.73702E-03,  6.52417E-03,  6.30904E-03,  6.09283E-03,  5.87667E-03,  5.66159E-03,  5.44849E-03,  5.23819E-03,  5.03141E-03,  4.82876E-03,  4.63076E-03,  4.43786E-03,  4.25040E-03,  4.06867E-03,  3.89286E-03,  3.72313E-03,  3.55955E-03,  3.40217E-03,  3.25097E-03,
  3.37391E-03,  3.53359E-03,  3.70001E-03,  3.87316E-03,  4.05303E-03,  4.23952E-03,  4.43249E-03,  4.63173E-03,  4.83692E-03,  5.04770E-03,  5.26359E-03,  5.48403E-03,  5.70834E-03,  5.93574E-03,  6.16536E-03,  6.39620E-03,  6.62714E-03,  6.85697E-03,  7.08436E-03,  7.30787E-03,  7.52597E-03,  7.73703E-03,  7.93934E-03,  8.13113E-03,  8.31055E-03,  8.47577E-03,  8.62494E-03,  8.75629E-03,  8.86814E-03,  8.95898E-03,  9.02750E-03,  9.07270E-03,  9.09387E-03,  9.09067E-03,  9.06313E-03,  9.01166E-03,  8.93701E-03,  8.84024E-03,  8.72269E-03,  8.58588E-03,  8.43153E-03,  8.26141E-03,  8.07738E-03,  7.88128E-03,  7.67497E-03,  7.46021E-03,  7.23874E-03,  7.01220E-03,  6.78212E-03,  6.54996E-03,  6.31704E-03,  6.08458E-03,  5.85370E-03,  5.62537E-03,  5.40048E-03,  5.17977E-03,  4.96391E-03,  4.75343E-03,  4.54879E-03,  4.35033E-03,  4.15833E-03,  3.97298E-03,  3.79441E-03,  3.62267E-03,  3.45777E-03,  3.29967E-03,
  3.42366E-03,  3.59063E-03,  3.76500E-03,  3.94681E-03,  4.13606E-03,  4.33270E-03,  4.53660E-03,  4.74756E-03,  4.96527E-03,  5.18937E-03,  5.41935E-03,  5.65464E-03,  5.89451E-03,  6.13814E-03,  6.38458E-03,  6.63275E-03,  6.88144E-03,  7.12933E-03,  7.37498E-03,  7.61680E-03,  7.85312E-03,  8.08217E-03,  8.30206E-03,  8.51082E-03,  8.70645E-03,  8.88687E-03,  9.05005E-03,  9.19395E-03,  9.31669E-03,  9.41653E-03,  9.49197E-03,  9.54184E-03,  9.56531E-03,  9.56199E-03,  9.53191E-03,  9.47553E-03,  9.39372E-03,  9.28771E-03,  9.15902E-03,  9.00940E-03,  8.84077E-03,  8.65515E-03,  8.45461E-03,  8.24121E-03,  8.01699E-03,  7.78392E-03,  7.54390E-03,  7.29874E-03,  7.05014E-03,  6.79967E-03,  6.54880E-03,  6.29886E-03,  6.05105E-03,  5.80644E-03,  5.56597E-03,  5.33044E-03,  5.10055E-03,  4.87685E-03,  4.65982E-03,  4.44980E-03,  4.24705E-03,  4.05174E-03,  3.86397E-03,  3.68378E-03,  3.51113E-03,  3.34596E-03,
  3.47073E-03,  3.64517E-03,  3.82774E-03,  4.01851E-03,  4.21752E-03,  4.42475E-03,  4.64010E-03,  4.86338E-03,  5.09430E-03,  5.33248E-03,  5.57743E-03,  5.82850E-03,  6.08496E-03,  6.34592E-03,  6.61033E-03,  6.87703E-03,  7.14471E-03,  7.41191E-03,  7.67705E-03,  7.93842E-03,  8.19418E-03,  8.44238E-03,  8.68096E-03,  8.90778E-03,  9.12062E-03,  9.31721E-03,  9.49526E-03,  9.65254E-03,  9.78689E-03,  9.89636E-03,  9.97923E-03,  1.00341E-02,  1.00601E-02,  1.00568E-02,  1.00240E-02,  9.96248E-03,  9.87310E-03,  9.75729E-03,  9.61679E-03,  9.45357E-03,  9.26979E-03,  9.06769E-03,  8.84957E-03,  8.61772E-03,  8.37438E-03,  8.12173E-03,  7.86186E-03,  7.59676E-03,  7.32829E-03,  7.05819E-03,  6.78807E-03,  6.51938E-03,  6.25345E-03,  5.99144E-03,  5.73434E-03,  5.48305E-03,  5.23827E-03,  5.00060E-03,  4.77050E-03,  4.54833E-03,  4.33433E-03,  4.12864E-03,  3.93134E-03,  3.74242E-03,  3.56181E-03,  3.38939E-03,
  3.51465E-03,  3.69674E-03,  3.88773E-03,  4.08775E-03,  4.29689E-03,  4.51516E-03,  4.74248E-03,  4.97870E-03,  5.22354E-03,  5.47663E-03,  5.73744E-03,  6.00531E-03,  6.27944E-03,  6.55887E-03,  6.84247E-03,  7.12896E-03,  7.41691E-03,  7.70470E-03,  7.99059E-03,  8.27271E-03,  8.54904E-03,  8.81744E-03,  9.07568E-03,  9.32142E-03,  9.55225E-03,  9.76570E-03,  9.95927E-03,  1.01305E-02,  1.02770E-02,  1.03965E-02,  1.04872E-02,  1.05474E-02,  1.05761E-02,  1.05728E-02,  1.05374E-02,  1.04706E-02,  1.03734E-02,  1.02475E-02,  1.00948E-02,  9.91743E-03,  9.71785E-03,  9.49853E-03,  9.26197E-03,  9.01069E-03,  8.74714E-03,  8.47372E-03,  8.19271E-03,  7.90632E-03,  7.61661E-03,  7.32549E-03,  7.03475E-03,  6.74599E-03,  6.46067E-03,  6.18006E-03,  5.90525E-03,  5.63718E-03,  5.37661E-03,  5.12416E-03,  4.88031E-03,  4.64540E-03,  4.41964E-03,  4.20316E-03,  3.99599E-03,  3.79807E-03,  3.60930E-03,  3.42950E-03,
  3.55494E-03,  3.74481E-03,  3.94443E-03,  4.15398E-03,  4.37360E-03,  4.60334E-03,  4.84318E-03,  5.09298E-03,  5.35250E-03,  5.62134E-03,  5.89897E-03,  6.18470E-03,  6.47766E-03,  6.77680E-03,  7.08089E-03,  7.38851E-03,  7.69805E-03,  8.00773E-03,  8.31561E-03,  8.61961E-03,  8.91750E-03,  9.20696E-03,  9.48554E-03,  9.75074E-03,  9.99994E-03,  1.02305E-02,  1.04398E-02,  1.06250E-02,  1.07837E-02,  1.09134E-02,  1.10120E-02,  1.10777E-02,  1.11093E-02,  1.11062E-02,  1.10683E-02,  1.09964E-02,  1.08916E-02,  1.07556E-02,  1.05907E-02,  1.03992E-02,  1.01836E-02,  9.94672E-03,  9.69121E-03,  9.41979E-03,  9.13515E-03,  8.83988E-03,  8.53654E-03,  8.22754E-03,  7.91517E-03,  7.60159E-03,  7.28878E-03,  6.97853E-03,  6.67246E-03,  6.37197E-03,  6.07826E-03,  5.79234E-03,  5.51504E-03,  5.24698E-03,  4.98866E-03,  4.74039E-03,  4.50238E-03,  4.27470E-03,  4.05734E-03,  3.85019E-03,  3.65308E-03,  3.46578E-03,
  3.59103E-03,  3.78881E-03,  3.99724E-03,  4.21658E-03,  4.44701E-03,  4.68867E-03,  4.94157E-03,  5.20561E-03,  5.48058E-03,  5.76607E-03,  6.06156E-03,  6.36629E-03,  6.67933E-03,  6.99953E-03,  7.32550E-03,  7.65566E-03,  7.98820E-03,  8.32110E-03,  8.65218E-03,  8.97909E-03,  9.29937E-03,  9.61043E-03,  9.90963E-03,  1.01943E-02,  1.04616E-02,  1.07088E-02,  1.09332E-02,  1.11318E-02,  1.13021E-02,  1.14415E-02,  1.15476E-02,  1.16186E-02,  1.16531E-02,  1.16505E-02,  1.16106E-02,  1.15341E-02,  1.14224E-02,  1.12773E-02,  1.11010E-02,  1.08960E-02,  1.06650E-02,  1.04108E-02,  1.01364E-02,  9.84457E-03,  9.53825E-03,  9.22029E-03,  8.89350E-03,  8.56058E-03,  8.22412E-03,  7.88655E-03,  7.55011E-03,  7.21685E-03,  6.88855E-03,  6.56680E-03,  6.25292E-03,  5.94802E-03,  5.65296E-03,  5.36842E-03,  5.09488E-03,  4.83264E-03,  4.58187E-03,  4.34260E-03,  4.11475E-03,  3.89815E-03,  3.69256E-03,  3.49768E-03,
  3.62236E-03,  3.82812E-03,  4.04550E-03,  4.27485E-03,  4.51644E-03,  4.77044E-03,  5.03695E-03,  5.31591E-03,  5.60714E-03,  5.91025E-03,  6.22470E-03,  6.54968E-03,  6.88417E-03,  7.22689E-03,  7.57628E-03,  7.93054E-03,  8.28758E-03,  8.64509E-03,  9.00057E-03,  9.35131E-03,  9.69453E-03,  1.00273E-02,  1.03468E-02,  1.06501E-02,  1.09343E-02,  1.11966E-02,  1.14343E-02,  1.16444E-02,  1.18245E-02,  1.19719E-02,  1.20844E-02,  1.21600E-02,  1.21973E-02,  1.21955E-02,  1.21545E-02,  1.20750E-02,  1.19582E-02,  1.18058E-02,  1.16202E-02,  1.14036E-02,  1.11589E-02,  1.08888E-02,  1.05963E-02,  1.02845E-02,  9.95637E-03,  9.61513E-03,  9.26392E-03,  8.90580E-03,  8.54374E-03,  8.18055E-03,  7.81879E-03,  7.46081E-03,  7.10867E-03,  6.76414E-03,  6.42871E-03,  6.10358E-03,  5.78969E-03,  5.48775E-03,  5.19822E-03,  4.92138E-03,  4.65736E-03,  4.40612E-03,  4.16750E-03,  3.94127E-03,  3.72710E-03,  3.52460E-03,
  3.64827E-03,  3.86205E-03,  4.08850E-03,  4.32806E-03,  4.58109E-03,  4.84786E-03,  5.12852E-03,  5.42310E-03,  5.73145E-03,  6.05321E-03,  6.38782E-03,  6.73442E-03,  7.09188E-03,  7.45878E-03,  7.83332E-03,  8.21342E-03,  8.59665E-03,  8.98029E-03,  9.36138E-03,  9.73677E-03,  1.01032E-02,  1.04574E-02,  1.07960E-02,  1.11161E-02,  1.14145E-02,  1.16887E-02,  1.19359E-02,  1.21537E-02,  1.23399E-02,  1.24921E-02,  1.26083E-02,  1.26869E-02,  1.27265E-02,  1.27262E-02,  1.26859E-02,  1.26060E-02,  1.24874E-02,  1.23318E-02,  1.21408E-02,  1.19165E-02,  1.16615E-02,  1.13783E-02,  1.10698E-02,  1.07392E-02,  1.03897E-02,  1.00250E-02,  9.64848E-03,  9.26387E-03,  8.87459E-03,  8.48394E-03,  8.09496E-03,  7.71037E-03,  7.33257E-03,  6.96357E-03,  6.60505E-03,  6.25835E-03,  5.92448E-03,  5.60415E-03,  5.29784E-03,  5.00578E-03,  4.72802E-03,  4.46445E-03,  4.21484E-03,  3.97883E-03,  3.75602E-03,  3.54592E-03,
  3.66809E-03,  3.88987E-03,  4.12545E-03,  4.37537E-03,  4.64010E-03,  4.92003E-03,  5.21540E-03,  5.52631E-03,  5.85269E-03,  6.19421E-03,  6.55029E-03,  6.92004E-03,  7.30221E-03,  7.69516E-03,  8.09686E-03,  8.50484E-03,  8.91621E-03,  9.32773E-03,  9.73580E-03,  1.01366E-02,  1.05262E-02,  1.09008E-02,  1.12565E-02,  1.15899E-02,  1.18981E-02,  1.21784E-02,  1.24287E-02,  1.26474E-02,  1.28329E-02,  1.29839E-02,  1.30991E-02,  1.31776E-02,  1.32183E-02,  1.32205E-02,  1.31839E-02,  1.31083E-02,  1.29942E-02,  1.28420E-02,  1.26527E-02,  1.24275E-02,  1.21682E-02,  1.18767E-02,  1.15559E-02,  1.12088E-02,  1.08392E-02,  1.04510E-02,  1.00485E-02,  9.63594E-03,  9.21758E-03,  8.79737E-03,  8.37894E-03,  7.96555E-03,  7.55999E-03,  7.16460E-03,  6.78130E-03,  6.41154E-03,  6.05643E-03,  5.71670E-03,  5.39278E-03,  5.08486E-03,  4.79290E-03,  4.51670E-03,  4.25589E-03,  4.01003E-03,  3.77858E-03,  3.56094E-03,
  3.68109E-03,  3.91078E-03,  4.15549E-03,  4.41587E-03,  4.69253E-03,  4.98597E-03,  5.29657E-03,  5.62455E-03,  5.96990E-03,  6.33238E-03,  6.71140E-03,  7.10602E-03,  7.51487E-03,  7.93611E-03,  8.36735E-03,  8.80567E-03,  9.24760E-03,  9.68915E-03,  1.01259E-02,  1.05530E-02,  1.09657E-02,  1.13590E-02,  1.17284E-02,  1.20701E-02,  1.23808E-02,  1.26583E-02,  1.29014E-02,  1.31095E-02,  1.32831E-02,  1.34226E-02,  1.35285E-02,  1.36014E-02,  1.36411E-02,  1.36474E-02,  1.36195E-02,  1.35563E-02,  1.34566E-02,  1.33193E-02,  1.31433E-02,  1.29281E-02,  1.26740E-02,  1.23820E-02,  1.20545E-02,  1.16947E-02,  1.13067E-02,  1.08955E-02,  1.04661E-02,  1.00239E-02,  9.57421E-03,  9.12185E-03,  8.67130E-03,  8.22648E-03,  7.79071E-03,  7.36673E-03,  6.95670E-03,  6.56226E-03,  6.18455E-03,  5.82432E-03,  5.48197E-03,  5.15757E-03,  4.85098E-03,  4.56187E-03,  4.28974E-03,  4.03400E-03,  3.79397E-03,  3.56894E-03,
  3.68649E-03,  3.92394E-03,  4.17769E-03,  4.44855E-03,  4.73729E-03,  5.04456E-03,  5.37091E-03,  5.71668E-03,  6.08201E-03,  6.46673E-03,  6.87031E-03,  7.29177E-03,  7.72962E-03,  8.18178E-03,  8.64547E-03,  9.11723E-03,  9.59281E-03,  1.00673E-02,  1.05350E-02,  1.09898E-02,  1.14255E-02,  1.18356E-02,  1.22144E-02,  1.25571E-02,  1.28599E-02,  1.31212E-02,  1.33410E-02,  1.35210E-02,  1.36645E-02,  1.37756E-02,  1.38584E-02,  1.39163E-02,  1.39513E-02,  1.39640E-02,  1.39530E-02,  1.39153E-02,  1.38467E-02,  1.37424E-02,  1.35980E-02,  1.34096E-02,  1.31749E-02,  1.28938E-02,  1.25677E-02,  1.22003E-02,  1.17965E-02,  1.13625E-02,  1.09049E-02,  1.04308E-02,  9.94670E-03,  9.45887E-03,  8.97285E-03,  8.49340E-03,  8.02451E-03,  7.56936E-03,  7.13040E-03,  6.70943E-03,  6.30766E-03,  5.92580E-03,  5.56415E-03,  5.22268E-03,  4.90108E-03,  4.59886E-03,  4.31535E-03,  4.04979E-03,  3.80135E-03,  3.56914E-03,
  3.68345E-03,  3.92841E-03,  4.19103E-03,  4.47232E-03,  4.77321E-03,  5.09456E-03,  5.43711E-03,  5.80140E-03,  6.18773E-03,  6.59608E-03,  7.02601E-03,  7.47655E-03,  7.94612E-03,  8.43238E-03,  8.93215E-03,  9.44129E-03,  9.95462E-03,  1.04660E-02,  1.09681E-02,  1.14531E-02,  1.19125E-02,  1.23377E-02,  1.27208E-02,  1.30551E-02,  1.33362E-02,  1.35624E-02,  1.37355E-02,  1.38607E-02,  1.39463E-02,  1.40023E-02,  1.40395E-02,  1.40670E-02,  1.40911E-02,  1.41139E-02,  1.41329E-02,  1.41416E-02,  1.41301E-02,  1.40872E-02,  1.40019E-02,  1.38650E-02,  1.36704E-02,  1.34156E-02,  1.31016E-02,  1.27327E-02,  1.23156E-02,  1.18585E-02,  1.13706E-02,  1.08609E-02,  1.03382E-02,  9.81051E-03,  9.28470E-03,  8.76665E-03,  8.26109E-03,  7.77173E-03,  7.30133E-03,  6.85180E-03,  6.42438E-03,  6.01970E-03,  5.63792E-03,  5.27882E-03,  4.94190E-03,  4.62646E-03,  4.33162E-03,  4.05640E-03,  3.79980E-03,  3.56074E-03,
  3.67110E-03,  3.92321E-03,  4.19443E-03,  4.48595E-03,  4.79896E-03,  5.13454E-03,  5.49368E-03,  5.87717E-03,  6.28554E-03,  6.71900E-03,  7.17725E-03,  7.65943E-03,  8.16390E-03,  8.68813E-03,  9.22849E-03,  9.78013E-03,  1.03368E-02,  1.08907E-02,  1.14327E-02,  1.19522E-02,  1.24378E-02,  1.28776E-02,  1.32601E-02,  1.35757E-02,  1.38177E-02,  1.39840E-02,  1.40782E-02,  1.41102E-02,  1.40961E-02,  1.40563E-02,  1.40128E-02,  1.39853E-02,  1.39881E-02,  1.40266E-02,  1.40964E-02,  1.41841E-02,  1.42697E-02,  1.43305E-02,  1.43446E-02,  1.42941E-02,  1.41671E-02,  1.39584E-02,  1.36690E-02,  1.33049E-02,  1.28759E-02,  1.23937E-02,  1.18710E-02,  1.13203E-02,  1.07530E-02,  1.01794E-02,  9.60822E-03,  9.04657E-03,  8.50005E-03,  7.97290E-03,  7.46816E-03,  6.98783E-03,  6.53306E-03,  6.10435E-03,  5.70163E-03,  5.32444E-03,  4.97200E-03,  4.64334E-03,  4.33732E-03,  4.05275E-03,  3.78835E-03,  3.54286E-03,
  3.64853E-03,  3.90729E-03,  4.18669E-03,  4.48814E-03,  4.81309E-03,  5.16292E-03,  5.53892E-03,  5.94220E-03,  6.37364E-03,  6.83372E-03,  7.32244E-03,  7.83912E-03,  8.38220E-03,  8.94904E-03,  9.53564E-03,  1.01364E-02,  1.07439E-02,  1.13485E-02,  1.19387E-02,  1.25005E-02,  1.30183E-02,  1.34754E-02,  1.38550E-02,  1.41423E-02,  1.43262E-02,  1.44024E-02,  1.43758E-02,  1.42624E-02,  1.40894E-02,  1.38936E-02,  1.37162E-02,  1.35959E-02,  1.35611E-02,  1.36237E-02,  1.37758E-02,  1.39919E-02,  1.42339E-02,  1.44594E-02,  1.46286E-02,  1.47105E-02,  1.46855E-02,  1.45456E-02,  1.42931E-02,  1.39382E-02,  1.34956E-02,  1.29827E-02,  1.24176E-02,  1.18170E-02,  1.11964E-02,  1.05687E-02,  9.94487E-03,  9.33334E-03,  8.74065E-03,  8.17153E-03,  7.62919E-03,  7.11559E-03,  6.63173E-03,  6.17780E-03,  5.75342E-03,  5.35778E-03,  4.98976E-03,  4.64803E-03,  4.33117E-03,  4.03766E-03,  3.76598E-03,  3.51464E-03,
  3.61477E-03,  3.87956E-03,  4.16656E-03,  4.47745E-03,  4.81399E-03,  5.17791E-03,  5.57088E-03,  5.99442E-03,  6.44984E-03,  6.93806E-03,  7.45950E-03,  8.01384E-03,  8.59978E-03,  9.21474E-03,  9.85453E-03,  1.05129E-02,  1.11813E-02,  1.18482E-02,  1.24990E-02,  1.31159E-02,  1.36778E-02,  1.41614E-02,  1.45420E-02,  1.47964E-02,  1.49058E-02,  1.48603E-02,  1.46640E-02,  1.43390E-02,  1.39279E-02,  1.34922E-02,  1.31041E-02,  1.28347E-02,  1.27379E-02,  1.28368E-02,  1.31179E-02,  1.35341E-02,  1.40163E-02,  1.44892E-02,  1.48856E-02,  1.51557E-02,  1.52704E-02,  1.52206E-02,  1.50132E-02,  1.46655E-02,  1.42011E-02,  1.36458E-02,  1.30248E-02,  1.23611E-02,  1.16747E-02,  1.09819E-02,  1.02959E-02,  9.62675E-03,  8.98167E-03,  8.36574E-03,  7.78218E-03,  7.23272E-03,  6.71798E-03,  6.23773E-03,  5.79111E-03,  5.37685E-03,  4.99338E-03,  4.63895E-03,  4.31175E-03,  4.00992E-03,  3.73165E-03,  3.47517E-03,
  3.56885E-03,  3.83887E-03,  4.13270E-03,  4.45234E-03,  4.79989E-03,  5.17751E-03,  5.58732E-03,  6.03137E-03,  6.51152E-03,  7.02930E-03,  7.58574E-03,  8.18111E-03,  8.81464E-03,  9.48412E-03,  1.01855E-02,  1.09121E-02,  1.16546E-02,  1.23995E-02,  1.31292E-02,  1.38214E-02,  1.44486E-02,  1.49787E-02,  1.53764E-02,  1.56059E-02,  1.56354E-02,  1.54441E-02,  1.50303E-02,  1.44204E-02,  1.36757E-02,  1.28920E-02,  1.21901E-02,  1.16936E-02,  1.14998E-02,  1.16521E-02,  1.21270E-02,  1.28407E-02,  1.36726E-02,  1.44957E-02,  1.52023E-02,  1.57179E-02,  1.60047E-02,  1.60564E-02,  1.58897E-02,  1.55349E-02,  1.50289E-02,  1.44093E-02,  1.37109E-02,  1.29642E-02,  1.21946E-02,  1.14221E-02,  1.06621E-02,  9.92578E-03,  9.22103E-03,  8.55287E-03,  7.92419E-03,  7.33620E-03,  6.78891E-03,  6.28142E-03,  5.81222E-03,  5.37943E-03,  4.98089E-03,  4.61437E-03,  4.27757E-03,  3.96826E-03,  3.68427E-03,  3.42352E-03,
  3.50980E-03,  3.78405E-03,  4.08372E-03,  4.41115E-03,  4.76888E-03,  5.15951E-03,  5.58572E-03,  6.05021E-03,  6.55555E-03,  7.10406E-03,  7.69764E-03,  8.33746E-03,  9.02365E-03,  9.75481E-03,  1.05275E-02,  1.13353E-02,  1.21685E-02,  1.30124E-02,  1.38467E-02,  1.46445E-02,  1.53713E-02,  1.59849E-02,  1.64362E-02,  1.66725E-02,  1.66426E-02,  1.63064E-02,  1.56481E-02,  1.46923E-02,  1.35186E-02,  1.22675E-02,  1.11293E-02,  1.03090E-02,  9.97381E-03,  1.02010E-02,  1.09508E-02,  1.20798E-02,  1.33866E-02,  1.46673E-02,  1.57592E-02,  1.65599E-02,  1.70272E-02,  1.71655E-02,  1.70101E-02,  1.66116E-02,  1.60256E-02,  1.53050E-02,  1.44963E-02,  1.36385E-02,  1.27624E-02,  1.18914E-02,  1.10427E-02,  1.02281E-02,  9.45543E-03,  8.72917E-03,  8.05137E-03,  7.42232E-03,  6.84104E-03,  6.30570E-03,  5.81393E-03,  5.36303E-03,  4.95016E-03,  4.57244E-03,  4.22708E-03,  3.91136E-03,  3.62274E-03,  3.35881E-03,
  3.43664E-03,  3.71392E-03,  4.01818E-03,  4.35219E-03,  4.71890E-03,  5.12148E-03,  5.56326E-03,  6.04768E-03,  6.57822E-03,  7.15822E-03,  7.79073E-03,  8.47822E-03,  9.22218E-03,  1.00227E-02,  1.08776E-02,  1.17817E-02,  1.27259E-02,  1.36954E-02,  1.46684E-02,  1.56145E-02,  1.64926E-02,  1.72504E-02,  1.78234E-02,  1.81381E-02,  1.81171E-02,  1.76912E-02,  1.68183E-02,  1.55091E-02,  1.38545E-02,  1.20446E-02,  1.03597E-02,  9.12024E-03,  8.59825E-03,  8.92276E-03,  1.00295E-02,  1.16851E-02,  1.35706E-02,  1.53786E-02,  1.68805E-02,  1.79494E-02,  1.85492E-02,  1.87083E-02,  1.84915E-02,  1.79779E-02,  1.72466E-02,  1.63683E-02,  1.54021E-02,  1.43949E-02,  1.33822E-02,  1.23895E-02,  1.14348E-02,  1.05293E-02,  9.67986E-03,  8.88947E-03,  8.15873E-03,  7.48643E-03,  6.87019E-03,  6.30690E-03,  5.79304E-03,  5.32492E-03,  4.89886E-03,  4.51125E-03,  4.15867E-03,  3.83791E-03,  3.54598E-03,  3.28015E-03,
  3.34847E-03,  3.62732E-03,  3.93467E-03,  4.27368E-03,  4.64781E-03,  5.06083E-03,  5.51681E-03,  6.02010E-03,  6.57521E-03,  7.18679E-03,  7.85937E-03,  8.59717E-03,  9.40366E-03,  1.02811E-02,  1.12297E-02,  1.22469E-02,  1.33256E-02,  1.44528E-02,  1.56077E-02,  1.67587E-02,  1.78610E-02,  1.88540E-02,  1.96596E-02,  2.01825E-02,  2.03154E-02,  1.99516E-02,  1.90084E-02,  1.74645E-02,  1.54047E-02,  1.30595E-02,  1.08077E-02,  9.11177E-03,  8.38134E-03,  8.81611E-03,  1.03184E-02,  1.25345E-02,  1.49966E-02,  1.72775E-02,  1.90857E-02,  2.02851E-02,  2.08651E-02,  2.08939E-02,  2.04771E-02,  1.97278E-02,  1.87506E-02,  1.76334E-02,  1.64458E-02,  1.52401E-02,  1.40538E-02,  1.29125E-02,  1.18322E-02,  1.08224E-02,  9.88710E-03,  9.02690E-03,  8.23997E-03,  7.52294E-03,  6.87149E-03,  6.28083E-03,  5.74603E-03,  5.26217E-03,  4.82457E-03,  4.42880E-03,  4.07074E-03,  3.74661E-03,  3.45298E-03,  3.18674E-03,
  3.24443E-03,  3.52316E-03,  3.83178E-03,  4.17386E-03,  4.55340E-03,  4.97482E-03,  5.44303E-03,  5.96336E-03,  6.54160E-03,  7.18391E-03,  7.89669E-03,  8.68639E-03,  9.55916E-03,  1.05204E-02,  1.15740E-02,  1.27214E-02,  1.39600E-02,  1.52816E-02,  1.66695E-02,  1.80958E-02,  1.95173E-02,  2.08715E-02,  2.20727E-02,  2.30102E-02,  2.35501E-02,  2.35469E-02,  2.28684E-02,  2.14414E-02,  1.93153E-02,  1.67274E-02,  1.41282E-02,  1.21114E-02,  1.12281E-02,  1.17540E-02,  1.35546E-02,  1.61490E-02,  1.89241E-02,  2.13539E-02,  2.31168E-02,  2.41000E-02,  2.43428E-02,  2.39669E-02,  2.31226E-02,  2.19555E-02,  2.05904E-02,  1.91260E-02,  1.76361E-02,  1.61726E-02,  1.47703E-02,  1.34503E-02,  1.22242E-02,  1.10966E-02,  1.00672E-02,  9.13252E-03,  8.28731E-03,  7.52520E-03,  6.83935E-03,  6.22286E-03,  5.66908E-03,  5.17167E-03,  4.72480E-03,  4.32310E-03,  3.96170E-03,  3.63624E-03,  3.34280E-03,  3.07788E-03,
  3.12382E-03,  3.40048E-03,  3.70822E-03,  4.05105E-03,  4.43349E-03,  4.86068E-03,  5.33838E-03,  5.87307E-03,  6.47192E-03,  7.14287E-03,  7.89453E-03,  8.73610E-03,  9.67715E-03,  1.07272E-02,  1.18954E-02,  1.31890E-02,  1.46130E-02,  1.61672E-02,  1.78446E-02,  1.96275E-02,  2.14828E-02,  2.33576E-02,  2.51727E-02,  2.68176E-02,  2.81495E-02,  2.89988E-02,  2.91910E-02,  2.85917E-02,  2.71796E-02,  2.51318E-02,  2.28766E-02,  2.10376E-02,  2.02253E-02,  2.07527E-02,  2.24640E-02,  2.48165E-02,  2.71482E-02,  2.89351E-02,  2.99053E-02,  3.00184E-02,  2.93825E-02,  2.81716E-02,  2.65686E-02,  2.47345E-02,  2.27978E-02,  2.08532E-02,  1.89660E-02,  1.71784E-02,  1.55144E-02,  1.39855E-02,  1.25942E-02,  1.13371E-02,  1.02071E-02,  9.19523E-03,  8.29145E-03,  7.48553E-03,  6.76750E-03,  6.12794E-03,  5.55817E-03,  5.05025E-03,  4.59706E-03,  4.19223E-03,  3.83011E-03,  3.50571E-03,  3.21462E-03,  2.95298E-03,
  2.98607E-03,  3.25846E-03,  3.56287E-03,  3.90370E-03,  4.28603E-03,  4.71568E-03,  5.19934E-03,  5.74465E-03,  6.36032E-03,  7.05625E-03,  7.84358E-03,  8.73473E-03,  9.74338E-03,  1.08843E-02,  1.21732E-02,  1.36258E-02,  1.52572E-02,  1.70802E-02,  1.91035E-02,  2.13281E-02,  2.37438E-02,  2.63233E-02,  2.90162E-02,  3.17419E-02,  3.43843E-02,  3.67914E-02,  3.87849E-02,  4.01905E-02,  4.08930E-02,  4.09105E-02,  4.04544E-02,  3.99098E-02,  3.96881E-02,  4.00035E-02,  4.07360E-02,  4.15009E-02,  4.18650E-02,  4.15381E-02,  4.04369E-02,  3.86447E-02,  3.63324E-02,  3.36925E-02,  3.08991E-02,  2.80903E-02,  2.53659E-02,  2.27915E-02,  2.04055E-02,  1.82259E-02,  1.62565E-02,  1.44914E-02,  1.29189E-02,  1.15241E-02,  1.02905E-02,  9.20173E-03,  8.24167E-03,  7.39538E-03,  6.64920E-03,  5.99080E-03,  5.40922E-03,  4.89479E-03,  4.43901E-03,  4.03446E-03,  3.67470E-03,  3.35411E-03,  3.06784E-03,  2.81167E-03,
  2.83084E-03,  3.09654E-03,  3.39484E-03,  3.73053E-03,  4.10919E-03,  4.53731E-03,  5.02249E-03,  5.57355E-03,  6.20079E-03,  6.91619E-03,  7.73363E-03,  8.66914E-03,  9.74113E-03,  1.09706E-02,  1.23811E-02,  1.39989E-02,  1.58528E-02,  1.79730E-02,  2.03908E-02,  2.31362E-02,  2.62359E-02,  2.97095E-02,  3.35652E-02,  3.77942E-02,  4.23647E-02,  4.72157E-02,  5.22510E-02,  5.73339E-02,  6.22791E-02,  6.68413E-02,  7.07020E-02,  7.34836E-02,  7.48263E-02,  7.45261E-02,  7.26348E-02,  6.94283E-02,  6.52778E-02,  6.05369E-02,  5.54963E-02,  5.03821E-02,  4.53663E-02,  4.05743E-02,  3.60914E-02,  3.19687E-02,  2.82294E-02,  2.48755E-02,  2.18941E-02,  1.92623E-02,  1.69516E-02,  1.49306E-02,  1.31680E-02,  1.16333E-02,  1.02982E-02,  9.13683E-03,  8.12611E-03,  7.24562E-03,  6.47747E-03,  5.80617E-03,  5.21831E-03,  4.70240E-03,  4.24855E-03,  3.84832E-03,  3.49447E-03,  3.18083E-03,  2.90211E-03,  2.65379E-03,
  2.65809E-03,  2.91445E-03,  3.20359E-03,  3.53061E-03,  3.90152E-03,  4.32344E-03,  4.80478E-03,  5.35552E-03,  5.98749E-03,  6.71478E-03,  7.55408E-03,  8.52524E-03,  9.65177E-03,  1.09615E-02,  1.24873E-02,  1.42676E-02,  1.63474E-02,  1.87791E-02,  2.16230E-02,  2.49480E-02,  2.88328E-02,  3.33664E-02,  3.86493E-02,  4.47946E-02,  5.19285E-02,  6.01857E-02,  6.96916E-02,  8.05079E-02,  9.25076E-02,  1.05147E-01,  1.17182E-01,  1.26600E-01,  1.31156E-01,  1.29554E-01,  1.22307E-01,  1.11373E-01,  9.89620E-02,  8.66694E-02,  7.53216E-02,  6.52086E-02,  5.63457E-02,  4.86396E-02,  4.19678E-02,  3.62086E-02,  3.12497E-02,  2.69898E-02,  2.33378E-02,  2.02120E-02,  1.75396E-02,  1.52560E-02,  1.33047E-02,  1.16363E-02,  1.02083E-02,  8.98399E-03,  7.93237E-03,  7.02699E-03,  6.24551E-03,  5.56910E-03,  4.98191E-03,  4.47063E-03,  4.02406E-03,  3.63277E-03,  3.28884E-03,  2.98559E-03,  2.71738E-03,  2.47945E-03,
  2.46808E-03,  2.71231E-03,  2.98900E-03,  3.30349E-03,  3.66213E-03,  4.07253E-03,  4.54380E-03,  5.08694E-03,  5.71519E-03,  6.44459E-03,  7.29458E-03,  8.28876E-03,  9.45584E-03,  1.08308E-02,  1.24562E-02,  1.43840E-02,  1.66776E-02,  1.94144E-02,  2.26889E-02,  2.66173E-02,  3.13430E-02,  3.70440E-02,  4.39444E-02,  5.23277E-02,  6.25547E-02,  7.50763E-02,  9.04220E-02,  1.09112E-01,  1.31384E-01,  1.56592E-01,  1.82270E-01,  2.03480E-01,  2.13985E-01,  2.09934E-01,  1.92945E-01,  1.68727E-01,  1.43063E-01,  1.19464E-01,  9.92450E-02,  8.24689E-02,  6.87060E-02,  5.74299E-02,  4.81664E-02,  4.05284E-02,  3.42094E-02,  2.89672E-02,  2.46086E-02,  2.09774E-02,  1.79467E-02,  1.54119E-02,  1.32873E-02,  1.15021E-02,  9.99776E-03,  8.72634E-03,  7.64819E-03,  6.73073E-03,  5.94714E-03,  5.27536E-03,  4.69721E-03,  4.19772E-03,  3.76451E-03,  3.38733E-03,  3.05770E-03,  2.76855E-03,  2.51400E-03,  2.28913E-03,
  2.26145E-03,  2.49066E-03,  2.75147E-03,  3.04934E-03,  3.39081E-03,  3.78383E-03,  4.23805E-03,  4.76522E-03,  5.37976E-03,  6.09938E-03,  6.94591E-03,  7.94642E-03,  9.13447E-03,  1.05519E-02,  1.22510E-02,  1.42973E-02,  1.67730E-02,  1.97821E-02,  2.34560E-02,  2.79627E-02,  3.35176E-02,  4.04007E-02,  4.89795E-02,  5.97424E-02,  7.33428E-02,  9.06502E-02,  1.12783E-01,  1.41046E-01,  1.76571E-01,  2.19276E-01,  2.65721E-01,  3.06550E-01,  3.27592E-01,  3.19139E-01,  2.85405E-01,  2.40145E-01,  1.95328E-01,  1.56688E-01,  1.25425E-01,  1.00762E-01,  8.14183E-02,  6.61984E-02,  5.41456E-02,  4.45339E-02,  3.68204E-02,  3.05965E-02,  2.55514E-02,  2.14448E-02,  1.80895E-02,  1.53375E-02,  1.30717E-02,  1.11988E-02,  9.64408E-03,  8.34798E-03,  7.26256E-03,  6.34938E-03,  5.57747E-03,  4.92190E-03,  4.36247E-03,  3.88283E-03,  3.46970E-03,  3.11224E-03,  2.80157E-03,  2.53042E-03,  2.29277E-03,  2.08366E-03,
  2.03927E-03,  2.25057E-03,  2.49201E-03,  2.76903E-03,  3.08821E-03,  3.45764E-03,  3.88722E-03,  4.38918E-03,  4.97873E-03,  5.67476E-03,  6.50100E-03,  7.48725E-03,  8.67121E-03,  1.01007E-02,  1.18366E-02,  1.39570E-02,  1.65620E-02,  1.97809E-02,  2.37815E-02,  2.87827E-02,  3.50725E-02,  4.30335E-02,  5.31798E-02,  6.62105E-02,  8.30875E-02,  1.05138E-01,  1.34173E-01,  1.72541E-01,  2.22868E-01,  2.86811E-01,  3.61396E-01,  4.32226E-01,  4.70940E-01,  4.54959E-01,  3.94411E-01,  3.19105E-01,  2.49990E-01,  1.93997E-01,  1.50818E-01,  1.18011E-01,  9.30687E-02,  7.39749E-02,  5.92317E-02,  4.77523E-02,  3.87479E-02,  3.16395E-02,  2.59963E-02,  2.14931E-02,  1.78820E-02,  1.49720E-02,  1.26154E-02,  1.06970E-02,  9.12721E-03,  7.83556E-03,  6.76687E-03,  5.87765E-03,  5.13354E-03,  4.50733E-03,  3.97736E-03,  3.52635E-03,  3.14048E-03,  2.80859E-03,  2.52169E-03,  2.27246E-03,  2.05495E-03,  1.86428E-03,
  1.80308E-03,  1.99366E-03,  2.21231E-03,  2.46427E-03,  2.75600E-03,  3.09545E-03,  3.49250E-03,  3.95947E-03,  4.51181E-03,  5.16905E-03,  5.95595E-03,  6.90412E-03,  8.05408E-03,  9.45808E-03,  1.11838E-02,  1.33193E-02,  1.59797E-02,  1.93159E-02,  2.35272E-02,  2.88777E-02,  3.57194E-02,  4.45258E-02,  5.59394E-02,  7.08419E-02,  9.04591E-02,  1.16513E-01,  1.51427E-01,  1.98552E-01,  2.62188E-01,  3.46582E-01,  4.51376E-01,  5.59096E-01,  6.22143E-01,  5.95549E-01,  5.00166E-01,  3.90734E-01,  2.97226E-01,  2.25236E-01,  1.71584E-01,  1.31779E-01,  1.02072E-01,  7.97031E-02,  6.27070E-02,  4.96887E-02,  3.96478E-02,  3.18560E-02,  2.57759E-02,  2.10062E-02,  1.72444E-02,  1.42613E-02,  1.18821E-02,  9.97319E-03,  8.43216E-03,  7.18013E-03,  6.15626E-03,  5.31341E-03,  4.61499E-03,  4.03243E-03,  3.54335E-03,  3.13013E-03,  2.77886E-03,  2.47846E-03,  2.22008E-03,  1.99664E-03,  1.80239E-03,  1.63268E-03,
  1.55486E-03,  1.72213E-03,  1.91475E-03,  2.13766E-03,  2.39694E-03,  2.70016E-03,  3.05682E-03,  3.47886E-03,  3.98145E-03,  4.58392E-03,  5.31112E-03,  6.19513E-03,  7.27767E-03,  8.61322E-03,  1.02734E-02,  1.23525E-02,  1.49759E-02,  1.83100E-02,  2.25771E-02,  2.80749E-02,  3.52041E-02,  4.45051E-02,  5.67126E-02,  7.28320E-02,  9.42537E-02,  1.22922E-01,  1.61578E-01,  2.14075E-01,  2.85590E-01,  3.81945E-01,  5.04998E-01,  6.36859E-01,  7.17226E-01,  6.82981E-01,  5.63943E-01,  4.33306E-01,  3.25439E-01,  2.44058E-01,  1.84056E-01,  1.39820E-01,  1.06986E-01,  8.24238E-02,  6.39189E-02,  4.98943E-02,  3.92108E-02,  3.10338E-02,  2.47460E-02,  1.98873E-02,  1.61131E-02,  1.31646E-02,  1.08468E-02,  9.01287E-03,  7.55164E-03,  6.37896E-03,  5.43086E-03,  4.65856E-03,  4.02471E-03,  3.50058E-03,  3.06399E-03,  2.69768E-03,  2.38820E-03,  2.12498E-03,  1.89965E-03,  1.70557E-03,  1.53745E-03,  1.39102E-03,
  1.29709E-03,  1.43875E-03,  1.60248E-03,  1.79272E-03,  2.01497E-03,  2.27615E-03,  2.58499E-03,  2.95259E-03,  3.39316E-03,  3.92501E-03,  4.57193E-03,  5.36497E-03,  6.34502E-03,  7.56610E-03,  9.10013E-03,  1.10432E-02,  1.35241E-02,  1.67165E-02,  2.08544E-02,  2.62541E-02,  3.33427E-02,  4.26978E-02,  5.50995E-02,  7.16024E-02,  9.36357E-02,  1.23142E-01,  1.62769E-01,  2.16086E-01,  2.87648E-01,  3.82101E-01,  4.99576E-01,  6.21649E-01,  6.94166E-01,  6.63626E-01,  5.55015E-01,  4.32030E-01,  3.27455E-01,  2.46651E-01,  1.85981E-01,  1.40684E-01,  1.06824E-01,  8.14472E-02,  6.23830E-02,  4.80317E-02,  3.72054E-02,  2.90176E-02,  2.28056E-02,  1.80734E-02,  1.44510E-02,  1.16621E-02,  9.50105E-03,  7.81456E-03,  6.48838E-03,  5.43716E-03,  4.59698E-03,  3.91979E-03,  3.36933E-03,  2.91810E-03,  2.54512E-03,  2.23432E-03,  1.97329E-03,  1.75241E-03,  1.56415E-03,  1.40260E-03,  1.26308E-03,  1.14185E-03,
  1.03268E-03,  1.14688E-03,  1.27935E-03,  1.43388E-03,  1.61521E-03,  1.82930E-03,  2.08378E-03,  2.38840E-03,  2.75577E-03,  3.20230E-03,  3.74950E-03,  4.42581E-03,  5.26903E-03,  6.32980E-03,  7.67626E-03,  9.40063E-03,  1.16282E-02,  1.45294E-02,  1.83371E-02,  2.33678E-02,  3.00521E-02,  3.89713E-02,  5.09053E-02,  6.68894E-02,  8.82814E-02,  1.16836E-01,  1.54769E-01,  2.04755E-01,  2.69624E-01,  3.51061E-01,  4.45545E-01,  5.35804E-01,  5.85792E-01,  5.65454E-01,  4.88326E-01,  3.93093E-01,  3.05451E-01,  2.33551E-01,  1.77252E-01,  1.34047E-01,  1.01228E-01,  7.64584E-02,  5.78524E-02,  4.39225E-02,  3.35126E-02,  2.57348E-02,  1.99154E-02,  1.55483E-02,  1.22565E-02,  9.76115E-03,  7.85686E-03,  6.39254E-03,  5.25716E-03,  4.36904E-03,  3.66792E-03,  3.10916E-03,  2.65959E-03,  2.29442E-03,  1.99498E-03,  1.74719E-03,  1.54031E-03,  1.36610E-03,  1.21822E-03,  1.09171E-03,  9.82718E-04,  8.88181E-04,
  7.64925E-04,  8.50363E-04,  9.49870E-04,  1.06644E-03,  1.20386E-03,  1.36694E-03,  1.56184E-03,  1.79653E-03,  2.08141E-03,  2.43014E-03,  2.86084E-03,  3.39770E-03,  4.07328E-03,  4.93175E-03,  6.03334E-03,  7.46067E-03,  9.32753E-03,  1.17910E-02,  1.50680E-02,  1.94575E-02,  2.53691E-02,  3.33583E-02,  4.41671E-02,  5.87645E-02,  7.83762E-02,  1.04485E-01,  1.38759E-01,  1.82838E-01,  2.37763E-01,  3.02663E-01,  3.72102E-01,  4.32663E-01,  4.64036E-01,  4.52021E-01,  4.02685E-01,  3.35763E-01,  2.68259E-01,  2.08690E-01,  1.59570E-01,  1.20600E-01,  9.04459E-02,  6.75281E-02,  5.03407E-02,  3.75737E-02,  2.81490E-02,  2.12135E-02,  1.61120E-02,  1.23523E-02,  9.57062E-03,  7.50093E-03,  5.95020E-03,  4.77884E-03,  3.88599E-03,  3.19876E-03,  2.66430E-03,  2.24418E-03,  1.91031E-03,  1.64205E-03,  1.42414E-03,  1.24523E-03,  1.09680E-03,  9.72439E-04,  8.67254E-04,  7.77501E-04,  7.00284E-04,  6.33346E-04,
  4.97467E-04,  5.53482E-04,  6.19086E-04,  6.96395E-04,  7.88098E-04,  8.97644E-04,  1.02949E-03,  1.18947E-03,  1.38525E-03,  1.62704E-03,  1.92856E-03,  2.30836E-03,  2.79182E-03,  3.41384E-03,  4.22288E-03,  5.28651E-03,  6.69954E-03,  8.59527E-03,  1.11613E-02,  1.46609E-02,  1.94607E-02,  2.60649E-02,  3.51516E-02,  4.76024E-02,  6.45062E-02,  8.71029E-02,  1.16616E-01,  1.53905E-01,  1.98834E-01,  2.49262E-01,  2.99740E-01,  3.40829E-01,  3.61285E-01,  3.54234E-01,  3.22363E-01,  2.75654E-01,  2.24716E-01,  1.76766E-01,  1.35372E-01,  1.01608E-01,  7.51588E-02,  5.50547E-02,  4.01128E-02,  2.91854E-02,  2.12794E-02,  1.55947E-02,  1.15168E-02,  8.58954E-03,  6.48137E-03,  4.95504E-03,  3.84216E-03,  3.02385E-03,  2.41625E-03,  1.96022E-03,  1.61391E-03,  1.34762E-03,  1.14017E-03,  9.76367E-04,  8.45260E-04,  7.38895E-04,  6.51456E-04,  5.78656E-04,  5.17315E-04,  4.65050E-04,  4.20058E-04,  3.80967E-04,
  2.34159E-04,  2.60809E-04,  2.92459E-04,  3.30286E-04,  3.75806E-04,  4.30988E-04,  4.98423E-04,  5.81546E-04,  6.84970E-04,  8.14952E-04,  9.80076E-04,  1.19223E-03,  1.46807E-03,  1.83109E-03,  2.31481E-03,  2.96730E-03,  3.85798E-03,  5.08751E-03,  6.80199E-03,  9.21309E-03,  1.26252E-02,  1.74700E-02,  2.43440E-02,  3.40394E-02,  4.75417E-02,  6.59504E-02,  9.02640E-02,  1.20973E-01,  1.57450E-01,  1.97241E-01,  2.35557E-01,  2.65598E-01,  2.80432E-01,  2.76139E-01,  2.54009E-01,  2.19688E-01,  1.80198E-01,  1.41382E-01,  1.06927E-01,  7.84992E-02,  5.63062E-02,  3.97010E-02,  2.76694E-02,  1.91538E-02,  1.32240E-02,  9.13815E-03,  6.33993E-03,  4.42876E-03,  3.12368E-03,  2.23086E-03,  1.61797E-03,  1.19517E-03,  9.01610E-04,  6.96113E-04,  5.50791E-04,  4.46726E-04,  3.71062E-04,  3.15040E-04,  2.72678E-04,  2.39883E-04,  2.13847E-04,  1.92638E-04,  1.74922E-04,  1.59780E-04,  1.46570E-04,  1.34847E-04,
 -2.10254E-05, -2.29143E-05, -2.43241E-05, -2.50213E-05, -2.46788E-05, -2.28330E-05, -1.88204E-05, -1.16796E-05, -3.19586E-09,  1.82900E-05,  4.63060E-05,  8.87198E-05,  1.52621E-04,  2.48833E-04,  3.93974E-04,  6.13687E-04,  9.47676E-04,  1.45754E-03,  2.23884E-03,  3.43924E-03,  5.28511E-03,  8.11798E-03,  1.24396E-02,  1.89560E-02,  2.85924E-02,  4.24279E-02,  6.14716E-02,  8.62238E-02,  1.16060E-01,  1.48653E-01,  1.79797E-01,  2.04034E-01,  2.16215E-01,  2.13491E-01,  1.96566E-01,  1.69304E-01,  1.37045E-01,  1.04789E-01,  7.60822E-02,  5.27224E-02,  3.50295E-02,  2.23817E-02,  1.37503E-02,  8.07574E-03,  4.46002E-03,  2.22134E-03,  8.76796E-04,  9.95512E-05, -3.24948E-04, -5.34590E-04, -6.16591E-04, -6.25376E-04, -5.94447E-04, -5.44090E-04, -4.86314E-04, -4.27992E-04, -3.72843E-04, -3.22677E-04, -2.78174E-04, -2.39364E-04, -2.05929E-04, -1.77380E-04, -1.53164E-04, -1.32728E-04, -1.15547E-04, -1.01147E-04,
 -2.64124E-04, -2.92948E-04, -3.25554E-04, -3.62606E-04, -4.04909E-04, -4.53441E-04, -5.09386E-04, -5.74172E-04, -6.49504E-04, -7.37381E-04, -8.40083E-04, -9.60096E-04, -1.09989E-03, -1.26148E-03, -1.44550E-03, -1.64957E-03, -1.86522E-03, -2.07253E-03, -2.23093E-03, -2.26356E-03, -2.03202E-03, -1.29723E-03,  3.36072E-04,  3.48635E-03,  9.04903E-03,  1.81749E-02,  3.20697E-02,  5.15202E-02,  7.61950E-02,  1.04022E-01,  1.31104E-01,  1.52469E-01,  1.63541E-01,  1.61768E-01,  1.47589E-01,  1.24203E-01,  9.63222E-02,  6.86246E-02,  4.45739E-02,  2.59000E-02,  1.27587E-02,  4.31151E-03, -6.44731E-04, -3.24789E-03, -4.38531E-03, -4.67271E-03, -4.50476E-03, -4.11983E-03, -3.65456E-03, -3.18287E-03, -2.74167E-03, -2.34675E-03, -2.00241E-03, -1.70700E-03, -1.45613E-03, -1.24441E-03, -1.06637E-03, -9.16913E-04, -7.91502E-04, -6.86208E-04, -5.97690E-04, -5.23137E-04, -4.60202E-04, -4.06934E-04, -3.61717E-04, -3.23212E-04,
 -4.91316E-04, -5.44714E-04, -6.05713E-04, -6.75770E-04, -7.56695E-04, -8.50745E-04, -9.60747E-04, -1.09025E-03, -1.24374E-03, -1.42686E-03, -1.64673E-03, -1.91228E-03, -2.23465E-03, -2.62756E-03, -3.10751E-03, -3.69369E-03, -4.40691E-03, -5.26691E-03, -6.28616E-03, -7.45751E-03, -8.73096E-03, -9.97293E-03, -1.09004E-02, -1.09873E-02, -9.36102E-03, -4.75743E-03,  4.32614E-03,  1.91186E-02,  3.97213E-02,  6.43193E-02,  8.90857E-02,  1.09070E-01,  1.19753E-01,  1.18590E-01,  1.05884E-01,  8.46155E-02,  5.93672E-02,  3.48470E-02,  1.45648E-02,  1.26094E-04, -8.63596E-03, -1.29356E-02, -1.42494E-02, -1.38325E-02, -1.25646E-02, -1.09853E-02, -9.39056E-03, -7.92342E-03, -6.63903E-03, -5.54637E-03, -4.63240E-03, -3.87538E-03, -3.25165E-03, -2.73891E-03, -2.31750E-03, -1.97075E-03, -1.68478E-03, -1.44827E-03, -1.25197E-03, -1.08844E-03, -9.51637E-04, -8.36716E-04, -7.39749E-04, -6.57563E-04, -5.87588E-04, -5.27739E-04,
 -6.99055E-04, -7.73970E-04, -8.59689E-04, -9.58315E-04, -1.07247E-03, -1.20543E-03, -1.36135E-03, -1.54546E-03, -1.76447E-03, -2.02692E-03, -2.34376E-03, -2.72905E-03, -3.20084E-03, -3.78217E-03, -4.50224E-03, -5.39756E-03, -6.51269E-03, -7.89973E-03, -9.61507E-03, -1.17101E-02, -1.42108E-02, -1.70767E-02, -2.01277E-02, -2.29276E-02, -2.46334E-02, -2.38789E-02, -1.88672E-02, -7.91281E-03,  9.52878E-03,  3.18557E-02,  5.51862E-02,  7.44207E-02,  8.49469E-02,  8.41679E-02,  7.23004E-02,  5.22431E-02,  2.86218E-02,  6.32739E-03, -1.09947E-02, -2.18593E-02, -2.68042E-02, -2.74638E-02, -2.56027E-02, -2.25869E-02, -1.92781E-02, -1.61362E-02, -1.33612E-02, -1.10077E-02, -9.05774E-03, -7.46372E-03, -6.16990E-03, -5.12293E-03, -4.27599E-03, -3.58981E-03, -3.03231E-03, -2.57768E-03, -2.20534E-03, -1.89895E-03, -1.64555E-03, -1.43489E-03, -1.25884E-03, -1.11091E-03, -9.85942E-04, -8.79815E-04, -7.89207E-04, -7.11447E-04,
 -8.84189E-04, -9.76960E-04, -1.08298E-03, -1.20481E-03, -1.34562E-03, -1.50940E-03, -1.70119E-03, -1.92736E-03, -2.19606E-03, -2.51774E-03, -2.90582E-03, -3.37767E-03, -3.95572E-03, -4.66891E-03, -5.55447E-03, -6.65982E-03, -8.04444E-03, -9.78087E-03, -1.19533E-02, -1.46508E-02, -1.79484E-02, -2.18678E-02, -2.62999E-02, -3.08749E-02, -3.47812E-02, -3.65975E-02, -3.43367E-02, -2.59998E-02, -1.07319E-02,  1.00085E-02,  3.22921E-02,  5.09219E-02,  6.12500E-02,  6.06686E-02,  4.93321E-02,  3.00605E-02,  7.50267E-03, -1.33001E-02, -2.85783E-02, -3.69324E-02, -3.91897E-02, -3.73061E-02, -3.32541E-02, -2.84681E-02, -2.37856E-02, -1.96018E-02, -1.60455E-02, -1.31078E-02, -1.07202E-02, -8.79671E-03, -7.25286E-03, -6.01443E-03, -5.01939E-03, -4.21739E-03, -3.56830E-03, -3.04041E-03, -2.60878E-03, -2.25386E-03, -1.96032E-03, -1.71609E-03, -1.51167E-03, -1.33954E-03, -1.19376E-03, -1.06957E-03, -9.63170E-04, -8.71505E-04,
 -1.04407E-03, -1.15055E-03, -1.27186E-03, -1.41079E-03, -1.57079E-03, -1.75617E-03, -1.97236E-03, -2.22622E-03, -2.52645E-03, -2.88423E-03, -3.31388E-03, -3.83386E-03, -4.46802E-03, -5.24711E-03, -6.21068E-03, -7.40922E-03, -8.90620E-03, -1.07794E-02, -1.31202E-02, -1.60267E-02, -1.95864E-02, -2.38365E-02, -2.86866E-02, -3.37875E-02, -3.83441E-02, -4.09393E-02, -3.95660E-02, -3.21798E-02, -1.78691E-02,  1.95785E-03,  2.34275E-02,  4.14324E-02,  5.14356E-02,  5.08918E-02,  3.99147E-02,  2.12116E-02, -6.60600E-04, -2.06779E-02, -3.50555E-02, -4.24215E-02, -4.36875E-02, -4.09010E-02, -3.60883E-02, -3.06950E-02, -2.55432E-02, -2.10026E-02, -1.71762E-02, -1.40337E-02, -1.14899E-02, -9.44592E-03, -7.80808E-03, -6.49538E-03, -5.44082E-03, -4.59046E-03, -3.90152E-03, -3.34035E-03, -2.88057E-03, -2.50156E-03, -2.18717E-03, -1.92471E-03, -1.70422E-03, -1.51782E-03, -1.35926E-03, -1.22357E-03, -1.10676E-03, -1.00564E-03,
 -1.17662E-03, -1.29233E-03, -1.42352E-03, -1.57297E-03, -1.74410E-03, -1.94114E-03, -2.16939E-03, -2.43548E-03, -2.74778E-03, -3.11689E-03, -3.55636E-03, -4.08347E-03, -4.72031E-03, -5.49513E-03, -6.44386E-03, -7.61172E-03, -9.05469E-03, -1.08399E-02, -1.30436E-02, -1.57433E-02, -1.89986E-02, -2.28120E-02, -2.70537E-02, -3.13406E-02, -3.48714E-02, -3.62859E-02, -3.37313E-02, -2.54009E-02, -1.06000E-02,  9.21081E-03,  3.03134E-02,  4.78604E-02,  5.75395E-02,  5.69165E-02,  4.60909E-02,  2.76508E-02,  5.96551E-03, -1.41369E-02, -2.89823E-02, -3.71557E-02, -3.94051E-02, -3.75979E-02, -3.36430E-02, -2.89418E-02, -2.43203E-02, -2.01733E-02, -1.66337E-02, -1.36977E-02, -1.13014E-02, -9.36206E-03, -7.79803E-03, -6.53689E-03, -5.51786E-03, -4.69146E-03, -4.01812E-03, -3.46650E-03, -3.01190E-03, -2.63492E-03, -2.32030E-03, -2.05602E-03, -1.83258E-03, -1.64248E-03, -1.47972E-03, -1.33952E-03, -1.21805E-03, -1.11221E-03,
 -1.28043E-03, -1.40070E-03, -1.53614E-03, -1.68930E-03, -1.86325E-03, -2.06176E-03, -2.28946E-03, -2.55207E-03, -2.85670E-03, -3.21223E-03, -3.62975E-03, -4.12318E-03, -4.70992E-03, -5.41166E-03, -6.25515E-03, -7.27279E-03, -8.50262E-03, -9.98685E-03, -1.17673E-02, -1.38748E-02, -1.63077E-02, -1.89919E-02, -2.17124E-02, -2.40104E-02, -2.50612E-02, -2.35971E-02, -1.80319E-02, -6.97050E-03,  9.89602E-03,  3.09666E-02,  5.26714E-02,  7.04222E-02,  8.00917E-02,  7.93226E-02,  6.82316E-02,  4.93661E-02,  2.69474E-02,  5.57137E-03, -1.12374E-02, -2.19581E-02, -2.70042E-02, -2.78759E-02, -2.62411E-02, -2.34156E-02, -2.02452E-02, -1.71913E-02, -1.44629E-02, -1.21245E-02, -1.01673E-02, -8.55064E-03, -7.22405E-03, -6.13801E-03, -5.24835E-03, -4.51769E-03, -3.91523E-03, -3.41604E-03, -3.00011E-03, -2.65151E-03, -2.35753E-03, -2.10805E-03, -1.89502E-03, -1.71199E-03, -1.55378E-03, -1.41623E-03, -1.29598E-03, -1.19028E-03,
 -1.35471E-03, -1.47486E-03, -1.60895E-03, -1.75904E-03, -1.92761E-03, -2.11757E-03, -2.33242E-03, -2.57636E-03, -2.85443E-03, -3.17269E-03, -3.53840E-03, -3.96025E-03, -4.44843E-03, -5.01475E-03, -5.67231E-03, -6.43473E-03, -7.31418E-03, -8.31743E-03, -9.43823E-03, -1.06435E-02, -1.18490E-02, -1.28805E-02, -1.34134E-02, -1.28949E-02, -1.04692E-02, -4.96856E-03,  4.91183E-03,  2.01430E-02,  4.06347E-02,  6.45926E-02,  8.84571E-02,  1.07668E-01,  1.18021E-01,  1.17074E-01,  1.04994E-01,  8.44951E-02,  5.98968E-02,  3.57409E-02,  1.54896E-02,  8.03632E-04, -8.36918E-03, -1.31251E-02, -1.48568E-02, -1.47783E-02, -1.37600E-02, -1.23497E-02, -1.08580E-02, -9.44316E-03, -8.17368E-03, -7.06919E-03, -6.12479E-03, -5.32477E-03, -4.64989E-03, -4.08104E-03, -3.60088E-03, -3.19436E-03, -2.84880E-03, -2.55367E-03, -2.30034E-03, -2.08172E-03, -1.89203E-03, -1.72657E-03, -1.58148E-03, -1.45361E-03, -1.34037E-03, -1.23962E-03,
 -1.39939E-03, -1.51485E-03, -1.64215E-03, -1.78270E-03, -1.93809E-03, -2.11008E-03, -2.30065E-03, -2.51196E-03, -2.74633E-03, -3.00615E-03, -3.29379E-03, -3.61126E-03, -3.95979E-03, -4.33895E-03, -4.74526E-03, -5.16977E-03, -5.59414E-03, -5.98405E-03, -6.27864E-03, -6.37373E-03, -6.09603E-03, -5.16566E-03, -3.14650E-03,  6.08128E-04,  6.98909E-03,  1.70891E-02,  3.20012E-02,  5.23887E-02,  7.78711E-02,  1.06457E-01,  1.34392E-01,  1.56746E-01,  1.68770E-01,  1.67629E-01,  1.53580E-01,  1.29848E-01,  1.01297E-01,  7.27526E-02,  4.77724E-02,  2.81495E-02,  1.40986E-02,  4.83487E-03, -8.08820E-04, -3.95817E-03, -5.50746E-03, -6.09005E-03, -6.12190E-03, -5.86189E-03, -5.46436E-03, -5.01772E-03, -4.57025E-03, -4.14651E-03, -3.75746E-03, -3.40649E-03, -3.09299E-03, -2.81439E-03, -2.56732E-03, -2.34822E-03, -2.15369E-03, -1.98062E-03, -1.82624E-03, -1.68813E-03, -1.56420E-03, -1.45265E-03, -1.35193E-03, -1.26072E-03,
 -1.41499E-03, -1.52147E-03, -1.63693E-03, -1.76195E-03, -1.89706E-03, -2.04263E-03, -2.19881E-03, -2.36534E-03, -2.54136E-03, -2.72505E-03, -2.91317E-03, -3.10024E-03, -3.27748E-03, -3.43109E-03, -3.53966E-03, -3.57035E-03, -3.47301E-03, -3.17146E-03, -2.55052E-03, -1.43720E-03,  4.25645E-04,  3.41385E-03,  8.06223E-03,  1.51002E-02,  2.54580E-02,  4.01978E-02,  6.03087E-02,  8.63149E-02,  1.17710E-01,  1.52358E-01,  1.86143E-01,  2.13340E-01,  2.28093E-01,  2.26764E-01,  2.09740E-01,  1.81199E-01,  1.47068E-01,  1.12825E-01,  8.22531E-02,  5.72284E-02,  3.80854E-02,  2.42037E-02,  1.45507E-02,  8.05578E-03,  3.80157E-03,  1.08162E-03, -6.13248E-04, -1.63488E-03, -2.21999E-03, -2.52516E-03, -2.65294E-03, -2.67001E-03, -2.61958E-03, -2.52950E-03, -2.41765E-03, -2.29544E-03, -2.17003E-03, -2.04588E-03, -1.92564E-03, -1.81084E-03, -1.70224E-03, -1.60015E-03, -1.50458E-03, -1.41534E-03, -1.33218E-03, -1.25474E-03,
 -1.40262E-03, -1.49621E-03, -1.59528E-03, -1.69948E-03, -1.80813E-03, -1.92005E-03, -2.03336E-03, -2.14518E-03, -2.25123E-03, -2.34521E-03, -2.41796E-03, -2.45626E-03, -2.44114E-03, -2.34533E-03, -2.12978E-03, -1.73852E-03, -1.09137E-03, -7.35839E-05,  1.47869E-03,  3.79812E-03,  7.21207E-03,  1.21739E-02,  1.92957E-02,  2.93720E-02,  4.33725E-02,  6.23669E-02,  8.73332E-02,  1.18797E-01,  1.56278E-01,  1.97581E-01,  2.38182E-01,  2.71301E-01,  2.89541E-01,  2.88106E-01,  2.67530E-01,  2.33296E-01,  1.92779E-01,  1.52320E-01,  1.15982E-01,  8.56571E-02,  6.16773E-02,  4.34657E-02,  3.00445E-02,  2.03672E-02,  1.34960E-02,  8.66888E-03,  5.30342E-03,  2.97110E-03,  1.36434E-03,  2.65565E-04, -4.77891E-04, -9.72780E-04, -1.29370E-03, -1.49287E-03, -1.60691E-03, -1.66161E-03, -1.67517E-03, -1.66051E-03, -1.62678E-03, -1.58049E-03, -1.52629E-03, -1.46747E-03, -1.40636E-03, -1.34462E-03, -1.28338E-03, -1.22344E-03,
 -1.36389E-03, -1.44117E-03, -1.51993E-03, -1.59882E-03, -1.67589E-03, -1.74832E-03, -1.81214E-03, -1.86180E-03, -1.88955E-03, -1.88459E-03, -1.83200E-03, -1.71106E-03, -1.49308E-03, -1.13828E-03, -5.91498E-04,  2.23846E-04,  1.41398E-03,  3.12610E-03,  5.56356E-03,  9.00555E-03,  1.38317E-02,  2.05501E-02,  2.98245E-02,  4.24915E-02,  5.95482E-02,  8.20821E-02,  1.11097E-01,  1.47181E-01,  1.89942E-01,  2.37200E-01,  2.84099E-01,  3.22882E-01,  3.44627E-01,  3.43337E-01,  3.19642E-01,  2.80285E-01,  2.34028E-01,  1.88023E-01,  1.46595E-01,  1.11641E-01,  8.34645E-02,  6.14910E-02,  4.47656E-02,  3.22554E-02,  2.30114E-02,  1.62359E-02,  1.12952E-02,  7.70370E-03,  5.09817E-03,  3.21101E-03,  1.84684E-03,  8.63683E-04,  1.58536E-04, -3.43359E-04, -6.96364E-04, -9.40123E-04, -1.10364E-03, -1.20822E-03, -1.26956E-03, -1.29925E-03, -1.30593E-03, -1.29599E-03, -1.27420E-03, -1.24413E-03, -1.20844E-03, -1.16912E-03,
 -1.30086E-03, -1.35892E-03, -1.41413E-03, -1.46412E-03, -1.50563E-03, -1.53423E-03, -1.54389E-03, -1.52646E-03, -1.47085E-03, -1.36208E-03, -1.17986E-03, -8.96664E-04, -4.75183E-04,  1.35254E-04,  1.00347E-03,  2.22298E-03,  3.92069E-03,  6.26859E-03,  9.49872E-03,  1.39222E-02,  1.99517E-02,  2.81265E-02,  3.91354E-02,  5.38292E-02,  7.32073E-02,  9.83531E-02,  1.30274E-01,  1.69586E-01,  2.15947E-01,  2.67187E-01,  3.18274E-01,  3.60910E-01,  3.85292E-01,  3.84660E-01,  3.59565E-01,  3.17343E-01,  2.67504E-01,  2.17720E-01,  1.72572E-01,  1.34068E-01,  1.02569E-01,  7.75499E-02,  5.80961E-02,  4.32004E-02,  3.19174E-02,  2.34331E-02,  1.70829E-02,  1.23428E-02,  8.80955E-03,  6.17769E-03,  4.21801E-03,  2.75964E-03,  1.67557E-03,  8.71436E-04,  2.77119E-04, -1.59605E-04, -4.77720E-04, -7.06418E-04, -8.67624E-04, -9.77866E-04, -1.04964E-03, -1.09242E-03, -1.11341E-03, -1.11812E-03, -1.11074E-03, -1.09449E-03,
 -1.21586E-03, -1.25239E-03, -1.28153E-03, -1.29993E-03, -1.30308E-03, -1.28500E-03, -1.23772E-03, -1.15068E-03, -1.00980E-03, -7.96340E-04, -4.85344E-04, -4.34938E-05,  5.73695E-04,  1.42567E-03,  2.59192E-03,  4.17862E-03,  6.32751E-03,  9.22721E-03,  1.31276E-02,  1.83574E-02,  2.53446E-02,  3.46381E-02,  4.69265E-02,  6.30475E-02,  8.39725E-02,  1.10744E-01,  1.44321E-01,  1.85275E-01,  2.33230E-01,  2.85999E-01,  3.38564E-01,  3.82684E-01,  4.08607E-01,  4.09449E-01,  3.85357E-01,  3.43233E-01,  2.92462E-01,  2.40922E-01,  1.93530E-01,  1.52580E-01,  1.18631E-01,  9.12789E-02,  6.96810E-02,  5.28699E-02,  3.99158E-02,  3.00021E-02,  2.24487E-02,  1.67089E-02,  1.23529E-02,  9.04887E-03,  6.54274E-03,  4.64158E-03,  3.19936E-03,  2.10576E-03,  1.27747E-03,  6.51491E-04,  1.80105E-04, -1.72907E-04, -4.35115E-04, -6.27568E-04, -7.66383E-04, -8.63938E-04, -9.29766E-04, -9.71230E-04, -9.94031E-04, -1.00259E-03,
 -1.11150E-03, -1.12474E-03, -1.12603E-03, -1.11106E-03, -1.07416E-03, -1.00793E-03, -9.02693E-04, -7.45751E-04, -5.20451E-04, -2.04912E-04,  2.29651E-04,  8.21148E-04,  1.61955E-03,  2.69078E-03,  4.12175E-03,  6.02702E-03,  8.55728E-03,  1.19101E-02,  1.63433E-02,  2.21909E-02,  2.98809E-02,  3.99542E-02,  5.30799E-02,  7.00610E-02,  9.18182E-02,  1.19327E-01,  1.53473E-01,  1.94753E-01,  2.42757E-01,  2.95360E-01,  3.47810E-01,  3.92393E-01,  4.19908E-01,  4.23432E-01,  4.02175E-01,  3.61894E-01,  3.11504E-01,  2.59146E-01,  2.10244E-01,  1.67503E-01,  1.31716E-01,  1.02600E-01,  7.93695E-02,  6.10822E-02,  4.68199E-02,  3.57663E-02,  2.72342E-02,  2.06645E-02,  1.56121E-02,  1.17281E-02,  8.74189E-03,  6.44515E-03,  4.67792E-03,  3.31777E-03,  2.27108E-03,  1.46619E-03,  8.48183E-04,  3.74923E-04,  1.39885E-05, -2.59627E-04, -4.65259E-04, -6.17904E-04, -7.29222E-04, -8.08302E-04, -8.62251E-04, -8.96637E-04,
 -9.90485E-04, -9.79266E-04, -9.51605E-04, -9.02316E-04, -8.24710E-04, -7.10154E-04, -5.47484E-04, -3.22248E-04, -1.57029E-05,  3.96495E-04,  9.46007E-04,  1.67406E-03,  2.63437E-03,  3.89698E-03,  5.55314E-03,  7.72169E-03,  1.05570E-02,  1.42588E-02,  1.90846E-02,  2.53635E-02,  3.35124E-02,  4.40515E-02,  5.76178E-02,  7.49697E-02,  9.69710E-02,  1.24537E-01,  1.58505E-01,  1.99381E-01,  2.46884E-01,  2.99254E-01,  3.52400E-01,  3.99367E-01,  4.31084E-01,  4.39351E-01,  4.21292E-01,  3.81609E-01,  3.29833E-01,  2.75293E-01,  2.24198E-01,  1.79534E-01,  1.42115E-01,  1.11595E-01,  8.71343E-02,  6.77564E-02,  5.25248E-02,  4.06143E-02,  3.13316E-02,  2.41110E-02,  1.84996E-02,  1.41398E-02,  1.07515E-02,  8.11689E-03,  6.06692E-03,  4.47096E-03,  3.22802E-03,  2.26001E-03,  1.50654E-03,  9.20780E-04,  4.66396E-04,  1.15111E-04, -1.55129E-04, -3.61567E-04, -5.17722E-04, -6.34216E-04, -7.19419E-04, -7.79939E-04,
 -8.55612E-04, -8.19279E-04, -7.62190E-04, -6.78402E-04, -5.60346E-04, -3.98357E-04, -1.80079E-04,  1.10312E-04,  4.93123E-04,  9.94447E-04,  1.64787E-03,  2.49665E-03,  3.59658E-03,  5.01961E-03,  6.85850E-03,  9.23270E-03,  1.22957E-02,  1.62440E-02,  2.13280E-02,  2.78646E-02,  3.62515E-02,  4.69809E-02,  6.06524E-02,  7.79790E-02,  9.97789E-02,  1.26940E-01,  1.60334E-01,  2.00640E-01,  2.48038E-01,  3.01679E-01,  3.58855E-01,  4.13782E-01,  4.56415E-01,  4.73777E-01,  4.57574E-01,  4.12641E-01,  3.53207E-01,  2.92186E-01,  2.36679E-01,  1.89243E-01,  1.50067E-01,  1.18350E-01,  9.29854E-02,  7.28612E-02,  5.69772E-02,  4.44823E-02,  3.46737E-02,  2.69826E-02,  2.09544E-02,  1.62290E-02,  1.25231E-02,  9.61477E-03,  7.33049E-03,  5.53501E-03,  4.12284E-03,  3.01173E-03,  2.13751E-03,  1.45000E-03,  9.09959E-04,  4.86585E-04,  1.55677E-04, -1.01830E-04, -3.00991E-04, -4.53723E-04, -5.69480E-04, -6.55782E-04,
 -7.09645E-04, -6.48026E-04, -5.61598E-04, -4.43784E-04, -2.86292E-04, -7.86479E-05,  1.92404E-04,  5.43668E-04,  9.96488E-04,  1.57801E-03,  2.32283E-03,  3.27506E-03,  4.49102E-03,  6.04259E-03,  8.02156E-03,  1.05449E-02,  1.37615E-02,  1.78603E-02,  2.30796E-02,  2.97190E-02,  3.81516E-02,  4.88378E-02,  6.23385E-02,  7.93262E-02,  1.00590E-01,  1.27031E-01,  1.59640E-01,  1.99453E-01,  2.47464E-01,  3.04438E-01,  3.70337E-01,  4.42313E-01,  5.09308E-01,  5.46141E-01,  5.28210E-01,  4.64227E-01,  3.84906E-01,  3.10592E-01,  2.47733E-01,  1.96556E-01,  1.55518E-01,  1.22837E-01,  9.69063E-02,  7.63791E-02,  6.01534E-02,  4.73397E-02,  3.72251E-02,  2.92416E-02,  2.29385E-02,  1.79592E-02,  1.40228E-02,  1.09082E-02,  8.44151E-03,  6.48620E-03,  4.93505E-03,  3.70379E-03,  2.72615E-03,  1.94994E-03,  1.33400E-03,  8.45803E-04,  4.59598E-04,  1.54957E-04, -8.43626E-05, -2.71303E-04, -4.16202E-04, -5.27331E-04,
 -5.55281E-04, -4.68624E-04, -3.53427E-04, -2.02601E-04, -7.29643E-06,  2.43556E-04,  5.63824E-04,  9.70916E-04,  1.48672E-03,  2.13880E-03,  2.96192E-03,  4.00000E-03,  5.30851E-03,  6.95762E-03,  9.03603E-03,  1.16558E-02,  1.49582E-02,  1.91211E-02,  2.43674E-02,  3.09754E-02,  3.92905E-02,  4.97387E-02,  6.28417E-02,  7.92343E-02,  9.96855E-02,  1.25128E-01,  1.56708E-01,  1.95889E-01,  2.44650E-01,  3.05848E-01,  3.83570E-01,  4.81883E-01,  5.94592E-01,  6.74501E-01,  6.46916E-01,  5.36628E-01,  4.20718E-01,  3.27102E-01,  2.55425E-01,  2.00525E-01,  1.58049E-01,  1.24889E-01,  9.88404E-02,  7.82956E-02,  6.20503E-02,  4.91824E-02,  3.89769E-02,  3.08740E-02,  2.44341E-02,  1.93107E-02,  1.52304E-02,  1.19774E-02,  9.38135E-03,  7.30746E-03,  5.64929E-03,  4.32256E-03,  3.26052E-03,  2.41021E-03,  1.72955E-03,  1.18505E-03,  7.50026E-04,  4.03148E-04,  1.27350E-04, -9.10559E-05, -2.63072E-04, -3.97557E-04,
 -3.95100E-04, -2.84012E-04, -1.41012E-04,  4.13824E-05,  2.72422E-04,  5.63568E-04,  9.29038E-04,  1.38650E-03,  1.95796E-03,  2.67082E-03,  3.55933E-03,  4.66628E-03,  6.04521E-03,  7.76315E-03,  9.90408E-03,  1.25731E-02,  1.59017E-02,  2.00541E-02,  2.52351E-02,  3.16988E-02,  3.97603E-02,  4.98088E-02,  6.23243E-02,  7.79001E-02,  9.72765E-02,  1.21398E-01,  1.51516E-01,  1.89407E-01,  2.37795E-01,  3.01224E-01,  3.87615E-01,  5.09763E-01,  6.76383E-01,  8.23665E-01,  7.76801E-01,  5.98332E-01,  4.43204E-01,  3.33656E-01,  2.56240E-01,  1.99662E-01,  1.57059E-01,  1.24292E-01,  9.87333E-02,  7.86172E-02,  6.26912E-02,  5.00328E-02,  3.99442E-02,  3.18872E-02,  2.54422E-02,  2.02793E-02,  1.61383E-02,  1.28129E-02,  1.01395E-02,  7.98808E-03,  6.25518E-03,  4.85832E-03,  3.73171E-03,  2.82277E-03,  2.08944E-03,  1.49801E-03,  1.02142E-03,  6.37914E-04,  3.29954E-04,  8.33881E-05, -1.13227E-04, -2.69165E-04,
 -2.31534E-04, -9.69212E-05,  7.26020E-05,  2.84799E-04,  5.49182E-04,  8.77423E-04,  1.28386E-03,  1.78615E-03,  2.40601E-03,  3.17027E-03,  4.11205E-03,  5.27231E-03,  6.70177E-03,  8.46325E-03,  1.06347E-02,  1.33128E-02,  1.66174E-02,  2.06974E-02,  2.57370E-02,  3.19645E-02,  3.96619E-02,  4.91784E-02,  6.09468E-02,  7.55084E-02,  9.35511E-02,  1.15976E-01,  1.44021E-01,  1.79494E-01,  2.25243E-01,  2.86056E-01,  3.70259E-01,  4.91292E-01,  6.58839E-01,  8.08983E-01,  7.62473E-01,  5.83407E-01,  4.29519E-01,  3.22187E-01,  2.47186E-01,  1.92853E-01,  1.52170E-01,  1.20959E-01,  9.66112E-02,  7.74042E-02,  6.21386E-02,  4.99438E-02,  4.01672E-02,  3.23090E-02,  2.59800E-02,  2.08744E-02,  1.67500E-02,  1.34140E-02,  1.07128E-02,  8.52332E-03,  6.74714E-03,  5.30514E-03,  4.13379E-03,  3.18193E-03,  2.40836E-03,  1.77980E-03,  1.26937E-03,  8.55304E-04,  5.19936E-04,  2.48926E-04,  3.06024E-05, -1.44547E-04,
 -6.68521E-05,  9.01399E-05,  2.84665E-04,  5.24671E-04,  8.19812E-04,  1.18182E-03,  1.62498E-03,  2.16668E-03,  2.82812E-03,  3.63516E-03,  4.61939E-03,  5.81941E-03,  7.28247E-03,  9.06643E-03,  1.12422E-02,  1.38971E-02,  1.71380E-02,  2.10969E-02,  2.59362E-02,  3.18560E-02,  3.91033E-02,  4.79836E-02,  5.88761E-02,  7.22559E-02,  8.87292E-02,  1.09090E-01,  1.34422E-01,  1.66272E-01,  2.06958E-01,  2.60034E-01,  3.30721E-01,  4.24645E-01,  5.37185E-01,  6.20556E-01,  5.95982E-01,  4.88911E-01,  3.78762E-01,  2.92490E-01,  2.28327E-01,  1.80266E-01,  1.43582E-01,  1.15085E-01,  9.26453E-02,  7.47988E-02,  6.05058E-02,  4.90020E-02,  3.97103E-02,  3.21857E-02,  2.60799E-02,  2.11175E-02,  1.70789E-02,  1.37884E-02,  1.11047E-02,  8.91380E-03,  7.12389E-03,  5.66058E-03,  4.46365E-03,  3.48427E-03,  2.68280E-03,  2.02699E-03,  1.49061E-03,  1.05227E-03,  6.94495E-04,  4.03013E-04,  1.66127E-04, -2.57516E-05,
  9.68528E-05,  2.74887E-04,  4.92713E-04,  7.58386E-04,  1.08160E-03,  1.47405E-03,  1.94981E-03,  2.52586E-03,  3.22267E-03,  4.06493E-03,  5.08242E-03,  6.31109E-03,  7.79431E-03,  9.58450E-03,  1.17451E-02,  1.43530E-02,  1.75015E-02,  2.13047E-02,  2.59017E-02,  3.14634E-02,  3.81995E-02,  4.63689E-02,  5.62915E-02,  6.83656E-02,  8.30919E-02,  1.01111E-01,  1.23258E-01,  1.50647E-01,  1.84757E-01,  2.27434E-01,  2.80411E-01,  3.43117E-01,  4.06471E-01,  4.45563E-01,  4.34217E-01,  3.80121E-01,  3.13330E-01,  2.52665E-01,  2.02973E-01,  1.63454E-01,  1.32129E-01,  1.07174E-01,  8.71662E-02,  7.10305E-02,  5.79571E-02,  4.73270E-02,  3.86605E-02,  3.15803E-02,  2.57868E-02,  2.10401E-02,  1.71468E-02,  1.39505E-02,  1.13242E-02,  9.16477E-03,  7.38801E-03,  5.92535E-03,  4.72076E-03,  3.72845E-03,  2.91093E-03,  2.23749E-03,  1.68295E-03,  1.22664E-03,  8.51540E-04,  5.43676E-04,  2.91512E-04,  8.55354E-05,
  2.57661E-04,  4.55250E-04,  6.94549E-04,  9.83655E-04,  1.33224E-03,  1.75187E-03,  2.25633E-03,  2.86211E-03,  3.58886E-03,  4.46001E-03,  5.50342E-03,  6.75228E-03,  8.24600E-03,  1.00314E-02,  1.21642E-02,  1.47106E-02,  1.77499E-02,  2.13774E-02,  2.57082E-02,  3.08825E-02,  3.70719E-02,  4.44869E-02,  5.33859E-02,  6.40854E-02,  7.69725E-02,  9.25184E-02,  1.11292E-01,  1.33962E-01,  1.61239E-01,  1.93665E-01,  2.30981E-01,  2.70685E-01,  3.05880E-01,  3.25145E-01,  3.19441E-01,  2.91279E-01,  2.51988E-01,  2.11699E-01,  1.75437E-01,  1.44605E-01,  1.19003E-01,  9.79266E-02,  8.06153E-02,  6.63930E-02,  5.46957E-02,  4.50631E-02,  3.71218E-02,  3.05683E-02,  2.51557E-02,  2.06819E-02,  1.69819E-02,  1.39201E-02,  1.13851E-02,  9.28530E-03,  7.54523E-03,  6.10280E-03,  4.90679E-03,  3.91496E-03,  3.09246E-03,  2.41049E-03,  1.84526E-03,  1.37708E-03,  9.89662E-04,  6.69492E-04,  4.05370E-04,  1.87992E-04,
  4.13824E-04,  6.29363E-04,  8.88211E-04,  1.19846E-03,  1.56973E-03,  2.01339E-03,  2.54293E-03,  3.17432E-03,  3.92639E-03,  4.82133E-03,  5.88521E-03,  7.14857E-03,  8.64703E-03,  1.04220E-02,  1.25217E-02,  1.50019E-02,  1.79276E-02,  2.13750E-02,  2.54344E-02,  3.02147E-02,  3.58481E-02,  4.24971E-02,  5.03597E-02,  5.96743E-02,  7.07212E-02,  8.38183E-02,  9.93055E-02,  1.17502E-01,  1.38602E-01,  1.62454E-01,  1.88124E-01,  2.13261E-01,  2.33639E-01,  2.43986E-01,  2.40794E-01,  2.25011E-01,  2.01286E-01,  1.74766E-01,  1.48984E-01,  1.25670E-01,  1.05380E-01,  8.80730E-02,  7.34649E-02,  6.12035E-02,  5.09418E-02,  4.23669E-02,  3.52076E-02,  2.92326E-02,  2.42471E-02,  2.00875E-02,  1.66169E-02,  1.37210E-02,  1.13044E-02,  9.28742E-03,  7.60388E-03,  6.19850E-03,  5.02527E-03,  4.04588E-03,  3.22841E-03,  2.54627E-03,  1.97730E-03,  1.50304E-03,  1.10809E-03,  7.79567E-04,  5.06748E-04,  2.80650E-04,
  5.63755E-04,  7.95544E-04,  1.07195E-03,  1.40103E-03,  1.79230E-03,  2.25697E-03,  2.80822E-03,  3.46155E-03,  4.23506E-03,  5.14988E-03,  6.23054E-03,  7.50529E-03,  9.00651E-03,  1.07709E-02,  1.28397E-02,  1.52591E-02,  1.80802E-02,  2.13600E-02,  2.51635E-02,  2.95667E-02,  3.46620E-02,  4.05639E-02,  4.74145E-02,  5.53841E-02,  6.46655E-02,  7.54579E-02,  8.79367E-02,  1.02199E-01,  1.18169E-01,  1.35437E-01,  1.53042E-01,  1.69261E-01,  1.81642E-01,  1.87619E-01,  1.85659E-01,  1.76169E-01,  1.61248E-01,  1.43557E-01,  1.25316E-01,  1.07946E-01,  9.21674E-02,  7.82346E-02,  6.61431E-02,  5.57616E-02,  4.69089E-02,  3.93933E-02,  3.30315E-02,  2.76574E-02,  2.31240E-02,  1.93038E-02,  1.60867E-02,  1.33791E-02,  1.11011E-02,  9.18517E-03,  7.57408E-03,  6.21964E-03,  5.08120E-03,  4.12454E-03,  3.32089E-03,  2.64604E-03,  2.07966E-03,  1.60464E-03,  1.20661E-03,  8.73485E-04,  5.95092E-04,  3.62876E-04,
  7.06026E-04,  9.52281E-04,  1.24418E-03,  1.58973E-03,  1.99836E-03,  2.48110E-03,  3.05089E-03,  3.72284E-03,  4.51450E-03,  5.44623E-03,  6.54142E-03,  7.82671E-03,  9.33206E-03,  1.10906E-02,  1.31383E-02,  1.55128E-02,  1.82528E-02,  2.13968E-02,  2.49834E-02,  2.90534E-02,  3.36563E-02,  3.88581E-02,  4.47499E-02,  5.14481E-02,  5.90843E-02,  6.77815E-02,  7.76182E-02,  8.85776E-02,  1.00478E-01,  1.12885E-01,  1.25015E-01,  1.35705E-01,  1.43531E-01,  1.47160E-01,  1.45852E-01,  1.39797E-01,  1.30026E-01,  1.17968E-01,  1.04980E-01,  9.20874E-02,  7.99347E-02,  6.88591E-02,  5.89873E-02,  5.03191E-02,  4.27850E-02,  3.62830E-02,  3.06999E-02,  2.59233E-02,  2.18477E-02,  1.83773E-02,  1.54268E-02,  1.29213E-02,  1.07957E-02,  8.99378E-03,  7.46719E-03,  6.17457E-03,  5.08062E-03,  4.15525E-03,  3.37288E-03,  2.71180E-03,  2.15357E-03,  1.68256E-03,  1.28553E-03,  9.51253E-04,  6.70210E-04,  4.34343E-04,
  8.39360E-04,  1.09823E-03,  1.40350E-03,  1.76313E-03,  2.18644E-03,  2.68435E-03,  3.26959E-03,  3.95703E-03,  4.76390E-03,  5.71014E-03,  6.81857E-03,  8.11508E-03,  9.62852E-03,  1.13902E-02,  1.34330E-02,  1.57892E-02,  1.84877E-02,  2.15502E-02,  2.49881E-02,  2.88025E-02,  3.29919E-02,  3.75673E-02,  4.25707E-02,  4.80813E-02,  5.42012E-02,  6.10225E-02,  6.85850E-02,  7.68334E-02,  8.55731E-02,  9.44291E-02,  1.02820E-01,  1.09978E-01,  1.15055E-01,  1.17316E-01,  1.16368E-01,  1.12304E-01,  1.05665E-01,  9.72512E-02,  8.78936E-02,  7.82951E-02,  6.89639E-02,  6.02194E-02,  5.22319E-02,  4.50665E-02,  3.87212E-02,  3.31547E-02,  2.83053E-02,  2.41025E-02,  2.04744E-02,  1.73520E-02,  1.46712E-02,  1.23740E-02,  1.04085E-02,  8.72885E-03,  7.29508E-03,  6.07228E-03,  5.03026E-03,  4.14298E-03,  3.38801E-03,  2.74612E-03,  2.20082E-03,  1.73798E-03,  1.34556E-03,  1.01325E-03,  7.32227E-04,  4.94995E-04,
  9.62630E-04,  1.23218E-03,  1.54864E-03,  1.91989E-03,  2.35517E-03,  2.86528E-03,  3.46286E-03,  4.16265E-03,  4.98181E-03,  5.94025E-03,  7.06091E-03,  8.36994E-03,  9.89669E-03,  1.16731E-02,  1.37326E-02,  1.61066E-02,  1.88200E-02,  2.18827E-02,  2.52797E-02,  2.89646E-02,  3.28663E-02,  3.69191E-02,  4.11080E-02,  4.54945E-02,  5.01943E-02,  5.53194E-02,  6.09201E-02,  6.69479E-02,  7.32344E-02,  7.94822E-02,  8.52712E-02,  9.00918E-02,  9.34193E-02,  9.48225E-02,  9.40750E-02,  9.12203E-02,  8.65559E-02,  8.05458E-02,  7.37060E-02,  6.65098E-02,  5.93344E-02,  5.24472E-02,  4.60165E-02,  4.01324E-02,  3.48285E-02,  3.01012E-02,  2.59238E-02,  2.22565E-02,  1.90534E-02,  1.62671E-02,  1.38512E-02,  1.17619E-02,  9.95887E-03,  8.40564E-03,  7.06964E-03,  5.92196E-03,  4.93719E-03,  4.09310E-03,  3.37030E-03,  2.75198E-03,  2.22356E-03,  1.77243E-03,  1.38775E-03,  1.06014E-03,  7.81534E-04,  5.45012E-04,
  1.07487E-03,  1.35312E-03,  1.67850E-03,  2.05883E-03,  2.50326E-03,  3.02250E-03,  3.62912E-03,  4.33789E-03,  5.16609E-03,  6.13399E-03,  7.26528E-03,  8.58747E-03,  1.01322E-02,  1.19351E-02,  1.40346E-02,  1.64691E-02,  1.92697E-02,  2.24467E-02,  2.59673E-02,  2.97289E-02,  3.35522E-02,  3.72344E-02,  4.06675E-02,  4.39248E-02,  4.72128E-02,  5.07358E-02,  5.45980E-02,  5.87772E-02,  6.31348E-02,  6.74355E-02,  7.13696E-02,  7.45871E-02,  7.67470E-02,  7.75785E-02,  7.69388E-02,  7.48441E-02,  7.14625E-02,  6.70705E-02,  6.19925E-02,  5.65459E-02,  5.10030E-02,  4.55740E-02,  4.04063E-02,  3.55922E-02,  3.11809E-02,  2.71894E-02,  2.36135E-02,  2.04346E-02,  1.76259E-02,  1.51567E-02,  1.29945E-02,  1.11075E-02,  9.46494E-03,  8.03857E-03,  6.80231E-03,  5.73264E-03,  4.80847E-03,  4.01110E-03,  3.32400E-03,  2.73261E-03,  2.22422E-03,  1.78771E-03,  1.41338E-03,  1.09283E-03,  8.18736E-04,  5.84769E-04,
  1.17527E-03,  1.46017E-03,  1.79215E-03,  2.17893E-03,  2.62956E-03,  3.15465E-03,  3.76676E-03,  4.48069E-03,  5.31403E-03,  6.28766E-03,  7.42651E-03,  8.76038E-03,  1.03249E-02,  1.21623E-02,  1.43219E-02,  1.68589E-02,  1.98280E-02,  2.32663E-02,  2.71537E-02,  3.13403E-02,  3.54709E-02,  3.90428E-02,  4.17278E-02,  4.36812E-02,  4.53870E-02,  4.72679E-02,  4.95115E-02,  5.21059E-02,  5.49152E-02,  5.77323E-02,  6.03110E-02,  6.23937E-02,  6.37424E-02,  6.41735E-02,  6.35871E-02,  6.19829E-02,  5.94558E-02,  5.61731E-02,  5.23413E-02,  4.81732E-02,  4.38624E-02,  3.95686E-02,  3.54131E-02,  3.14796E-02,  2.78207E-02,  2.44633E-02,  2.14160E-02,  1.86742E-02,  1.62246E-02,  1.40485E-02,  1.21245E-02,  1.04301E-02,  8.94274E-03,  7.64076E-03,  6.50376E-03,  5.51289E-03,  4.65097E-03,  3.90244E-03,  3.25337E-03,  2.69136E-03,  2.20539E-03,  1.78577E-03,  1.42394E-03,  1.11241E-03,  8.44606E-04,  6.14796E-04,
  1.26319E-03,  1.55266E-03,  1.88886E-03,  2.27938E-03,  2.73311E-03,  3.26057E-03,  3.87424E-03,  4.58898E-03,  5.42264E-03,  6.39684E-03,  7.53794E-03,  8.87851E-03,  1.04592E-02,  1.23312E-02,  1.45599E-02,  1.72278E-02,  2.04365E-02,  2.42967E-02,  2.88825E-02,  3.40873E-02,  3.93223E-02,  4.33488E-02,  4.51446E-02,  4.51864E-02,  4.47944E-02,  4.48169E-02,  4.54734E-02,  4.66726E-02,  4.82184E-02,  4.98879E-02,  5.14576E-02,  5.27176E-02,  5.34864E-02,  5.36274E-02,  5.30632E-02,  5.17824E-02,  4.98368E-02,  4.73278E-02,  4.43875E-02,  4.11588E-02,  3.77782E-02,  3.43647E-02,  3.10142E-02,  2.77981E-02,  2.47658E-02,  2.19474E-02,  1.93581E-02,  1.70017E-02,  1.48737E-02,  1.29644E-02,  1.12603E-02,  9.74626E-03,  8.40613E-03,  7.22379E-03,  6.18357E-03,  5.27062E-03,  4.47111E-03,  3.77230E-03,  3.16260E-03,  2.63153E-03,  2.16969E-03,  1.76867E-03,  1.42100E-03,  1.12008E-03,  8.60040E-04,  6.35744E-04,
  1.33821E-03,  1.63013E-03,  1.96813E-03,  2.35959E-03,  2.81322E-03,  3.33935E-03,  3.95030E-03,  4.66088E-03,  5.48908E-03,  6.45705E-03,  7.59240E-03,  8.93025E-03,  1.05162E-02,  1.24110E-02,  1.46976E-02,  1.74932E-02,  2.09661E-02,  2.53581E-02,  3.09886E-02,  3.81162E-02,  4.61983E-02,  5.22421E-02,  5.25022E-02,  4.88622E-02,  4.52878E-02,  4.31068E-02,  4.21994E-02,  4.21810E-02,  4.27044E-02,  4.34887E-02,  4.43044E-02,  4.49623E-02,  4.53107E-02,  4.52389E-02,  4.46811E-02,  4.36188E-02,  4.20770E-02,  4.01164E-02,  3.78214E-02,  3.52878E-02,  3.26114E-02,  2.98797E-02,  2.71668E-02,  2.45313E-02,  2.20165E-02,  1.96517E-02,  1.74547E-02,  1.54339E-02,  1.35905E-02,  1.19206E-02,  1.04168E-02,  9.06916E-03,  7.86667E-03,  6.79760E-03,  5.85017E-03,  5.01289E-03,  4.27478E-03,  3.62555E-03,  3.05566E-03,  2.55636E-03,  2.11969E-03,  1.73846E-03,  1.40619E-03,  1.11709E-03,  8.66008E-04,  6.48345E-04,
  1.40007E-03,  1.69234E-03,  2.02971E-03,  2.41930E-03,  2.86956E-03,  3.39052E-03,  3.99418E-03,  4.69513E-03,  5.51119E-03,  6.46461E-03,  7.58360E-03,  8.90484E-03,  1.04773E-02,  1.23688E-02,  1.46770E-02,  1.75491E-02,  2.12195E-02,  2.60826E-02,  3.28314E-02,  4.26455E-02,  5.66164E-02,  6.93308E-02,  6.56393E-02,  5.41260E-02,  4.60590E-02,  4.15819E-02,  3.93087E-02,  3.83193E-02,  3.80633E-02,  3.81893E-02,  3.84533E-02,  3.86754E-02,  3.87212E-02,  3.84952E-02,  3.79387E-02,  3.70286E-02,  3.57733E-02,  3.42078E-02,  3.23856E-02,  3.03706E-02,  2.82299E-02,  2.60270E-02,  2.38184E-02,  2.16509E-02,  1.95609E-02,  1.75751E-02,  1.57114E-02,  1.39802E-02,  1.23860E-02,  1.09287E-02,  9.60505E-03,  8.40915E-03,  7.33370E-03,  6.37046E-03,  5.51077E-03,  4.74588E-03,  4.06722E-03,  3.46659E-03,  2.93621E-03,  2.46887E-03,  2.05789E-03,  1.69715E-03,  1.38111E-03,  1.10475E-03,  8.63522E-04,  6.53384E-04,
  1.44874E-03,  1.73932E-03,  2.07366E-03,  2.45861E-03,  2.90222E-03,  3.41411E-03,  4.00581E-03,  4.69136E-03,  5.48804E-03,  6.41756E-03,  7.50770E-03,  8.79501E-03,  1.03291E-02,  1.21797E-02,  1.44496E-02,  1.72989E-02,  2.09922E-02,  2.60032E-02,  3.32548E-02,  4.46897E-02,  6.39697E-02,  8.66975E-02,  7.67456E-02,  5.66345E-02,  4.53457E-02,  3.94901E-02,  3.64041E-02,  3.48054E-02,  3.40348E-02,  3.37124E-02,  3.35947E-02,  3.35133E-02,  3.33482E-02,  3.30155E-02,  3.24623E-02,  3.16629E-02,  3.06161E-02,  2.93405E-02,  2.78692E-02,  2.62449E-02,  2.45140E-02,  2.27226E-02,  2.09132E-02,  1.91223E-02,  1.73799E-02,  1.57092E-02,  1.41268E-02,  1.26436E-02,  1.12659E-02,  9.99587E-03,  8.83285E-03,  7.77389E-03,  6.81448E-03,  5.94902E-03,  5.17132E-03,  4.47484E-03,  3.85299E-03,  3.29932E-03,  2.80757E-03,  2.37184E-03,  1.98659E-03,  1.64667E-03,  1.34735E-03,  1.08431E-03,  8.53603E-04,  6.51670E-04,
  1.48441E-03,  1.77131E-03,  2.10035E-03,  2.47797E-03,  2.91178E-03,  3.41081E-03,  3.98594E-03,  4.65035E-03,  5.42032E-03,  6.31630E-03,  7.36446E-03,  8.59923E-03,  1.00673E-02,  1.18342E-02,  1.39957E-02,  1.66994E-02,  2.01843E-02,  2.48625E-02,  3.14841E-02,  4.14130E-02,  5.62658E-02,  7.04946E-02,  6.51659E-02,  5.12558E-02,  4.18099E-02,  3.63629E-02,  3.32422E-02,  3.14507E-02,  3.04306E-02,  2.98497E-02,  2.94939E-02,  2.92167E-02,  2.89143E-02,  2.85146E-02,  2.79705E-02,  2.72567E-02,  2.63662E-02,  2.53075E-02,  2.41007E-02,  2.27738E-02,  2.13589E-02,  1.98892E-02,  1.83963E-02,  1.69087E-02,  1.54503E-02,  1.40408E-02,  1.26949E-02,  1.14232E-02,  1.02323E-02,  9.12595E-03,  8.10510E-03,  7.16875E-03,  6.31441E-03,  5.53847E-03,  4.83663E-03,  4.20412E-03,  3.63597E-03,  3.12714E-03,  2.67268E-03,  2.26780E-03,  1.90793E-03,  1.58880E-03,  1.30639E-03,  1.05701E-03,  8.37253E-04,  6.44014E-04,
  1.50745E-03,  1.78883E-03,  2.11043E-03,  2.47824E-03,  2.89929E-03,  3.38195E-03,  3.93619E-03,  4.57411E-03,  5.31054E-03,  6.16396E-03,  7.15786E-03,  8.32277E-03,  9.69934E-03,  1.13433E-02,  1.33336E-02,  1.57850E-02,  1.88697E-02,  2.28473E-02,  2.80875E-02,  3.49603E-02,  4.30328E-02,  4.88609E-02,  4.76657E-02,  4.18922E-02,  3.63623E-02,  3.24257E-02,  2.98451E-02,  2.81943E-02,  2.71423E-02,  2.64582E-02,  2.59802E-02,  2.55926E-02,  2.52116E-02,  2.47776E-02,  2.42507E-02,  2.36072E-02,  2.28379E-02,  2.19454E-02,  2.09411E-02,  1.98434E-02,  1.86743E-02,  1.74577E-02,  1.62169E-02,  1.49738E-02,  1.37475E-02,  1.25542E-02,  1.14067E-02,  1.03144E-02,  9.28424E-03,  8.32024E-03,  7.42446E-03,  6.59717E-03,  5.83728E-03,  5.14267E-03,  4.51045E-03,  3.93725E-03,  3.41936E-03,  2.95294E-03,  2.53408E-03,  2.15896E-03,  1.82384E-03,  1.52518E-03,  1.25961E-03,  1.02401E-03,  8.15437E-04,  6.31208E-04,
  1.51845E-03,  1.79264E-03,  2.10487E-03,  2.46062E-03,  2.86630E-03,  3.32946E-03,  3.85907E-03,  4.46586E-03,  5.16289E-03,  5.96619E-03,  6.89578E-03,  7.97702E-03,  9.24269E-03,  1.07357E-02,  1.25131E-02,  1.46506E-02,  1.72464E-02,  2.04151E-02,  2.42457E-02,  2.86467E-02,  3.29817E-02,  3.57867E-02,  3.57881E-02,  3.35793E-02,  3.07586E-02,  2.82915E-02,  2.64183E-02,  2.50750E-02,  2.41277E-02,  2.34488E-02,  2.29334E-02,  2.24997E-02,  2.20849E-02,  2.16428E-02,  2.11408E-02,  2.05587E-02,  1.98869E-02,  1.91247E-02,  1.82783E-02,  1.73596E-02,  1.63836E-02,  1.53674E-02,  1.43284E-02,  1.32833E-02,  1.22470E-02,  1.12328E-02,  1.02514E-02,  9.31124E-03,  8.41871E-03,  7.57804E-03,  6.79179E-03,  6.06100E-03,  5.38555E-03,  4.76435E-03,  4.19560E-03,  3.67698E-03,  3.20579E-03,  2.77912E-03,  2.39396E-03,  2.04726E-03,  1.73601E-03,  1.45728E-03,  1.20829E-03,  9.86384E-04,  7.89065E-04,  6.14013E-04,
  1.51816E-03,  1.78368E-03,  2.08487E-03,  2.42665E-03,  2.81474E-03,  3.25583E-03,  3.75774E-03,  4.32975E-03,  4.98293E-03,  5.73058E-03,  6.58889E-03,  7.57764E-03,  8.72118E-03,  1.00494E-02,  1.15983E-02,  1.34094E-02,  1.55241E-02,  1.79671E-02,  2.07042E-02,  2.35587E-02,  2.61137E-02,  2.77609E-02,  2.80875E-02,  2.72705E-02,  2.58860E-02,  2.44379E-02,  2.31765E-02,  2.21656E-02,  2.13809E-02,  2.07686E-02,  2.02706E-02,  1.98351E-02,  1.94188E-02,  1.89879E-02,  1.85175E-02,  1.79913E-02,  1.74005E-02,  1.67429E-02,  1.60219E-02,  1.52449E-02,  1.44224E-02,  1.35664E-02,  1.26900E-02,  1.18057E-02,  1.09254E-02,  1.00596E-02,  9.21744E-03,  8.40611E-03,  7.63134E-03,  6.89726E-03,  6.20660E-03,  5.56088E-03,  4.96056E-03,  4.40531E-03,  3.89410E-03,  3.42539E-03,  2.99728E-03,  2.60763E-03,  2.25412E-03,  1.93435E-03,  1.64591E-03,  1.38642E-03,  1.15357E-03,  9.45124E-04,  7.58980E-04,  5.93143E-04,
  1.50748E-03,  1.76308E-03,  2.05183E-03,  2.37808E-03,  2.74685E-03,  3.16389E-03,  3.63588E-03,  4.17058E-03,  4.77703E-03,  5.46581E-03,  6.24930E-03,  7.14194E-03,  8.16035E-03,  9.32309E-03,  1.06496E-02,  1.21568E-02,  1.38524E-02,  1.57199E-02,  1.76940E-02,  1.96289E-02,  2.12867E-02,  2.23962E-02,  2.27967E-02,  2.25503E-02,  2.18892E-02,  2.10648E-02,  2.02488E-02,  1.95225E-02,  1.89054E-02,  1.83846E-02,  1.79339E-02,  1.75238E-02,  1.71271E-02,  1.67205E-02,  1.62863E-02,  1.58120E-02,  1.52904E-02,  1.47190E-02,  1.40994E-02,  1.34363E-02,  1.27370E-02,  1.20103E-02,  1.12657E-02,  1.05129E-02,  9.76105E-03,  9.01873E-03,  8.29332E-03,  7.59106E-03,  6.91696E-03,  6.27486E-03,  5.66746E-03,  5.09649E-03,  4.56281E-03,  4.06655E-03,  3.60725E-03,  3.18398E-03,  2.79542E-03,  2.44003E-03,  2.11604E-03,  1.82161E-03,  1.55482E-03,  1.31373E-03,  1.09645E-03,  9.01117E-04,  7.25954E-04,  5.69264E-04,
  1.48739E-03,  1.73208E-03,  2.00731E-03,  2.31686E-03,  2.66505E-03,  3.05673E-03,  3.49743E-03,  3.99344E-03,  4.55188E-03,  5.18077E-03,  5.88908E-03,  6.68660E-03,  7.58360E-03,  8.59001E-03,  9.71366E-03,  1.09570E-02,  1.23111E-02,  1.37468E-02,  1.52030E-02,  1.65786E-02,  1.77392E-02,  1.85529E-02,  1.89472E-02,  1.89458E-02,  1.86520E-02,  1.81940E-02,  1.76777E-02,  1.71693E-02,  1.66987E-02,  1.62717E-02,  1.58800E-02,  1.55095E-02,  1.51445E-02,  1.47703E-02,  1.43747E-02,  1.39490E-02,  1.34876E-02,  1.29884E-02,  1.24522E-02,  1.18820E-02,  1.12829E-02,  1.06614E-02,  1.00246E-02,  9.37985E-03,  8.73439E-03,  8.09502E-03,  7.46781E-03,  6.85802E-03,  6.27001E-03,  5.70722E-03,  5.17224E-03,  4.66685E-03,  4.19211E-03,  3.74847E-03,  3.33586E-03,  2.95376E-03,  2.60134E-03,  2.27748E-03,  1.98091E-03,  1.71018E-03,  1.46379E-03,  1.24019E-03,  1.03782E-03,  8.55150E-04,  6.90684E-04,  5.42981E-04,
  1.45897E-03,  1.69199E-03,  1.95292E-03,  2.24500E-03,  2.57185E-03,  2.93747E-03,  3.34633E-03,  3.80336E-03,  4.31393E-03,  4.88386E-03,  5.51922E-03,  6.22609E-03,  7.00997E-03,  7.87483E-03,  8.82141E-03,  9.84460E-03,  1.09296E-02,  1.20471E-02,  1.31492E-02,  1.41688E-02,  1.50279E-02,  1.56570E-02,  1.60189E-02,  1.61230E-02,  1.60187E-02,  1.57739E-02,  1.54526E-02,  1.51016E-02,  1.47489E-02,  1.44061E-02,  1.40744E-02,  1.37487E-02,  1.34209E-02,  1.30827E-02,  1.27263E-02,  1.23458E-02,  1.19376E-02,  1.15000E-02,  1.10333E-02,  1.05398E-02,  1.00233E-02,  9.48827E-03,  8.94026E-03,  8.38493E-03,  7.82796E-03,  7.27479E-03,  6.73038E-03,  6.19914E-03,  5.68481E-03,  5.19045E-03,  4.71843E-03,  4.27049E-03,  3.84780E-03,  3.45098E-03,  3.08023E-03,  2.73534E-03,  2.41581E-03,  2.12088E-03,  1.84963E-03,  1.60096E-03,  1.37370E-03,  1.16661E-03,  9.78440E-04,  8.07915E-04,  6.53789E-04,  5.14845E-04,
  1.42332E-03,  1.64416E-03,  1.89032E-03,  2.16451E-03,  2.46971E-03,  2.80916E-03,  3.18635E-03,  3.60502E-03,  4.06906E-03,  4.58243E-03,  5.14895E-03,  5.77188E-03,  6.45344E-03,  7.19383E-03,  7.98996E-03,  8.83364E-03,  9.70936E-03,  1.05922E-02,  1.14466E-02,  1.22283E-02,  1.28904E-02,  1.33933E-02,  1.37160E-02,  1.38618E-02,  1.38558E-02,  1.37352E-02,  1.35388E-02,  1.32984E-02,  1.30361E-02,  1.27642E-02,  1.24877E-02,  1.22063E-02,  1.19169E-02,  1.16152E-02,  1.12968E-02,  1.09583E-02,  1.05973E-02,  1.02126E-02,  9.80483E-03,  9.37554E-03,  8.92752E-03,  8.46433E-03,  7.99011E-03,  7.50928E-03,  7.02635E-03,  6.54567E-03,  6.07132E-03,  5.60697E-03,  5.15581E-03,  4.72052E-03,  4.30325E-03,  3.90564E-03,  3.52886E-03,  3.17364E-03,  2.84035E-03,  2.52899E-03,  2.23932E-03,  1.97084E-03,  1.72289E-03,  1.49466E-03,  1.28526E-03,  1.09369E-03,  9.18958E-04,  7.60010E-04,  6.15814E-04,  4.85344E-04,
  1.38156E-03,  1.58992E-03,  1.82110E-03,  2.07732E-03,  2.36098E-03,  2.67463E-03,  3.02093E-03,  3.40259E-03,  3.82230E-03,  4.28257E-03,  4.78549E-03,  5.33238E-03,  5.92331E-03,  6.55634E-03,  7.22666E-03,  7.92541E-03,  8.63860E-03,  9.34629E-03,  1.00228E-02,  1.06385E-02,  1.11638E-02,  1.15750E-02,  1.18588E-02,  1.20162E-02,  1.20601E-02,  1.20119E-02,  1.18952E-02,  1.17313E-02,  1.15367E-02,  1.13221E-02,  1.10935E-02,  1.08530E-02,  1.06003E-02,  1.03338E-02,  1.00514E-02,  9.75129E-03,  9.43214E-03,  9.09356E-03,  8.73605E-03,  8.36099E-03,  7.97054E-03,  7.56748E-03,  7.15503E-03,  6.73670E-03,  6.31607E-03,  5.89665E-03,  5.48181E-03,  5.07459E-03,  4.67771E-03,  4.29349E-03,  3.92386E-03,  3.57033E-03,  3.23404E-03,  2.91576E-03,  2.61594E-03,  2.33475E-03,  2.07211E-03,  1.82774E-03,  1.60117E-03,  1.39183E-03,  1.19903E-03,  1.02199E-03,  8.59913E-04,  7.11945E-04,  5.77230E-04,  4.54911E-04,
  1.33475E-03,  1.53056E-03,  1.74679E-03,  1.98524E-03,  2.24781E-03,  2.53644E-03,  2.85308E-03,  3.19963E-03,  3.57781E-03,  3.98904E-03,  4.43417E-03,  4.91324E-03,  5.42503E-03,  5.96658E-03,  6.53253E-03,  7.11458E-03,  7.70089E-03,  8.27597E-03,  8.82125E-03,  9.31652E-03,  9.74247E-03,  1.00838E-02,  1.03319E-02,  1.04863E-02,  1.05541E-02,  1.05477E-02,  1.04818E-02,  1.03706E-02,  1.02259E-02,  1.00566E-02,  9.86830E-03,  9.66405E-03,  9.44502E-03,  9.21117E-03,  8.96189E-03,  8.69651E-03,  8.41460E-03,  8.11622E-03,  7.80201E-03,  7.47317E-03,  7.13149E-03,  6.77920E-03,  6.41888E-03,  6.05331E-03,  5.68541E-03,  5.31802E-03,  4.95392E-03,  4.59565E-03,  4.24553E-03,  3.90556E-03,  3.57744E-03,  3.26255E-03,  2.96197E-03,  2.67646E-03,  2.40653E-03,  2.15244E-03,  1.91425E-03,  1.69180E-03,  1.48481E-03,  1.29286E-03,  1.11544E-03,  9.51948E-04,  8.01746E-04,  6.64147E-04,  5.38443E-04,  4.23922E-04,
  1.28391E-03,  1.46727E-03,  1.66879E-03,  1.88991E-03,  2.13210E-03,  2.39678E-03,  2.68534E-03,  2.99902E-03,  3.33882E-03,  3.70533E-03,  4.09860E-03,  4.51786E-03,  4.96121E-03,  5.42531E-03,  5.90495E-03,  6.39281E-03,  6.87921E-03,  7.35225E-03,  7.79838E-03,  8.20349E-03,  8.55449E-03,  8.84109E-03,  9.05731E-03,  9.20220E-03,  9.27956E-03,  9.29675E-03,  9.26305E-03,  9.18798E-03,  9.08005E-03,  8.94609E-03,  8.79103E-03,  8.61805E-03,  8.42896E-03,  8.22461E-03,  8.00530E-03,  7.77113E-03,  7.52224E-03,  7.25906E-03,  6.98232E-03,  6.69317E-03,  6.39312E-03,  6.08402E-03,  5.76797E-03,  5.44725E-03,  5.12422E-03,  4.80124E-03,  4.48059E-03,  4.16442E-03,  3.85469E-03,  3.55313E-03,  3.26124E-03,  2.98026E-03,  2.71118E-03,  2.45475E-03,  2.21151E-03,  1.98175E-03,  1.76562E-03,  1.56309E-03,  1.37398E-03,  1.19801E-03,  1.03481E-03,  8.83911E-04,  7.44817E-04,  6.16972E-04,  4.99798E-04,  3.92701E-04,
  1.23001E-03,  1.40114E-03,  1.58837E-03,  1.79279E-03,  2.01550E-03,  2.25753E-03,  2.51981E-03,  2.80305E-03,  3.10772E-03,  3.43388E-03,  3.78102E-03,  4.14793E-03,  4.53242E-03,  4.93115E-03,  5.33939E-03,  5.75087E-03,  6.15782E-03,  6.55108E-03,  6.92067E-03,  7.25648E-03,  7.54936E-03,  7.79211E-03,  7.98037E-03,  8.11302E-03,  8.19206E-03,  8.22191E-03,  8.20852E-03,  8.15830E-03,  8.07733E-03,  7.97082E-03,  7.84286E-03,  7.69642E-03,  7.53349E-03,  7.35535E-03,  7.16280E-03,  6.95642E-03,  6.73674E-03,  6.50440E-03,  6.26024E-03,  6.00535E-03,  5.74106E-03,  5.46895E-03,  5.19076E-03,  4.90838E-03,  4.62375E-03,  4.33885E-03,  4.05557E-03,  3.77573E-03,  3.50100E-03,  3.23287E-03,  2.97265E-03,  2.72147E-03,  2.48021E-03,  2.24961E-03,  2.03017E-03,  1.82225E-03,  1.62603E-03,  1.44156E-03,  1.26876E-03,  1.10745E-03,  9.57360E-04,  8.18144E-04,  6.89407E-04,  5.70709E-04,  4.61579E-04,  3.61526E-04,
  1.17390E-03,  1.33318E-03,  1.50664E-03,  1.69512E-03,  1.89942E-03,  2.12022E-03,  2.35810E-03,  2.61341E-03,  2.88621E-03,  3.17621E-03,  3.48259E-03,  3.80390E-03,  4.13792E-03,  4.48151E-03,  4.83051E-03,  5.17968E-03,  5.52279E-03,  5.85277E-03,  6.16215E-03,  6.44356E-03,  6.69037E-03,  6.89739E-03,  7.06133E-03,  7.18106E-03,  7.25755E-03,  7.29349E-03,  7.29270E-03,  7.25956E-03,  7.19841E-03,  7.11319E-03,  7.00721E-03,  6.88306E-03,  6.74270E-03,  6.58756E-03,  6.41867E-03,  6.23689E-03,  6.04296E-03,  5.83768E-03,  5.62193E-03,  5.39676E-03,  5.16336E-03,  4.92310E-03,  4.67746E-03,  4.42803E-03,  4.17644E-03,  3.92434E-03,  3.67334E-03,  3.42497E-03,  3.18065E-03,  2.94169E-03,  2.70923E-03,  2.48427E-03,  2.26762E-03,  2.05996E-03,  1.86178E-03,  1.67345E-03,  1.49519E-03,  1.32709E-03,  1.16915E-03,  1.02126E-03,  8.83242E-04,  7.54834E-04,  6.35733E-04,  5.25589E-04,  4.24022E-04,  3.30628E-04,
  1.11637E-03,  1.26424E-03,  1.42457E-03,  1.59797E-03,  1.78498E-03,  1.98605E-03,  2.20146E-03,  2.43130E-03,  2.67538E-03,  2.93316E-03,  3.20366E-03,  3.48537E-03,  3.77616E-03,  4.07318E-03,  4.37285E-03,  4.67083E-03,  4.96213E-03,  5.24125E-03,  5.50252E-03,  5.74044E-03,  5.95011E-03,  6.12766E-03,  6.27053E-03,  6.37767E-03,  6.44947E-03,  6.48753E-03,  6.49436E-03,  6.47294E-03,  6.42641E-03,  6.35773E-03,  6.26953E-03,  6.16402E-03,  6.04299E-03,  5.90785E-03,  5.75974E-03,  5.59962E-03,  5.42836E-03,  5.24681E-03,  5.05588E-03,  4.85657E-03,  4.64997E-03,  4.43727E-03,  4.21977E-03,  3.99880E-03,  3.77577E-03,  3.55206E-03,  3.32905E-03,  3.10803E-03,  2.89024E-03,  2.67679E-03,  2.46871E-03,  2.26687E-03,  2.07200E-03,  1.88474E-03,  1.70556E-03,  1.53481E-03,  1.37274E-03,  1.21948E-03,  1.07507E-03,  9.39459E-04,  8.12534E-04,  6.94110E-04,  5.83954E-04,  4.81792E-04,  3.87318E-04,  3.00202E-04,
  1.05808E-03,  1.19509E-03,  1.34298E-03,  1.50220E-03,  1.67311E-03,  1.85594E-03,  2.05079E-03,  2.25754E-03,  2.47584E-03,  2.70502E-03,  2.94403E-03,  3.19139E-03,  3.44513E-03,  3.70273E-03,  3.96114E-03,  4.21678E-03,  4.46563E-03,  4.70339E-03,  4.92568E-03,  5.12833E-03,  5.30764E-03,  5.46062E-03,  5.58529E-03,  5.68066E-03,  5.74680E-03,  5.78465E-03,  5.79585E-03,  5.78247E-03,  5.74676E-03,  5.69097E-03,  5.61716E-03,  5.52720E-03,  5.42264E-03,  5.30481E-03,  5.17485E-03,  5.03374E-03,  4.88238E-03,  4.72165E-03,  4.55245E-03,  4.37572E-03,  4.19245E-03,  4.00371E-03,  3.81063E-03,  3.61437E-03,  3.41612E-03,  3.21709E-03,  3.01843E-03,  2.82127E-03,  2.62668E-03,  2.43562E-03,  2.24899E-03,  2.06757E-03,  1.89203E-03,  1.72293E-03,  1.56073E-03,  1.40577E-03,  1.25830E-03,  1.11848E-03,  9.86379E-04,  8.61995E-04,  7.45260E-04,  6.36047E-04,  5.34183E-04,  4.39455E-04,  3.51619E-04,  2.70404E-04,
  9.99650E-04,  1.12634E-03,  1.26253E-03,  1.40852E-03,  1.56450E-03,  1.73057E-03,  1.90668E-03,  2.09259E-03,  2.28783E-03,  2.49168E-03,  2.70310E-03,  2.92067E-03,  3.14262E-03,  3.36676E-03,  3.59050E-03,  3.81087E-03,  4.02464E-03,  4.22841E-03,  4.41876E-03,  4.59245E-03,  4.74663E-03,  4.87900E-03,  4.98793E-03,  5.07255E-03,  5.13274E-03,  5.16904E-03,  5.18252E-03,  5.17461E-03,  5.14696E-03,  5.10125E-03,  5.03913E-03,  4.96212E-03,  4.87157E-03,  4.76868E-03,  4.65452E-03,  4.53004E-03,  4.39615E-03,  4.25369E-03,  4.10352E-03,  3.94654E-03,  3.78365E-03,  3.61581E-03,  3.44402E-03,  3.26928E-03,  3.09264E-03,  2.91513E-03,  2.73775E-03,  2.56147E-03,  2.38723E-03,  2.21587E-03,  2.04817E-03,  1.88483E-03,  1.72645E-03,  1.57354E-03,  1.42654E-03,  1.28576E-03,  1.15147E-03,  1.02382E-03,  9.02919E-04,  7.88790E-04,  6.81404E-04,  5.80680E-04,  4.86491E-04,  3.98675E-04,  3.17038E-04,  2.41362E-04,
  9.41562E-04,  1.05853E-03,  1.18377E-03,  1.31746E-03,  1.45968E-03,  1.61041E-03,  1.76952E-03,  1.93666E-03,  2.11133E-03,  2.29279E-03,  2.48003E-03,  2.67175E-03,  2.86638E-03,  3.06201E-03,  3.25646E-03,  3.44727E-03,  3.63183E-03,  3.80740E-03,  3.97130E-03,  4.12098E-03,  4.25419E-03,  4.36913E-03,  4.46445E-03,  4.53939E-03,  4.59373E-03,  4.62776E-03,  4.64216E-03,  4.63795E-03,  4.61632E-03,  4.57855E-03,  4.52594E-03,  4.45974E-03,  4.38109E-03,  4.29107E-03,  4.19064E-03,  4.08071E-03,  3.96211E-03,  3.83568E-03,  3.70222E-03,  3.56255E-03,  3.41751E-03,  3.26796E-03,  3.11478E-03,  2.95887E-03,  2.80113E-03,  2.64245E-03,  2.48373E-03,  2.32579E-03,  2.16945E-03,  2.01546E-03,  1.86450E-03,  1.71719E-03,  1.57408E-03,  1.43563E-03,  1.30224E-03,  1.17422E-03,  1.05182E-03,  9.35204E-04,  8.24490E-04,  7.19727E-04,  6.20916E-04,  5.28008E-04,  4.40917E-04,  3.59520E-04,  2.83664E-04,  2.13176E-04,
  8.84239E-04,  9.92093E-04,  1.10713E-03,  1.22943E-03,  1.35900E-03,  1.49575E-03,  1.63946E-03,  1.78976E-03,  1.94611E-03,  2.10778E-03,  2.27384E-03,  2.44311E-03,  2.61419E-03,  2.78545E-03,  2.95504E-03,  3.12092E-03,  3.28097E-03,  3.43297E-03,  3.57477E-03,  3.70436E-03,  3.81994E-03,  3.92004E-03,  4.00359E-03,  4.06989E-03,  4.11869E-03,  4.15010E-03,  4.16458E-03,  4.16282E-03,  4.14571E-03,  4.11423E-03,  4.06940E-03,  4.01223E-03,  3.94371E-03,  3.86477E-03,  3.77626E-03,  3.67902E-03,  3.57384E-03,  3.46147E-03,  3.34268E-03,  3.21821E-03,  3.08884E-03,  2.95534E-03,  2.81849E-03,  2.67909E-03,  2.53794E-03,  2.39581E-03,  2.25348E-03,  2.11170E-03,  1.97115E-03,  1.83252E-03,  1.69640E-03,  1.56334E-03,  1.43384E-03,  1.30832E-03,  1.18714E-03,  1.07060E-03,  9.58940E-04,  8.52325E-04,  7.50879E-04,  6.54670E-04,  5.63719E-04,  4.78006E-04,  3.97472E-04,  3.22028E-04,  2.51558E-04,  1.85920E-04,
  8.28026E-04,  9.27365E-04,  1.03293E-03,  1.14473E-03,  1.26272E-03,  1.38675E-03,  1.51655E-03,  1.65174E-03,  1.79178E-03,  1.93598E-03,  2.08347E-03,  2.23320E-03,  2.38395E-03,  2.53430E-03,  2.68269E-03,  2.82744E-03,  2.96678E-03,  3.09892E-03,  3.22213E-03,  3.33478E-03,  3.43542E-03,  3.52286E-03,  3.59620E-03,  3.65483E-03,  3.69848E-03,  3.72718E-03,  3.74120E-03,  3.74103E-03,  3.72734E-03,  3.70087E-03,  3.66242E-03,  3.61284E-03,  3.55295E-03,  3.48354E-03,  3.40538E-03,  3.31923E-03,  3.22580E-03,  3.12578E-03,  3.01988E-03,  2.90879E-03,  2.79320E-03,  2.67382E-03,  2.55134E-03,  2.42647E-03,  2.29991E-03,  2.17236E-03,  2.04450E-03,  1.91697E-03,  1.79040E-03,  1.66538E-03,  1.54244E-03,  1.42207E-03,  1.30472E-03,  1.19078E-03,  1.08057E-03,  9.74376E-04,  8.72419E-04,  7.74874E-04,  6.81863E-04,  5.93465E-04,  5.09719E-04,  4.30623E-04,  3.56144E-04,  2.86218E-04,  2.20757E-04,  1.59651E-04,
  7.73197E-04,  8.64609E-04,  9.61407E-04,  1.06356E-03,  1.17097E-03,  1.28345E-03,  1.40071E-03,  1.52236E-03,  1.64789E-03,  1.77665E-03,  1.90785E-03,  2.04055E-03,  2.17367E-03,  2.30602E-03,  2.43626E-03,  2.56299E-03,  2.68474E-03,  2.80006E-03,  2.90752E-03,  3.00579E-03,  3.09371E-03,  3.17028E-03,  3.23475E-03,  3.28659E-03,  3.32554E-03,  3.35156E-03,  3.36481E-03,  3.36564E-03,  3.35454E-03,  3.33208E-03,  3.29891E-03,  3.25572E-03,  3.20318E-03,  3.14199E-03,  3.07283E-03,  2.99636E-03,  2.91323E-03,  2.82407E-03,  2.72952E-03,  2.63021E-03,  2.52677E-03,  2.41982E-03,  2.31001E-03,  2.19796E-03,  2.08429E-03,  1.96962E-03,  1.85454E-03,  1.73964E-03,  1.62546E-03,  1.51253E-03,  1.40132E-03,  1.29228E-03,  1.18580E-03,  1.08224E-03,  9.81896E-04,  8.85031E-04,  7.91857E-04,  7.02541E-04,  6.17210E-04,  5.35948E-04,  4.58805E-04,  3.85796E-04,  3.16904E-04,  2.52090E-04,  1.91285E-04,  1.34406E-04,
  7.19967E-04,  8.04023E-04,  8.92734E-04,  9.86033E-04,  1.08379E-03,  1.18580E-03,  1.29176E-03,  1.40130E-03,  1.51392E-03,  1.62903E-03,  1.74591E-03,  1.86373E-03,  1.98155E-03,  2.09834E-03,  2.21297E-03,  2.32426E-03,  2.43100E-03,  2.53197E-03,  2.62600E-03,  2.71201E-03,  2.78903E-03,  2.85624E-03,  2.91300E-03,  2.95885E-03,  2.99354E-03,  3.01700E-03,  3.02931E-03,  3.03072E-03,  3.02159E-03,  3.00238E-03,  2.97359E-03,  2.93579E-03,  2.88955E-03,  2.83546E-03,  2.77412E-03,  2.70611E-03,  2.63202E-03,  2.55241E-03,  2.46786E-03,  2.37894E-03,  2.28622E-03,  2.19027E-03,  2.09165E-03,  1.99093E-03,  1.88866E-03,  1.78539E-03,  1.68165E-03,  1.57796E-03,  1.47480E-03,  1.37263E-03,  1.27189E-03,  1.17297E-03,  1.07623E-03,  9.81992E-04,  8.90531E-04,  8.02090E-04,  7.16868E-04,  6.35027E-04,  5.56691E-04,  4.81949E-04,  4.10858E-04,  3.43446E-04,  2.79710E-04,  2.19626E-04,  1.63148E-04,  1.10208E-04,
  6.68498E-04,  7.45745E-04,  8.27010E-04,  9.12201E-04,  1.00117E-03,  1.09369E-03,  1.18949E-03,  1.28818E-03,  1.38932E-03,  1.49234E-03,  1.59662E-03,  1.70142E-03,  1.80592E-03,  1.90922E-03,  2.01038E-03,  2.10838E-03,  2.20223E-03,  2.29091E-03,  2.37344E-03,  2.44893E-03,  2.51658E-03,  2.57569E-03,  2.62573E-03,  2.66630E-03,  2.69716E-03,  2.71821E-03,  2.72951E-03,  2.73121E-03,  2.72360E-03,  2.70702E-03,  2.68189E-03,  2.64866E-03,  2.60782E-03,  2.55988E-03,  2.50535E-03,  2.44475E-03,  2.37859E-03,  2.30739E-03,  2.23166E-03,  2.15192E-03,  2.06868E-03,  1.98246E-03,  1.89376E-03,  1.80308E-03,  1.71092E-03,  1.61777E-03,  1.52410E-03,  1.43038E-03,  1.33703E-03,  1.24447E-03,  1.15309E-03,  1.06323E-03,  9.75233E-04,  8.89380E-04,  8.05928E-04,  7.25101E-04,  6.47086E-04,  5.72037E-04,  5.00076E-04,  4.31294E-04,  3.65753E-04,  3.03487E-04,  2.44507E-04,  1.88802E-04,  1.36339E-04,  8.70698E-05,
  6.18909E-04,  6.89865E-04,  7.64286E-04,  8.42063E-04,  9.23036E-04,  1.00699E-03,  1.09363E-03,  1.18261E-03,  1.27352E-03,  1.36584E-03,  1.45901E-03,  1.55238E-03,  1.64524E-03,  1.73682E-03,  1.82630E-03,  1.91283E-03,  1.99557E-03,  2.07366E-03,  2.14630E-03,  2.21273E-03,  2.27228E-03,  2.32437E-03,  2.36855E-03,  2.40446E-03,  2.43188E-03,  2.45072E-03,  2.46098E-03,  2.46279E-03,  2.45634E-03,  2.44192E-03,  2.41985E-03,  2.39052E-03,  2.35433E-03,  2.31172E-03,  2.26313E-03,  2.20902E-03,  2.14984E-03,  2.08605E-03,  2.01811E-03,  1.94650E-03,  1.87166E-03,  1.79405E-03,  1.71415E-03,  1.63238E-03,  1.54921E-03,  1.46506E-03,  1.38037E-03,  1.29553E-03,  1.21094E-03,  1.12697E-03,  1.04396E-03,  9.62239E-04,  8.82096E-04,  8.03797E-04,  7.27576E-04,  6.53640E-04,  5.82163E-04,  5.13292E-04,  4.47145E-04,  3.83813E-04,  3.23360E-04,  2.65827E-04,  2.11234E-04,  1.59580E-04,  1.10844E-04,  6.49911E-05,
  5.71277E-04,  6.36431E-04,  7.04571E-04,  7.75578E-04,  8.49285E-04,  9.25477E-04,  1.00388E-03,  1.08417E-03,  1.16596E-03,  1.24879E-03,  1.33216E-03,  1.41549E-03,  1.49816E-03,  1.57950E-03,  1.65883E-03,  1.73541E-03,  1.80853E-03,  1.87747E-03,  1.94155E-03,  2.00015E-03,  2.05268E-03,  2.09867E-03,  2.13772E-03,  2.16952E-03,  2.19387E-03,  2.21068E-03,  2.21994E-03,  2.22172E-03,  2.21618E-03,  2.20353E-03,  2.18405E-03,  2.15805E-03,  2.12588E-03,  2.08790E-03,  2.04450E-03,  1.99608E-03,  1.94305E-03,  1.88580E-03,  1.82476E-03,  1.76033E-03,  1.69294E-03,  1.62300E-03,  1.55091E-03,  1.47708E-03,  1.40190E-03,  1.32578E-03,  1.24908E-03,  1.17218E-03,  1.09543E-03,  1.01915E-03,  9.43656E-04,  8.69242E-04,  7.96172E-04,  7.24687E-04,  6.55003E-04,  5.87309E-04,  5.21769E-04,  4.58522E-04,  3.97680E-04,  3.39334E-04,  2.83549E-04,  2.30370E-04,  1.79824E-04,  1.31916E-04,  8.66381E-05,  4.39646E-05,
  5.25650E-04,  5.85462E-04,  6.47843E-04,  7.12671E-04,  7.79779E-04,  8.48957E-04,  9.19949E-04,  9.92451E-04,  1.06611E-03,  1.14051E-03,  1.21520E-03,  1.28968E-03,  1.36341E-03,  1.43581E-03,  1.50628E-03,  1.57420E-03,  1.63896E-03,  1.69996E-03,  1.75662E-03,  1.80841E-03,  1.85485E-03,  1.89551E-03,  1.93006E-03,  1.95824E-03,  1.97986E-03,  1.99483E-03,  2.00312E-03,  2.00479E-03,  1.99995E-03,  1.98878E-03,  1.97149E-03,  1.94836E-03,  1.91966E-03,  1.88572E-03,  1.84687E-03,  1.80346E-03,  1.75584E-03,  1.70437E-03,  1.64944E-03,  1.59140E-03,  1.53062E-03,  1.46749E-03,  1.40236E-03,  1.33559E-03,  1.26756E-03,  1.19860E-03,  1.12905E-03,  1.05925E-03,  9.89517E-04,  9.20138E-04,  8.51399E-04,  7.83562E-04,  7.16869E-04,  6.51539E-04,  5.87771E-04,  5.25739E-04,  4.65595E-04,  4.07471E-04,  3.51475E-04,  2.97692E-04,  2.46191E-04,  1.97019E-04,  1.50205E-04,  1.05764E-04,  6.36923E-05,  2.39760E-05,
  4.82048E-04,  5.36944E-04,  5.94052E-04,  6.53245E-04,  7.14359E-04,  7.77196E-04,  8.41514E-04,  9.07032E-04,  9.73425E-04,  1.04033E-03,  1.10734E-03,  1.17401E-03,  1.23987E-03,  1.30442E-03,  1.36714E-03,  1.42750E-03,  1.48498E-03,  1.53907E-03,  1.58927E-03,  1.63513E-03,  1.67624E-03,  1.71225E-03,  1.74286E-03,  1.76784E-03,  1.78703E-03,  1.80033E-03,  1.80772E-03,  1.80922E-03,  1.80494E-03,  1.79500E-03,  1.77958E-03,  1.75891E-03,  1.73324E-03,  1.70283E-03,  1.66796E-03,  1.62896E-03,  1.58613E-03,  1.53978E-03,  1.49026E-03,  1.43789E-03,  1.38301E-03,  1.32594E-03,  1.26701E-03,  1.20655E-03,  1.14489E-03,  1.08234E-03,  1.01920E-03,  9.55768E-04,  8.92329E-04,  8.29152E-04,  7.66491E-04,  7.04583E-04,  6.43647E-04,  5.83884E-04,  5.25477E-04,  4.68585E-04,  4.13352E-04,  3.59899E-04,  3.08330E-04,  2.58728E-04,  2.11160E-04,  1.65674E-04,  1.22305E-04,  8.10690E-05,  4.19719E-05,  5.00535E-06,
