NA,NA,NA,NA,NA,NA,NA,NA,NA,NA,NA,NA,NA,NA,NA,NA,NA,NA,NA,NA,NA,NA,  2.19607E-02,  2.27004E-02,  2.34112E-02,  2.40824E-02,  2.47031E-02,  2.52619E-02,  2.57481E-02,  2.61516E-02,  2.64635E-02,  2.66768E-02,  2.67864E-02,  2.67896E-02,  2.66864E-02,  2.64793E-02,  2.61730E-02,  2.57745E-02,  2.52925E-02,  2.47371E-02,  2.41190E-02,  2.34494E-02,  2.27393E-02,  2.19996E-02,NA,NA,NA,NA,NA,NA,NA,NA,NA,NA,NA,NA,NA,NA,NA,NA,NA,NA,NA,NA,NA,NA,
NA,NA,NA,NA,NA,NA,NA,NA,NA,NA,NA,NA,NA,NA,NA,NA,NA,NA,NA,NA,  2.13124E-02,  2.21722E-02,  2.30253E-02,  2.38614E-02,  2.46690E-02,  2.54355E-02,  2.61474E-02,  2.67911E-02,  2.73533E-02,  2.78213E-02,  2.81841E-02,  2.84327E-02,  2.85606E-02,  2.85645E-02,  2.84444E-02,  2.82032E-02,  2.78472E-02,  2.73852E-02,  2.68281E-02,  2.61883E-02,  2.54794E-02,  2.47148E-02,  2.39080E-02,  2.30717E-02,  2.22176E-02,  2.13561E-02,NA,NA,NA,NA,NA,NA,NA,NA,NA,NA,NA,NA,NA,NA,NA,NA,NA,NA,NA,NA,
NA,NA,NA,NA,NA,NA,NA,NA,NA,NA,NA,NA,NA,NA,NA,NA,NA,NA,NA,  2.12768E-02,  2.22317E-02,  2.31950E-02,  2.41565E-02,  2.51046E-02,  2.60255E-02,  2.69043E-02,  2.77249E-02,  2.84704E-02,  2.91242E-02,  2.96705E-02,  3.00952E-02,  3.03869E-02,  3.05372E-02,  3.05420E-02,  3.04010E-02,  3.01183E-02,  2.97018E-02,  2.91627E-02,  2.85150E-02,  2.77742E-02,  2.69571E-02,  2.60804E-02,  2.51603E-02,  2.42119E-02,  2.32490E-02,  2.22836E-02,  2.13257E-02,NA,NA,NA,NA,NA,NA,NA,NA,NA,NA,NA,NA,NA,NA,NA,NA,NA,NA,NA,
NA,NA,NA,NA,NA,NA,NA,NA,NA,NA,NA,NA,NA,NA,NA,NA,NA,  2.00774E-02,  2.10848E-02,  2.21243E-02,  2.31891E-02,  2.42703E-02,  2.53567E-02,  2.64349E-02,  2.74890E-02,  2.85011E-02,  2.94517E-02,  3.03199E-02,  3.10851E-02,  3.17271E-02,  3.22279E-02,  3.25726E-02,  3.27508E-02,  3.27566E-02,  3.25899E-02,  3.22559E-02,  3.17650E-02,  3.11317E-02,  3.03738E-02,  2.95111E-02,  2.85646E-02,  2.75548E-02,  2.65015E-02,  2.54228E-02,  2.43345E-02,  2.32505E-02,  2.21821E-02,  2.11384E-02,  2.01262E-02,NA,NA,NA,NA,NA,NA,NA,NA,NA,NA,NA,NA,NA,NA,NA,NA,NA,
NA,NA,NA,NA,NA,NA,NA,NA,NA,NA,NA,NA,NA,NA,NA,NA,  1.96712E-02,  2.07322E-02,  2.18410E-02,  2.29930E-02,  2.41814E-02,  2.53969E-02,  2.66272E-02,  2.78570E-02,  2.90681E-02,  3.02390E-02,  3.13460E-02,  3.23633E-02,  3.32648E-02,  3.40247E-02,  3.46199E-02,  3.50308E-02,  3.52435E-02,  3.52506E-02,  3.50518E-02,  3.46540E-02,  3.40708E-02,  3.33212E-02,  3.24284E-02,  3.14177E-02,  3.03153E-02,  2.91470E-02,  2.79366E-02,  2.67058E-02,  2.54731E-02,  2.42540E-02,  2.30611E-02,  2.19039E-02,  2.07895E-02,  1.97226E-02,NA,NA,NA,NA,NA,NA,NA,NA,NA,NA,NA,NA,NA,NA,NA,NA,
NA,NA,NA,NA,NA,NA,NA,NA,NA,NA,NA,NA,NA,NA,NA,  1.91254E-02,  2.02212E-02,  2.13798E-02,  2.25993E-02,  2.38759E-02,  2.52031E-02,  2.65713E-02,  2.79674E-02,  2.93743E-02,  3.07709E-02,  3.21318E-02,  3.34281E-02,  3.46277E-02,  3.56975E-02,  3.66043E-02,  3.73176E-02,  3.78118E-02,  3.80682E-02,  3.80768E-02,  3.78373E-02,  3.73591E-02,  3.66602E-02,  3.57659E-02,  3.47065E-02,  3.35146E-02,  3.22236E-02,  3.08655E-02,  2.94694E-02,  2.80610E-02,  2.66617E-02,  2.52889E-02,  2.39561E-02,  2.26731E-02,  2.14467E-02,  2.02811E-02,  1.91782E-02,NA,NA,NA,NA,NA,NA,NA,NA,NA,NA,NA,NA,NA,NA,NA,
NA,NA,NA,NA,NA,NA,NA,NA,NA,NA,NA,NA,NA,NA,  1.84512E-02,  1.95611E-02,  2.07470E-02,  2.20100E-02,  2.33498E-02,  2.47637E-02,  2.62460E-02,  2.77875E-02,  2.93745E-02,  3.09883E-02,  3.26048E-02,  3.41939E-02,  3.57205E-02,  3.71447E-02,  3.84241E-02,  3.95155E-02,  4.03785E-02,  4.09788E-02,  4.12910E-02,  4.13015E-02,  4.10099E-02,  4.04290E-02,  3.95835E-02,  3.85072E-02,  3.72401E-02,  3.58250E-02,  3.43044E-02,  3.27182E-02,  3.11020E-02,  2.94860E-02,  2.78947E-02,  2.63473E-02,  2.48579E-02,  2.34362E-02,  2.20881E-02,  2.08166E-02,  1.96223E-02,  1.85042E-02,NA,NA,NA,NA,NA,NA,NA,NA,NA,NA,NA,NA,NA,NA,
NA,NA,NA,NA,NA,NA,NA,NA,NA,NA,NA,NA,NA,  1.76652E-02,  1.87680E-02,  1.99570E-02,  2.12366E-02,  2.26102E-02,  2.40793E-02,  2.56434E-02,  2.72983E-02,  2.90357E-02,  3.08421E-02,  3.26975E-02,  3.45748E-02,  3.64391E-02,  3.82476E-02,  3.99505E-02,  4.14932E-02,  4.28192E-02,  4.38742E-02,  4.46114E-02,  4.49957E-02,  4.50086E-02,  4.46493E-02,  4.39358E-02,  4.29020E-02,  4.15942E-02,  4.00660E-02,  3.83738E-02,  3.65722E-02,  3.47110E-02,  3.28334E-02,  3.09747E-02,  2.91627E-02,  2.74177E-02,  2.57540E-02,  2.41803E-02,  2.27010E-02,  2.13173E-02,  2.00277E-02,  1.88291E-02,  1.77171E-02,NA,NA,NA,NA,NA,NA,NA,NA,NA,NA,NA,NA,NA,
NA,NA,NA,NA,NA,NA,NA,NA,NA,NA,NA,NA,  1.67881E-02,  1.78635E-02,  1.90317E-02,  2.03001E-02,  2.16757E-02,  2.31646E-02,  2.47713E-02,  2.64980E-02,  2.83432E-02,  3.03009E-02,  3.23584E-02,  3.44956E-02,  3.66827E-02,  3.88796E-02,  4.10347E-02,  4.30859E-02,  4.49628E-02,  4.65903E-02,  4.78947E-02,  4.88110E-02,  4.92903E-02,  4.93060E-02,  4.88573E-02,  4.79698E-02,  4.66911E-02,  4.50856E-02,  4.32261E-02,  4.11874E-02,  3.90400E-02,  3.68463E-02,  3.46580E-02,  3.25162E-02,  3.04512E-02,  2.84840E-02,  2.66277E-02,  2.48891E-02,  2.32700E-02,  2.17689E-02,  2.03814E-02,  1.91017E-02,  1.79229E-02,  1.68377E-02,NA,NA,NA,NA,NA,NA,NA,NA,NA,NA,NA,NA,
NA,NA,NA,NA,NA,NA,NA,NA,NA,NA,NA,  1.58433E-02,  1.68731E-02,  1.79984E-02,  1.92290E-02,  2.05752E-02,  2.20470E-02,  2.36540E-02,  2.54047E-02,  2.73053E-02,  2.93583E-02,  3.15613E-02,  3.39047E-02,  3.63693E-02,  3.89239E-02,  4.15234E-02,  4.41065E-02,  4.65961E-02,  4.89010E-02,  5.09207E-02,  5.25538E-02,  5.37085E-02,NA,NA,  5.37650E-02,  5.26454E-02,  5.10436E-02,  4.90504E-02,  4.67663E-02,  4.42914E-02,  4.17169E-02,  3.91204E-02,  3.65635E-02,  3.40925E-02,  3.17392E-02,  2.95239E-02,  2.74570E-02,  2.55417E-02,  2.37761E-02,  2.21544E-02,  2.06684E-02,  1.93090E-02,  1.80660E-02,  1.69293E-02,  1.58893E-02,NA,NA,NA,NA,NA,NA,NA,NA,NA,NA,NA,
NA,NA,NA,NA,NA,NA,NA,NA,NA,NA,  1.48551E-02,  1.58242E-02,  1.68878E-02,  1.80574E-02,  1.93454E-02,  2.07651E-02,  2.23304E-02,  2.40555E-02,  2.59536E-02,  2.80367E-02,  3.03132E-02,  3.27866E-02,  3.54524E-02,  3.82950E-02,  4.12841E-02,  4.43708E-02,  4.74840E-02,  5.05287E-02,NA,NA,NA,NA,NA,NA,NA,NA,NA,NA,  5.07356E-02,  4.77082E-02,  4.46046E-02,  4.15203E-02,  3.85273E-02,  3.56757E-02,  3.29970E-02,  3.05079E-02,  2.82139E-02,  2.61127E-02,  2.41963E-02,  2.24537E-02,  2.08716E-02,  1.94363E-02,  1.81339E-02,  1.69513E-02,  1.58759E-02,  1.48963E-02,NA,NA,NA,NA,NA,NA,NA,NA,NA,NA,
NA,NA,NA,NA,NA,NA,NA,NA,NA,  1.38469E-02,  1.47443E-02,  1.57319E-02,  1.68217E-02,  1.80276E-02,  1.93649E-02,  2.08505E-02,  2.25030E-02,  2.43417E-02,  2.63865E-02,  2.86566E-02,  3.11687E-02,  3.39350E-02,  3.69596E-02,  4.02345E-02,  4.37340E-02,  4.74087E-02,NA,NA,NA,NA,NA,NA,NA,NA,NA,NA,NA,NA,NA,NA,  4.76911E-02,  4.40181E-02,  4.05124E-02,  3.72251E-02,  3.41835E-02,  3.13971E-02,  2.88631E-02,  2.65707E-02,  2.45037E-02,  2.26438E-02,  2.09715E-02,  1.94675E-02,  1.81136E-02,  1.68928E-02,  1.57896E-02,  1.47902E-02,  1.38822E-02,NA,NA,NA,NA,NA,NA,NA,NA,NA,
NA,NA,NA,NA,NA,NA,NA,NA,  1.28398E-02,  1.36588E-02,  1.45608E-02,  1.55577E-02,  1.66638E-02,  1.78951E-02,  1.92703E-02,  2.08103E-02,  2.25388E-02,  2.44815E-02,  2.66661E-02,  2.91212E-02,  3.18747E-02,  3.49509E-02,  3.83675E-02,  4.21294E-02,  4.62219E-02,NA,NA,NA,NA,NA,NA,NA,NA,NA,NA,NA,NA,NA,NA,NA,NA,  4.65638E-02,  4.24619E-02,  3.86830E-02,  3.52440E-02,  3.21420E-02,  2.93612E-02,  2.68785E-02,  2.46670E-02,  2.26989E-02,  2.09470E-02,  1.93856E-02,  1.79913E-02,  1.67429E-02,  1.56217E-02,  1.46114E-02,  1.36978E-02,  1.28686E-02,NA,NA,NA,NA,NA,NA,NA,NA,
NA,NA,NA,NA,NA,NA,NA,  1.18520E-02,  1.25897E-02,  1.34013E-02,  1.42981E-02,  1.52935E-02,  1.64033E-02,  1.76462E-02,  1.90440E-02,  2.06220E-02,  2.24095E-02,  2.44395E-02,  2.67490E-02,  2.93781E-02,  3.23688E-02,  3.57623E-02,  3.95955E-02,  4.38942E-02,NA,NA,NA,NA,NA,NA,NA,NA,NA,NA,NA,NA,NA,NA,NA,NA,NA,NA,  4.42919E-02,  3.99701E-02,  3.61075E-02,  3.26810E-02,  2.96560E-02,  2.69929E-02,  2.46509E-02,  2.25906E-02,  2.07755E-02,  1.91727E-02,  1.77528E-02,  1.64905E-02,  1.53637E-02,  1.43535E-02,  1.34438E-02,  1.26210E-02,  1.18736E-02,NA,NA,NA,NA,NA,NA,NA,
NA,NA,NA,NA,NA,NA,  1.08974E-02,  1.15547E-02,  1.22757E-02,  1.30704E-02,  1.39509E-02,  1.49318E-02,  1.60304E-02,  1.72676E-02,  1.86685E-02,  2.02627E-02,  2.20853E-02,  2.41775E-02,  2.65865E-02,  2.93663E-02,  3.25759E-02,  3.62786E-02,  4.05373E-02,NA,NA,NA,NA,NA,NA,NA,NA,NA,NA,NA,NA,NA,NA,NA,NA,NA,NA,NA,NA,  4.09814E-02,  3.66841E-02,  3.29392E-02,  2.96866E-02,  2.68651E-02,  2.44168E-02,  2.22887E-02,  2.04337E-02,  1.88108E-02,  1.73848E-02,  1.61257E-02,  1.50081E-02,  1.40108E-02,  1.31161E-02,  1.23092E-02,  1.15777E-02,  1.09113E-02,NA,NA,NA,NA,NA,NA,
NA,NA,NA,NA,NA,NA,  1.05664E-02,  1.12002E-02,  1.18957E-02,  1.26632E-02,  1.35151E-02,  1.44667E-02,  1.55366E-02,  1.67475E-02,  1.81274E-02,  1.97099E-02,  2.15361E-02,  2.36552E-02,  2.61259E-02,  2.90172E-02,  3.24085E-02,  3.63896E-02,NA,NA,NA,NA,NA,NA,NA,NA,NA,NA,NA,NA,NA,NA,NA,NA,NA,NA,NA,NA,NA,NA,  3.68643E-02,  3.28293E-02,  2.93842E-02,  2.64419E-02,  2.39240E-02,  2.17624E-02,  1.98986E-02,  1.82832E-02,  1.68749E-02,  1.56395E-02,  1.45486E-02,  1.35790E-02,  1.27116E-02,  1.19310E-02,  1.12242E-02,  1.05808E-02,NA,NA,NA,NA,NA,NA,
NA,NA,NA,NA,NA,  9.63326E-03,  1.01858E-02,  1.07884E-02,  1.14492E-02,  1.21783E-02,  1.29881E-02,  1.38940E-02,  1.49154E-02,  1.60762E-02,  1.74065E-02,  1.89434E-02,  2.07332E-02,  2.28329E-02,  2.53126E-02,  2.82573E-02,  3.17688E-02,NA,NA,NA,NA,NA,NA,NA,NA,NA,NA,NA,NA,NA,NA,NA,NA,NA,NA,NA,NA,NA,NA,NA,NA,  3.22531E-02,  2.86747E-02,  2.56678E-02,  2.31319E-02,  2.09824E-02,  1.91493E-02,  1.75751E-02,  1.62130E-02,  1.50250E-02,  1.39806E-02,  1.30552E-02,  1.22288E-02,  1.14856E-02,  1.08128E-02,  1.02000E-02,  9.63875E-03,NA,NA,NA,NA,NA,
NA,NA,NA,NA,NA,  9.23815E-03,  9.75654E-03,  1.03203E-02,  1.09371E-02,  1.16162E-02,  1.23696E-02,  1.32124E-02,  1.41636E-02,  1.52476E-02,  1.64955E-02,  1.79467E-02,  1.96517E-02,  2.16740E-02,  2.40940E-02,  2.70123E-02,  3.05535E-02,NA,NA,NA,NA,NA,NA,NA,NA,NA,NA,NA,NA,NA,NA,NA,NA,NA,NA,NA,NA,NA,NA,NA,NA,  3.11062E-02,  2.74822E-02,  2.44888E-02,  2.20023E-02,  1.99224E-02,  1.81682E-02,  1.66752E-02,  1.53921E-02,  1.42785E-02,  1.33024E-02,  1.24388E-02,  1.16678E-02,  1.09738E-02,  1.03445E-02,  9.77000E-03,  9.24254E-03,NA,NA,NA,NA,NA,
NA,NA,NA,NA,  8.35868E-03,  8.80276E-03,  9.28099E-03,  9.79855E-03,  1.03620E-02,  1.09796E-02,  1.16621E-02,  1.24234E-02,  1.32816E-02,  1.42600E-02,  1.53893E-02,  1.67097E-02,  1.82735E-02,  2.01487E-02,  2.24239E-02,  2.52128E-02,  2.86613E-02,NA,NA,NA,NA,NA,NA,NA,NA,NA,NA,NA,NA,NA,NA,NA,NA,NA,NA,NA,NA,NA,NA,NA,NA,  2.92848E-02,  2.57348E-02,  2.28562E-02,  2.05036E-02,  1.85626E-02,  1.69437E-02,  1.55773E-02,  1.44098E-02,  1.33996E-02,  1.25151E-02,  1.17318E-02,  1.10309E-02,  1.03979E-02,  9.82144E-03,  9.29290E-03,  8.80537E-03,  8.35341E-03,NA,NA,NA,NA,
NA,NA,NA,NA,  7.92531E-03,  8.32997E-03,  8.76251E-03,  9.22689E-03,  9.72825E-03,  1.02733E-02,  1.08708E-02,  1.15327E-02,  1.22745E-02,  1.31174E-02,  1.40899E-02,  1.52303E-02,  1.65902E-02,  1.82387E-02,  2.02685E-02,  2.28025E-02,NA,NA,NA,NA,NA,NA,NA,NA,NA,NA,NA,NA,NA,NA,NA,NA,NA,NA,NA,NA,NA,NA,NA,NA,NA,NA,  2.33723E-02,  2.07329E-02,  1.86145E-02,  1.68925E-02,  1.54721E-02,  1.42822E-02,  1.32691E-02,  1.23928E-02,  1.16236E-02,  1.09391E-02,  1.03227E-02,  9.76196E-03,  9.24740E-03,  8.77191E-03,  8.32999E-03,  7.91741E-03,NA,NA,NA,NA,
NA,NA,NA,  7.11947E-03,  7.46210E-03,  7.82350E-03,  8.20555E-03,  8.61070E-03,  9.04226E-03,  9.50471E-03,  1.00043E-02,  1.05496E-02,  1.11528E-02,  1.18310E-02,  1.26080E-02,  1.35175E-02,  1.46067E-02,  1.59414E-02,  1.76129E-02,  1.97465E-02,NA,NA,NA,NA,NA,NA,NA,NA,NA,NA,NA,NA,NA,NA,NA,NA,NA,NA,NA,NA,NA,NA,NA,NA,NA,NA,  2.03544E-02,  1.80996E-02,  1.63291E-02,  1.49141E-02,  1.37603E-02,  1.27988E-02,  1.19798E-02,  1.12677E-02,  1.06367E-02,  1.00687E-02,  9.55026E-03,  9.07215E-03,  8.62749E-03,  8.21133E-03,  7.82001E-03,  7.45079E-03,  7.10157E-03,NA,NA,NA,
NA,NA,NA,  6.66975E-03,  6.97268E-03,  7.28783E-03,  7.61561E-03,  7.95668E-03,  8.31213E-03,  8.68370E-03,  9.07422E-03,  9.48822E-03,  9.93281E-03,  1.04190E-02,  1.09638E-02,  1.15929E-02,  1.23444E-02,  1.32753E-02,  1.44681E-02,  1.60421E-02,NA,NA,NA,NA,NA,NA,NA,NA,NA,NA,NA,NA,NA,NA,NA,NA,NA,NA,NA,NA,NA,NA,NA,NA,NA,NA,  1.66707E-02,  1.49614E-02,  1.36613E-02,  1.26459E-02,  1.18277E-02,  1.11461E-02,  1.05594E-02,  1.00397E-02,  9.56795E-03,  9.13182E-03,  8.72305E-03,  8.33633E-03,  7.96822E-03,  7.61651E-03,  7.27978E-03,  6.95709E-03,  6.64781E-03,NA,NA,NA,
NA,NA,NA,  6.19951E-03,  6.46112E-03,  6.72802E-03,  6.99900E-03,  7.27270E-03,  7.54763E-03,  7.82233E-03,  8.09555E-03,  8.36670E-03,  8.63654E-03,  8.90819E-03,  9.18890E-03,  9.49260E-03,  9.84385E-03,  1.02836E-02,  1.08775E-02,NA,NA,NA,NA,NA,NA,NA,NA,NA,NA,NA,NA,NA,NA,NA,NA,NA,NA,NA,NA,NA,NA,NA,NA,NA,NA,NA,NA,  1.13551E-02,  1.06501E-02,  1.01252E-02,  9.70839E-03,  9.35387E-03,  9.03335E-03,  8.73012E-03,  8.43491E-03,  8.14311E-03,  7.85289E-03,  7.56407E-03,  7.27730E-03,  6.99365E-03,  6.71428E-03,  6.44032E-03,  6.17276E-03,NA,NA,NA,
NA,NA,  5.49314E-03,  5.71217E-03,  5.93174E-03,  6.14952E-03,  6.36262E-03,  6.56748E-03,  6.75982E-03,  6.93455E-03,  7.08583E-03,  7.20714E-03,  7.29162E-03,  7.33270E-03,  7.32533E-03,  7.26804E-03,  7.16634E-03,  7.03820E-03,NA,NA,NA,NA,NA,NA,NA,NA,NA,NA,NA,NA,NA,NA,NA,NA,NA,NA,NA,NA,NA,NA,NA,NA,NA,NA,NA,NA,NA,NA,  7.36272E-03,  7.41037E-03,  7.45171E-03,  7.46313E-03,  7.43506E-03,  7.36610E-03,  7.25931E-03,  7.11982E-03,  6.95353E-03,  6.76625E-03,  6.56335E-03,  6.34956E-03,  6.12890E-03,  5.90473E-03,  5.67979E-03,  5.45628E-03,NA,NA,
NA,NA,  5.02837E-03,  5.21115E-03,  5.38889E-03,  5.55793E-03,  5.71363E-03,  5.85021E-03,  5.96048E-03,  6.03556E-03,  6.06462E-03,  6.03464E-03,  5.93023E-03,  5.73369E-03,  5.42543E-03,  4.98519E-03,  4.39444E-03,  3.64086E-03,NA,NA,NA,NA,NA,NA,NA,NA,NA,NA,NA,NA,NA,NA,NA,NA,NA,NA,NA,NA,NA,NA,NA,NA,NA,NA,NA,NA,NA,NA,  3.89748E-03,  4.58202E-03,  5.12254E-03,  5.52544E-03,  5.80524E-03,  5.97952E-03,  6.06606E-03,  6.08138E-03,  6.04006E-03,  5.95461E-03,  5.83550E-03,  5.69135E-03,  5.52919E-03,  5.35467E-03,  5.17231E-03,  4.98568E-03,NA,NA,
NA,  4.39867E-03,  4.55238E-03,  4.69969E-03,  4.83675E-03,  4.95862E-03,  5.05903E-03,  5.13003E-03,  5.16155E-03,  5.14095E-03,  5.05235E-03,  4.87601E-03,  4.58756E-03,  4.15727E-03,  3.54950E-03,  2.72264E-03,  1.62996E-03,NA,NA,NA,NA,NA,NA,NA,NA,NA,NA,NA,NA,NA,NA,NA,NA,NA,NA,NA,NA,NA,NA,NA,NA,NA,NA,NA,NA,NA,NA,NA,NA,  1.74135E-03,  2.79931E-03,  3.60113E-03,  4.19009E-03,  4.60563E-03,  4.88206E-03,  5.04826E-03,  5.12812E-03,  5.14110E-03,  5.10290E-03,  5.02605E-03,  4.92055E-03,  4.79432E-03,  4.65356E-03,  4.50318E-03,  4.34697E-03,NA,
NA,  3.94391E-03,  4.06735E-03,  4.18062E-03,  4.27901E-03,  4.35646E-03,  4.40523E-03,  4.41541E-03,  4.37430E-03,  4.26574E-03,  4.06909E-03,  3.75812E-03,  3.29963E-03,  2.65181E-03,  1.76250E-03,  5.67506E-04, -1.01059E-03,NA,NA,NA,NA,NA,NA,NA,NA,NA,NA,NA,NA,NA,NA,NA,NA,NA,NA,NA,NA,NA,NA,NA,NA,NA,NA,NA,NA,NA,NA,NA,NA, -9.93732E-04,  5.70258E-04,  1.75602E-03,  2.63861E-03,  3.28094E-03,  3.73449E-03,  4.04077E-03,  4.23290E-03,  4.33712E-03,  4.37411E-03,  4.36013E-03,  4.30791E-03,  4.22742E-03,  4.12643E-03,  4.01101E-03,  3.88585E-03,NA,
  3.37681E-03,  3.48050E-03,  3.57504E-03,  3.65623E-03,  3.71869E-03,  3.75545E-03,  3.75759E-03,  3.71356E-03,  3.60849E-03,  3.42322E-03,  3.13298E-03,  2.70582E-03,  2.10057E-03,  1.26428E-03,  1.29190E-04, -1.39079E-03, -3.40372E-03,NA,NA,NA,NA,NA,NA,NA,NA,NA,NA,NA,NA,NA,NA,NA,NA,NA,NA,NA,NA,NA,NA,NA,NA,NA,NA,NA,NA,NA,NA,NA,NA, -3.49622E-03, -1.47268E-03,  5.66296E-05,  1.19901E-03,  2.04042E-03,  2.64881E-03,  3.07749E-03,  3.36799E-03,  3.55264E-03,  3.65652E-03,  3.69907E-03,  3.69536E-03,  3.65708E-03,  3.59328E-03,  3.51097E-03,  3.41560E-03,  3.31137E-03,
  2.93082E-03,  3.00934E-03,  3.07659E-03,  3.12804E-03,  3.15783E-03,  3.15840E-03,  3.11995E-03,  3.02982E-03,  2.87156E-03,  2.62379E-03,  2.25863E-03,  1.73970E-03,  1.01949E-03,  3.59624E-05, -1.29176E-03, -3.06866E-03,NA,NA,NA,NA,NA,NA,NA,NA,NA,NA,NA,NA,NA,NA,NA,NA,NA,NA,NA,NA,NA,NA,NA,NA,NA,NA,NA,NA,NA,NA,NA,NA,NA,NA, -3.24230E-03, -1.43592E-03, -8.57755E-05,  9.14339E-04,  1.64644E-03,  2.17360E-03,  2.54423E-03,  2.79545E-03,  2.95572E-03,  3.04692E-03,  3.08586E-03,  3.08547E-03,  3.05573E-03,  3.00433E-03,  2.93722E-03,  2.85900E-03,
  2.47632E-03,  2.53080E-03,  2.57251E-03,  2.59673E-03,  2.59739E-03,  2.56664E-03,  2.49430E-03,  2.36712E-03,  2.16786E-03,  1.87389E-03,  1.45558E-03,  8.73886E-04,  7.73087E-05, -1.00217E-03, -2.45440E-03, -4.39792E-03,NA,NA,NA,NA,NA,NA,NA,NA,NA,NA,NA,NA,NA,NA,NA,NA,NA,NA,NA,NA,NA,NA,NA,NA,NA,NA,NA,NA,NA,NA,NA,NA,NA,NA, -4.66623E-03, -2.67287E-03, -1.18281E-03, -7.50065E-05,  7.42475E-04,  1.33938E-03,  1.76859E-03,  2.07027E-03,  2.27495E-03,  2.40592E-03,  2.48096E-03,  2.51370E-03,  2.51459E-03,  2.49168E-03,  2.45119E-03,  2.39790E-03,
  2.01319E-03,  2.04472E-03,  2.06255E-03,  2.06199E-03,  2.03703E-03,  1.97989E-03,  1.88047E-03,  1.72559E-03,  1.49802E-03,  1.17511E-03,  7.27001E-04,  1.14117E-04, -7.16104E-04, -1.83367E-03, -3.33196E-03, -5.33549E-03,NA,NA,NA,NA,NA,NA,NA,NA,NA,NA,NA,NA,NA,NA,NA,NA,NA,NA,NA,NA,NA,NA,NA,NA,NA,NA,NA,NA,NA,NA,NA,NA,NA,NA, -5.69735E-03, -3.62465E-03, -2.07369E-03, -9.16328E-04, -5.62997E-05,  5.78748E-04,  1.04324E-03,  1.37822E-03,  1.61470E-03,  1.77620E-03,  1.88063E-03,  1.94165E-03,  1.96973E-03,  1.97293E-03,  1.95744E-03,  1.92806E-03,
  1.54093E-03,  1.55039E-03,  1.54574E-03,  1.52257E-03,  1.47517E-03,  1.39617E-03,  1.27603E-03,  1.10230E-03,  8.58668E-04,  5.23647E-04,  6.88187E-05, -5.43599E-04, -1.36403E-03, -2.45999E-03, -3.92204E-03, -5.87172E-03,NA,NA,NA,NA,NA,NA,NA,NA,NA,NA,NA,NA,NA,NA,NA,NA,NA,NA,NA,NA,NA,NA,NA,NA,NA,NA,NA,NA,NA,NA,NA,NA,NA,NA, -6.32274E-03, -4.28646E-03, -2.75806E-03, -1.61156E-03, -7.52840E-04, -1.11535E-04,  3.65037E-04,  7.16434E-04,  9.72459E-04,  1.15565E-03,  1.28313E-03,  1.36795E-03,  1.42011E-03,  1.44728E-03,  1.45541E-03,  1.44909E-03,
  1.05866E-03,  1.04658E-03,  1.02047E-03,  9.76312E-04,  9.08970E-04,  8.11829E-04,  6.76335E-04,  4.91368E-04,  2.42372E-04, -8.98061E-05, -5.30523E-04, -1.11352E-03, -1.88389E-03, -2.90212E-03, -4.24955E-03, -6.03548E-03,NA,NA,NA,NA,NA,NA,NA,NA,NA,NA,NA,NA,NA,NA,NA,NA,NA,NA,NA,NA,NA,NA,NA,NA,NA,NA,NA,NA,NA,NA,NA,NA,NA,NA, -6.56913E-03, -4.68144E-03, -3.25547E-03, -2.17692E-03, -1.36042E-03, -7.42242E-04, -2.74690E-04,  7.80034E-05,  3.42774E-04,  5.39995E-04,  6.85144E-04,  7.90042E-04,  8.63758E-04,  9.13288E-04,  9.44053E-04,  9.60273E-04,
  5.65234E-04,  5.31679E-04,  4.84511E-04,  4.20263E-04,  3.34544E-04,  2.21757E-04,  7.47186E-05, -1.15853E-04, -3.62041E-04, -6.79678E-04, -1.08965E-03, -1.61969E-03, -2.30675E-03, -3.20030E-03, -4.36665E-03, -5.89458E-03,NA,NA,NA,NA,NA,NA,NA,NA,NA,NA,NA,NA,NA,NA,NA,NA,NA,NA,NA,NA,NA,NA,NA,NA,NA,NA,NA,NA,NA,NA,NA,NA,NA,NA, -6.50327E-03, -4.86054E-03, -3.60499E-03, -2.64245E-03, -1.90221E-03, -1.33124E-03, -8.89722E-04, -5.47698E-04, -2.82532E-04, -7.70428E-05,  8.18797E-05,  2.04296E-04,  2.97971E-04,  3.68937E-04,  4.21902E-04,  4.60567E-04,
  5.92789E-05,  3.78363E-06, -6.47374E-05, -1.49104E-04, -2.52822E-04, -3.80286E-04, -5.37051E-04, -7.30191E-04, -9.68798E-04, -1.26466E-03, -1.63315E-03, -2.09450E-03, -2.67544E-03, -3.41138E-03, -4.34927E-03,NA,NA,NA,NA,NA,NA,NA,NA,NA,NA,NA,NA,NA,NA,NA,NA,NA,NA,NA,NA,NA,NA,NA,NA,NA,NA,NA,NA,NA,NA,NA,NA,NA,NA,NA,NA, -4.89885E-03, -3.86254E-03, -3.05007E-03, -2.40977E-03, -1.90237E-03, -1.49812E-03, -1.17436E-03, -9.13829E-04, -7.03302E-04, -5.32569E-04, -3.93711E-04, -2.80538E-04, -1.88178E-04, -1.12771E-04, -5.12340E-05,
 -4.60630E-04, -5.39140E-04, -6.30096E-04, -7.35633E-04, -8.58315E-04, -1.00125E-03, -1.16823E-03, -1.36393E-03, -1.59420E-03, -1.86637E-03, -2.18975E-03, -2.57627E-03, -3.04122E-03, -3.60429E-03, -4.29064E-03,NA,NA,NA,NA,NA,NA,NA,NA,NA,NA,NA,NA,NA,NA,NA,NA,NA,NA,NA,NA,NA,NA,NA,NA,NA,NA,NA,NA,NA,NA,NA,NA,NA,NA,NA,NA, -4.88887E-03, -4.09622E-03, -3.45022E-03, -2.92063E-03, -2.48370E-03, -2.12089E-03, -1.81774E-03, -1.56295E-03, -1.34764E-03, -1.16481E-03, -1.00888E-03, -8.75375E-04, -7.60671E-04, -6.61823E-04, -5.76410E-04,
 -9.95849E-04, -1.09907E-03, -1.21436E-03, -1.34319E-03, -1.48721E-03, -1.64826E-03, -1.82839E-03, -2.02992E-03, -2.25541E-03, -2.50776E-03, -2.79018E-03, -3.10618E-03, -3.45955E-03, -3.85402E-03, -4.29273E-03,NA,NA,NA,NA,NA,NA,NA,NA,NA,NA,NA,NA,NA,NA,NA,NA,NA,NA,NA,NA,NA,NA,NA,NA,NA,NA,NA,NA,NA,NA,NA,NA,NA,NA,NA,NA, -4.93171E-03, -4.38019E-03, -3.89757E-03, -3.47528E-03, -3.10528E-03, -2.78042E-03, -2.49451E-03, -2.24229E-03, -2.01928E-03, -1.82167E-03, -1.64622E-03, -1.49017E-03, -1.35114E-03, -1.22706E-03, -1.11618E-03,
 -1.54752E-03, -1.67774E-03, -1.82004E-03, -1.97534E-03, -2.14444E-03, -2.32808E-03, -2.52672E-03, -2.74053E-03, -2.96911E-03, -3.21127E-03, -3.46460E-03, -3.72491E-03, -3.98533E-03, -4.23498E-03, -4.45678E-03,NA,NA,NA,NA,NA,NA,NA,NA,NA,NA,NA,NA,NA,NA,NA,NA,NA,NA,NA,NA,NA,NA,NA,NA,NA,NA,NA,NA,NA,NA,NA,NA,NA,NA,NA,NA, -5.12757E-03, -4.78796E-03, -4.44624E-03, -4.11368E-03, -3.79668E-03, -3.49860E-03, -3.22089E-03, -2.96384E-03, -2.72703E-03, -2.50958E-03, -2.31040E-03, -2.12827E-03, -1.96191E-03, -1.81007E-03, -1.67154E-03,
 -2.11642E-03, -2.27644E-03, -2.44915E-03, -2.63500E-03, -2.83418E-03, -3.04651E-03, -3.27123E-03, -3.50672E-03, -3.75016E-03, -3.99699E-03, -4.24018E-03, -4.46915E-03, -4.66823E-03, -4.81444E-03, -4.87410E-03,NA,NA,NA,NA,NA,NA,NA,NA,NA,NA,NA,NA,NA,NA,NA,NA,NA,NA,NA,NA,NA,NA,NA,NA,NA,NA,NA,NA,NA,NA,NA,NA,NA,NA,NA,NA, -5.56663E-03, -5.38594E-03, -5.14517E-03, -4.87193E-03, -4.58454E-03, -4.29506E-03, -4.01132E-03, -3.73819E-03, -3.47861E-03, -3.23412E-03, -3.00538E-03, -2.79241E-03, -2.59483E-03, -2.41202E-03, -2.24318E-03,
 -2.70284E-03, -2.89589E-03, -3.10293E-03, -3.32418E-03, -3.55943E-03, -3.80793E-03, -4.06807E-03, -4.33705E-03, -4.61035E-03, -4.88106E-03, -5.13886E-03, -5.36863E-03, -5.54847E-03, -5.64681E-03, -5.61828E-03,NA,NA,NA,NA,NA,NA,NA,NA,NA,NA,NA,NA,NA,NA,NA,NA,NA,NA,NA,NA,NA,NA,NA,NA,NA,NA,NA,NA,NA,NA,NA,NA,NA,NA,NA,NA, -6.32145E-03, -6.22777E-03, -6.03400E-03, -5.77925E-03, -5.49035E-03, -5.18558E-03, -4.87727E-03, -4.57363E-03, -4.27993E-03, -3.99943E-03, -3.73398E-03, -3.48445E-03, -3.25103E-03, -3.03348E-03, -2.83127E-03,
 -3.30645E-03, -3.53602E-03, -3.78171E-03, -4.04370E-03, -4.32172E-03, -4.61479E-03, -4.92098E-03, -5.23695E-03, -5.55740E-03, -5.87423E-03, -6.17547E-03, -6.44365E-03, -6.65361E-03, -6.76932E-03, -6.73936E-03,NA,NA,NA,NA,NA,NA,NA,NA,NA,NA,NA,NA,NA,NA,NA,NA,NA,NA,NA,NA,NA,NA,NA,NA,NA,NA,NA,NA,NA,NA,NA,NA,NA,NA,NA,NA, -7.44137E-03, -7.35018E-03, -7.13989E-03, -6.85563E-03, -6.52869E-03, -6.18066E-03, -5.82627E-03, -5.47541E-03, -5.13457E-03, -4.80784E-03, -4.49761E-03, -4.20510E-03, -3.93072E-03, -3.67434E-03, -3.43544E-03,
 -3.92626E-03, -4.19591E-03, -4.48471E-03, -4.79304E-03, -5.12083E-03, -5.46735E-03, -5.83085E-03, -6.20819E-03, -6.59422E-03, -6.98098E-03, -7.35654E-03, -7.70343E-03, -7.99638E-03, -8.19922E-03, -8.26036E-03,NA,NA,NA,NA,NA,NA,NA,NA,NA,NA,NA,NA,NA,NA,NA,NA,NA,NA,NA,NA,NA,NA,NA,NA,NA,NA,NA,NA,NA,NA,NA,NA,NA,NA,NA,NA, -8.94925E-03, -8.77031E-03, -8.47548E-03, -8.11019E-03, -7.70600E-03, -7.28470E-03, -6.86113E-03, -6.44520E-03, -6.04333E-03, -5.65951E-03, -5.29598E-03, -4.95377E-03, -4.63310E-03, -4.33362E-03, -4.05463E-03,
 -4.56052E-03, -4.87375E-03, -5.21002E-03, -5.57018E-03, -5.95471E-03, -6.36347E-03, -6.79549E-03, -7.24854E-03, -7.71858E-03, -8.19903E-03, -8.67972E-03, -9.14543E-03, -9.57389E-03, -9.93288E-03, -1.01763E-02,NA,NA,NA,NA,NA,NA,NA,NA,NA,NA,NA,NA,NA,NA,NA,NA,NA,NA,NA,NA,NA,NA,NA,NA,NA,NA,NA,NA,NA,NA,NA,NA,NA,NA,NA,NA, -1.08404E-02, -1.04848E-02, -1.00381E-02, -9.54054E-03, -9.02002E-03, -8.49548E-03, -7.97966E-03, -7.48081E-03, -7.00406E-03, -6.55234E-03, -6.12703E-03, -5.72846E-03, -5.35624E-03, -5.00951E-03, -4.68712E-03,
 -5.20676E-03, -5.56677E-03, -5.95456E-03, -6.37166E-03, -6.81938E-03, -7.29861E-03, -7.80964E-03, -8.35180E-03, -8.92304E-03, -9.51934E-03, -1.01338E-02, -1.07555E-02, -1.13679E-02, -1.19464E-02, -1.24552E-02,NA,NA,NA,NA,NA,NA,NA,NA,NA,NA,NA,NA,NA,NA,NA,NA,NA,NA,NA,NA,NA,NA,NA,NA,NA,NA,NA,NA,NA,NA,NA,NA,NA,NA,NA,NA, -1.30841E-02, -1.24705E-02, -1.18100E-02, -1.11330E-02, -1.04599E-02, -9.80422E-03, -9.17462E-03, -8.57617E-03, -8.01158E-03, -7.48186E-03, -6.98688E-03, -6.52575E-03, -6.09710E-03, -5.69928E-03, -5.33045E-03,
 -5.86180E-03, -6.27133E-03, -6.71411E-03, -7.19257E-03, -7.70909E-03, -8.26594E-03, -8.86508E-03, -9.50799E-03, -1.01954E-02, -1.09266E-02, -1.16995E-02, -1.25090E-02, -1.33465E-02, -1.41979E-02, -1.50415E-02,NA,NA,NA,NA,NA,NA,NA,NA,NA,NA,NA,NA,NA,NA,NA,NA,NA,NA,NA,NA,NA,NA,NA,NA,NA,NA,NA,NA,NA,NA,NA,NA,NA,NA,NA,NA, -1.56260E-02, -1.46866E-02, -1.37602E-02, -1.28635E-02, -1.20068E-02, -1.11960E-02, -1.04341E-02, -9.72159E-03, -9.05790E-03, -8.44140E-03, -7.86989E-03, -7.34083E-03, -6.85156E-03, -6.39934E-03, -5.98150E-03,
 -6.52180E-03, -6.98298E-03, -7.48347E-03, -8.02674E-03, -8.61650E-03, -9.25660E-03, -9.95105E-03, -1.07039E-02, -1.15191E-02, -1.24003E-02, -1.33507E-02, -1.43725E-02, -1.54663E-02, -1.66307E-02, -1.78608E-02, -1.91466E-02,NA,NA,NA,NA,NA,NA,NA,NA,NA,NA,NA,NA,NA,NA,NA,NA,NA,NA,NA,NA,NA,NA,NA,NA,NA,NA,NA,NA,NA,NA,NA,NA,NA,NA, -1.97891E-02, -1.83935E-02, -1.70779E-02, -1.58464E-02, -1.46994E-02, -1.36353E-02, -1.26509E-02, -1.17420E-02, -1.09042E-02, -1.01325E-02, -9.42235E-03, -8.76891E-03, -8.16771E-03, -7.61453E-03, -7.10536E-03, -6.63652E-03,
 -7.18242E-03, -7.69660E-03, -8.25658E-03, -8.86698E-03, -9.53294E-03, -1.02601E-02, -1.10547E-02, -1.19237E-02, -1.28745E-02, -1.39156E-02, -1.50560E-02, -1.63057E-02, -1.76757E-02, -1.91779E-02, -2.08252E-02, -2.26317E-02,NA,NA,NA,NA,NA,NA,NA,NA,NA,NA,NA,NA,NA,NA,NA,NA,NA,NA,NA,NA,NA,NA,NA,NA,NA,NA,NA,NA,NA,NA,NA,NA,NA,NA, -2.32032E-02, -2.13010E-02, -1.95790E-02, -1.80181E-02, -1.66016E-02, -1.53148E-02, -1.41446E-02, -1.30793E-02, -1.21085E-02, -1.12230E-02, -1.04145E-02, -9.67550E-03, -8.99937E-03, -8.38012E-03, -7.81236E-03, -7.29126E-03,
 -7.83887E-03, -8.40657E-03, -9.02677E-03, -9.70531E-03, -1.04488E-02, -1.12648E-02, -1.21618E-02, -1.31497E-02, -1.42398E-02, -1.54450E-02, -1.67808E-02, -1.82648E-02, -1.99183E-02, -2.17666E-02, -2.38403E-02, -2.61770E-02,NA,NA,NA,NA,NA,NA,NA,NA,NA,NA,NA,NA,NA,NA,NA,NA,NA,NA,NA,NA,NA,NA,NA,NA,NA,NA,NA,NA,NA,NA,NA,NA,NA,NA, -2.66742E-02, -2.42561E-02, -2.21187E-02, -2.02203E-02, -1.85272E-02, -1.70116E-02, -1.56504E-02, -1.44245E-02, -1.33174E-02, -1.23154E-02, -1.14065E-02, -1.05803E-02, -9.82805E-03, -9.14184E-03, -8.51486E-03, -7.94109E-03,
 -8.48613E-03, -9.10695E-03, -9.78697E-03, -1.05333E-02, -1.13539E-02, -1.22583E-02, -1.32572E-02, -1.43635E-02, -1.55919E-02, -1.69601E-02, -1.84891E-02, -2.02043E-02, -2.21365E-02, -2.43232E-02, -2.68114E-02, -2.96599E-02, -3.29435E-02,NA,NA,NA,NA,NA,NA,NA,NA,NA,NA,NA,NA,NA,NA,NA,NA,NA,NA,NA,NA,NA,NA,NA,NA,NA,NA,NA,NA,NA,NA,NA,NA, -3.34519E-02, -3.00820E-02, -2.71661E-02, -2.46251E-02, -2.23968E-02, -2.04319E-02, -1.86906E-02, -1.71406E-02, -1.57553E-02, -1.45130E-02, -1.33951E-02, -1.23863E-02, -1.14735E-02, -1.06455E-02, -9.89283E-03, -9.20709E-03, -8.58111E-03,
 -9.11906E-03, -9.79167E-03, -1.05300E-02, -1.13422E-02, -1.22379E-02, -1.32281E-02, -1.43258E-02, -1.55464E-02, -1.69080E-02, -1.84324E-02, -2.01459E-02, -2.20804E-02, -2.42749E-02, -2.67778E-02, -2.96496E-02, -3.29667E-02, -3.68269E-02,NA,NA,NA,NA,NA,NA,NA,NA,NA,NA,NA,NA,NA,NA,NA,NA,NA,NA,NA,NA,NA,NA,NA,NA,NA,NA,NA,NA,NA,NA,NA,NA, -3.72447E-02, -3.33151E-02, -2.99438E-02, -2.70296E-02, -2.44934E-02, -2.22728E-02, -2.03176E-02, -1.85875E-02, -1.70496E-02, -1.56770E-02, -1.44472E-02, -1.33418E-02, -1.23449E-02, -1.14435E-02, -1.06261E-02, -9.88316E-03, -9.20634E-03,
 -9.73256E-03, -1.04547E-02, -1.12487E-02, -1.21238E-02, -1.30907E-02, -1.41621E-02, -1.53529E-02, -1.66806E-02, -1.81664E-02, -1.98355E-02, -2.17184E-02, -2.38524E-02, -2.62833E-02, -2.90677E-02, -3.22765E-02, -3.59992E-02,NA,NA,NA,NA,NA,NA,NA,NA,NA,NA,NA,NA,NA,NA,NA,NA,NA,NA,NA,NA,NA,NA,NA,NA,NA,NA,NA,NA,NA,NA,NA,NA,NA,NA, -3.62773E-02, -3.25125E-02, -2.92710E-02, -2.64610E-02, -2.40102E-02, -2.18605E-02, -1.99651E-02, -1.82860E-02, -1.67921E-02, -1.54576E-02, -1.42612E-02, -1.31849E-02, -1.22137E-02, -1.13348E-02, -1.05373E-02, -9.81183E-03,
 -1.03218E-02, -1.10904E-02, -1.19365E-02, -1.28700E-02, -1.39029E-02, -1.50491E-02, -1.63249E-02, -1.77500E-02, -1.93475E-02, -2.11455E-02, -2.31778E-02, -2.54855E-02, -2.81191E-02, -3.11410E-02, -3.46287E-02, -3.86796E-02,NA,NA,NA,NA,NA,NA,NA,NA,NA,NA,NA,NA,NA,NA,NA,NA,NA,NA,NA,NA,NA,NA,NA,NA,NA,NA,NA,NA,NA,NA,NA,NA,NA,NA, -3.88921E-02, -3.48100E-02, -3.12982E-02, -2.82579E-02, -2.56100E-02, -2.32913E-02, -2.12504E-02, -1.94456E-02, -1.78427E-02, -1.64132E-02, -1.51336E-02, -1.39842E-02, -1.29484E-02, -1.20123E-02, -1.11638E-02, -1.03929E-02,
NA, -1.16935E-02, -1.25870E-02, -1.35736E-02, -1.46659E-02, -1.58788E-02, -1.72300E-02, -1.87403E-02, -2.04346E-02, -2.23426E-02, -2.45004E-02, -2.69514E-02, -2.97488E-02, -3.29578E-02, -3.66591E-02, -4.09530E-02,NA,NA,NA,NA,NA,NA,NA,NA,NA,NA,NA,NA,NA,NA,NA,NA,NA,NA,NA,NA,NA,NA,NA,NA,NA,NA,NA,NA,NA,NA,NA,NA,NA, -4.61462E-02, -4.11057E-02, -3.67902E-02, -3.30725E-02, -2.98512E-02, -2.70446E-02, -2.45867E-02, -2.24239E-02, -2.05120E-02, -1.88148E-02, -1.73021E-02, -1.59490E-02, -1.47344E-02, -1.36406E-02, -1.26526E-02, -1.17577E-02,NA,
NA, -1.22591E-02, -1.31948E-02, -1.42281E-02, -1.53722E-02, -1.66428E-02, -1.80581E-02, -1.96399E-02, -2.14140E-02, -2.34110E-02, -2.56680E-02, -2.82292E-02, -3.11486E-02, -3.44917E-02, -3.83387E-02, -4.27882E-02, -4.79624E-02,NA,NA,NA,NA,NA,NA,NA,NA,NA,NA,NA,NA,NA,NA,NA,NA,NA,NA,NA,NA,NA,NA,NA,NA,NA,NA,NA,NA,NA,NA,NA,NA, -4.80801E-02, -4.28878E-02, -3.84247E-02, -3.45679E-02, -3.12178E-02, -2.82936E-02, -2.57292E-02, -2.34702E-02, -2.14719E-02, -1.96971E-02, -1.81149E-02, -1.66993E-02, -1.54285E-02, -1.42841E-02, -1.32506E-02, -1.23144E-02,NA,
NA,NA, -1.37554E-02, -1.48284E-02, -1.60160E-02, -1.73341E-02, -1.88015E-02, -2.04400E-02, -2.22758E-02, -2.43397E-02, -2.66684E-02, -2.93059E-02, -3.23049E-02, -3.57290E-02, -3.96551E-02, -4.41763E-02, -4.94062E-02,NA,NA,NA,NA,NA,NA,NA,NA,NA,NA,NA,NA,NA,NA,NA,NA,NA,NA,NA,NA,NA,NA,NA,NA,NA,NA,NA,NA,NA,NA,NA,NA, -4.94693E-02, -4.42295E-02, -3.97015E-02, -3.57710E-02, -3.23444E-02, -2.93443E-02, -2.67067E-02, -2.43786E-02, -2.23157E-02, -2.04811E-02, -1.88438E-02, -1.73777E-02, -1.60606E-02, -1.48739E-02, -1.38015E-02,NA,NA,
NA,NA, -1.42649E-02, -1.53703E-02, -1.65926E-02, -1.79478E-02, -1.94545E-02, -2.11346E-02, -2.30137E-02, -2.51220E-02, -2.74952E-02, -3.01755E-02, -3.32133E-02, -3.66681E-02, -4.06112E-02, -4.51275E-02, -5.03186E-02,NA,NA,NA,NA,NA,NA,NA,NA,NA,NA,NA,NA,NA,NA,NA,NA,NA,NA,NA,NA,NA,NA,NA,NA,NA,NA,NA,NA,NA,NA,NA,NA, -5.03357E-02, -4.51413E-02, -4.06235E-02, -3.66804E-02, -3.32267E-02, -3.01910E-02, -2.75131E-02, -2.51427E-02, -2.30372E-02, -2.11609E-02, -1.94835E-02, -1.79792E-02, -1.66262E-02, -1.54058E-02, -1.43020E-02,NA,NA,
NA,NA, -1.47208E-02, -1.58509E-02, -1.70989E-02, -1.84805E-02, -2.00139E-02, -2.17204E-02, -2.36247E-02, -2.57557E-02, -2.81473E-02, -3.08391E-02, -3.38776E-02, -3.73173E-02, -4.12222E-02, -4.56674E-02, -5.07403E-02,NA,NA,NA,NA,NA,NA,NA,NA,NA,NA,NA,NA,NA,NA,NA,NA,NA,NA,NA,NA,NA,NA,NA,NA,NA,NA,NA,NA,NA,NA,NA,NA, -5.07198E-02, -4.56485E-02, -4.12059E-02, -3.73044E-02, -3.38687E-02, -3.08346E-02, -2.81473E-02, -2.57603E-02, -2.36336E-02, -2.17334E-02, -2.00308E-02, -1.85008E-02, -1.71224E-02, -1.58771E-02, -1.47493E-02,NA,NA,
NA,NA, -1.51213E-02, -1.62685E-02, -1.75332E-02, -1.89307E-02, -2.04785E-02, -2.21968E-02, -2.41091E-02, -2.62425E-02, -2.86283E-02, -3.13029E-02, -3.43084E-02, -3.76932E-02, -4.15133E-02, -4.58327E-02, -5.07246E-02, -5.62713E-02,NA,NA,NA,NA,NA,NA,NA,NA,NA,NA,NA,NA,NA,NA,NA,NA,NA,NA,NA,NA,NA,NA,NA,NA,NA,NA,NA,NA,NA,NA, -5.62158E-02, -5.06740E-02, -4.57874E-02, -4.14736E-02, -3.76594E-02, -3.42808E-02, -3.12815E-02, -2.86130E-02, -2.62330E-02, -2.41052E-02, -2.21981E-02, -2.04845E-02, -1.89411E-02, -1.75475E-02, -1.62861E-02,NA,NA,NA,
NA,NA,NA, -1.66224E-02, -1.78952E-02, -1.92986E-02, -2.08490E-02, -2.25655E-02, -2.44699E-02, -2.65871E-02, -2.89456E-02, -3.15780E-02, -3.45215E-02, -3.78182E-02, -4.15156E-02, -4.56671E-02, -5.03313E-02, -5.55725E-02,NA,NA,NA,NA,NA,NA,NA,NA,NA,NA,NA,NA,NA,NA,NA,NA,NA,NA,NA,NA,NA,NA,NA,NA,NA,NA,NA,NA,NA,NA, -5.54911E-02, -5.02576E-02, -4.56010E-02, -4.14574E-02, -3.77677E-02, -3.44786E-02, -3.15426E-02, -2.89174E-02, -2.65657E-02, -2.44550E-02, -2.25565E-02, -2.08455E-02, -1.93001E-02, -1.79012E-02, -1.66323E-02,NA,NA,NA,
NA,NA,NA, -1.69131E-02, -1.81859E-02, -1.95857E-02, -2.11279E-02, -2.28302E-02, -2.47124E-02, -2.67970E-02, -2.91096E-02, -3.16787E-02, -3.45364E-02, -3.77186E-02, -4.12645E-02, -4.52171E-02, -4.96223E-02, -5.45278E-02, -5.99816E-02,NA,NA,NA,NA,NA,NA,NA,NA,NA,NA,NA,NA,NA,NA,NA,NA,NA,NA,NA,NA,NA,NA,NA,NA,NA,NA,NA,NA, -5.98719E-02, -5.44278E-02, -4.95316E-02, -4.51356E-02, -4.11920E-02, -3.76549E-02, -3.44814E-02, -3.16319E-02, -2.90708E-02, -2.67657E-02, -2.46881E-02, -2.28124E-02, -2.11162E-02, -1.95794E-02, -1.81845E-02, -1.69161E-02,NA,NA,NA,
NA,NA,NA, -1.71419E-02, -1.84071E-02, -1.97947E-02, -2.13191E-02, -2.29961E-02, -2.48437E-02, -2.68818E-02, -2.91328E-02, -3.16214E-02, -3.43748E-02, -3.74225E-02, -4.07963E-02, -4.45299E-02, -4.86575E-02, -5.32133E-02, -5.82285E-02,NA,NA,NA,NA,NA,NA,NA,NA,NA,NA,NA,NA,NA,NA,NA,NA,NA,NA,NA,NA,NA,NA,NA,NA,NA,NA,NA,NA, -5.81056E-02, -5.31007E-02, -4.85551E-02, -4.44374E-02, -4.07135E-02, -3.73490E-02, -3.43104E-02, -3.15658E-02, -2.90856E-02, -2.68424E-02, -2.48117E-02, -2.29710E-02, -2.13003E-02, -1.97817E-02, -1.83993E-02, -1.71389E-02,NA,NA,NA,
NA,NA,NA,NA, -1.85618E-02, -1.99296E-02, -2.14275E-02, -2.30697E-02, -2.48721E-02, -2.68522E-02, -2.90292E-02, -3.14240E-02, -3.40591E-02, -3.69585E-02, -4.01471E-02, -4.36502E-02, -4.74927E-02, -5.16971E-02, -5.62819E-02, -6.12589E-02,NA,NA,NA,NA,NA,NA,NA,NA,NA,NA,NA,NA,NA,NA,NA,NA,NA,NA,NA,NA,NA,NA,NA,NA,NA,NA, -6.11180E-02, -5.61516E-02, -5.15771E-02, -4.73829E-02, -4.35505E-02, -4.00571E-02, -3.68781E-02, -3.39880E-02, -3.13618E-02, -2.89755E-02, -2.68065E-02, -2.48339E-02, -2.30386E-02, -2.14028E-02, -1.99109E-02, -1.85485E-02,NA,NA,NA,NA,
NA,NA,NA,NA, -1.86535E-02, -1.99949E-02, -2.14589E-02, -2.30584E-02, -2.48070E-02, -2.67199E-02, -2.88132E-02, -3.11045E-02, -3.36118E-02, -3.63542E-02, -3.93506E-02, -4.26195E-02, -4.61774E-02, -5.00383E-02, -5.42109E-02, -5.86966E-02, -6.34865E-02,NA,NA,NA,NA,NA,NA,NA,NA,NA,NA,NA,NA,NA,NA,NA,NA,NA,NA,NA,NA,NA,NA,NA,NA, -6.33339E-02, -5.85536E-02, -5.40777E-02, -4.99150E-02, -4.60639E-02, -4.25157E-02, -3.92564E-02, -3.62694E-02, -3.35361E-02, -3.10375E-02, -2.87547E-02, -2.66693E-02, -2.47640E-02, -2.30224E-02, -2.14295E-02, -1.99714E-02, -1.86356E-02,NA,NA,NA,NA,
NA,NA,NA,NA, -1.86863E-02, -1.99956E-02, -2.14197E-02, -2.29699E-02, -2.46579E-02, -2.64966E-02, -2.84995E-02, -3.06807E-02, -3.30547E-02, -3.56359E-02, -3.84383E-02, -4.14745E-02, -4.47551E-02, -4.82868E-02, -5.20714E-02, -5.61034E-02, -6.03679E-02, -6.48378E-02,NA,NA,NA,NA,NA,NA,NA,NA,NA,NA,NA,NA,NA,NA,NA,NA,NA,NA,NA,NA,NA,NA, -6.46804E-02, -6.02182E-02, -5.59620E-02, -5.19387E-02, -4.81632E-02, -4.46406E-02, -4.13692E-02, -3.83421E-02, -3.55486E-02, -3.29762E-02, -3.06107E-02, -2.84377E-02, -2.64426E-02, -2.46113E-02, -2.29302E-02, -2.13865E-02, -1.99683E-02, -1.86646E-02,NA,NA,NA,NA,
NA,NA,NA,NA,NA, -1.99372E-02, -2.13166E-02, -2.28124E-02, -2.44348E-02, -2.61944E-02, -2.81023E-02, -3.01697E-02, -3.24077E-02, -3.48272E-02, -3.74378E-02, -4.02476E-02, -4.32622E-02, -4.64832E-02, -4.99076E-02, -5.35254E-02, -5.73184E-02, -6.12582E-02, -6.53043E-02,NA,NA,NA,NA,NA,NA,NA,NA,NA,NA,NA,NA,NA,NA,NA,NA,NA,NA,NA,NA, -6.51493E-02, -6.11080E-02, -5.71743E-02, -5.33883E-02, -4.97781E-02, -4.63617E-02, -4.31489E-02, -4.01428E-02, -3.73414E-02, -3.47392E-02, -3.23281E-02, -3.00981E-02, -2.80385E-02, -2.61381E-02, -2.43856E-02, -2.27699E-02, -2.12804E-02, -1.99069E-02,NA,NA,NA,NA,NA,
NA,NA,NA,NA,NA, -1.98254E-02, -2.11562E-02, -2.25940E-02, -2.41472E-02, -2.58246E-02, -2.76350E-02, -2.95872E-02, -3.16895E-02, -3.39495E-02, -3.63736E-02, -3.89662E-02, -4.17291E-02, -4.46604E-02, -4.77537E-02, -5.09965E-02, -5.43692E-02, -5.78437E-02, -6.13825E-02, -6.49376E-02, -6.84510E-02,NA,NA,NA,NA,NA,NA,NA,NA,NA,NA,NA,NA,NA,NA,NA,NA, -6.83056E-02, -6.47915E-02, -6.12379E-02, -5.77024E-02, -5.42325E-02, -5.08654E-02, -4.76290E-02, -4.45427E-02, -4.16187E-02, -3.88634E-02, -3.62785E-02, -3.38622E-02, -3.16099E-02, -2.95152E-02, -2.75704E-02, -2.57670E-02, -2.40964E-02, -2.25496E-02, -2.11179E-02, -1.97929E-02,NA,NA,NA,NA,NA,
NA,NA,NA,NA,NA,NA, -2.09454E-02, -2.23225E-02, -2.38044E-02, -2.53980E-02, -2.71103E-02, -2.89478E-02, -3.09166E-02, -3.30216E-02, -3.52666E-02, -3.76532E-02, -4.01804E-02, -4.28440E-02, -4.56354E-02, -4.85408E-02, -5.15405E-02, -5.46078E-02, -5.77086E-02, -6.08009E-02, -6.38352E-02, -6.67553E-02, -6.95001E-02,NA,NA,NA,NA,NA,NA,NA,NA,NA,NA,NA,NA, -6.93796E-02, -6.66276E-02, -6.37032E-02, -6.06671E-02, -5.75750E-02, -5.44761E-02, -5.14121E-02, -4.84168E-02, -4.55167E-02, -4.27312E-02, -4.00740E-02, -3.75535E-02, -3.51739E-02, -3.29360E-02, -3.08380E-02, -2.88763E-02, -2.70456E-02, -2.53400E-02, -2.37528E-02, -2.22770E-02, -2.09057E-02,NA,NA,NA,NA,NA,NA,
NA,NA,NA,NA,NA,NA,NA, -2.20056E-02, -2.34152E-02, -2.49247E-02, -2.65396E-02, -2.82645E-02, -3.01035E-02, -3.20596E-02, -3.41344E-02, -3.63274E-02, -3.86358E-02, -4.10537E-02, -4.35713E-02, -4.61745E-02, -4.88442E-02, -5.15557E-02, -5.42784E-02, -5.69758E-02, -5.96060E-02, -6.21221E-02, -6.44743E-02, -6.66112E-02, -6.84824E-02, -7.00410E-02, -7.12460E-02,NA,NA,NA,NA, -7.11948E-02, -6.99720E-02, -6.83981E-02, -6.65141E-02, -6.43672E-02, -6.20077E-02, -5.94867E-02, -5.68539E-02, -5.41557E-02, -5.14338E-02, -4.87245E-02, -4.60582E-02, -4.34592E-02, -4.09466E-02, -3.85343E-02, -3.62317E-02, -3.40449E-02, -3.19765E-02, -3.00268E-02, -2.81942E-02, -2.64756E-02, -2.48670E-02, -2.33634E-02, -2.19596E-02,NA,NA,NA,NA,NA,NA,NA,
NA,NA,NA,NA,NA,NA,NA, -2.16504E-02, -2.29876E-02, -2.44139E-02, -2.59331E-02, -2.75486E-02, -2.92628E-02, -3.10772E-02, -3.29915E-02, -3.50041E-02, -3.71106E-02, -3.93041E-02, -4.15745E-02, -4.39079E-02, -4.62862E-02, -4.86869E-02, -5.10829E-02, -5.34427E-02, -5.57307E-02, -5.79079E-02, -5.99334E-02, -6.17656E-02, -6.33641E-02, -6.46915E-02, -6.57153E-02, -6.64098E-02, -6.67569E-02, -6.67477E-02, -6.63825E-02, -6.56709E-02, -6.46314E-02, -6.32901E-02, -6.16799E-02, -5.98382E-02, -5.78055E-02, -5.56231E-02, -5.33320E-02, -5.09707E-02, -4.85747E-02, -4.61754E-02, -4.37995E-02, -4.14695E-02, -3.92032E-02, -3.70143E-02, -3.49129E-02, -3.29059E-02, -3.09972E-02, -2.91886E-02, -2.74802E-02, -2.58705E-02, -2.43570E-02, -2.29363E-02, -2.16044E-02,NA,NA,NA,NA,NA,NA,NA,
NA,NA,NA,NA,NA,NA,NA,NA, -2.25291E-02, -2.38738E-02, -2.53002E-02, -2.68103E-02, -2.84055E-02, -3.00858E-02, -3.18501E-02, -3.36952E-02, -3.56163E-02, -3.76060E-02, -3.96539E-02, -4.17469E-02, -4.38681E-02, -4.59973E-02, -4.81107E-02, -5.01810E-02, -5.21782E-02, -5.40696E-02, -5.58217E-02, -5.74005E-02, -5.87733E-02, -5.99102E-02, -6.07852E-02, -6.13777E-02, -6.16736E-02, -6.16656E-02, -6.13540E-02, -6.07464E-02, -5.98575E-02, -5.87082E-02, -5.73247E-02, -5.57371E-02, -5.39780E-02, -5.20813E-02, -5.00807E-02, -4.80084E-02, -4.58944E-02, -4.37659E-02, -4.16464E-02, -3.95560E-02, -3.75114E-02, -3.55257E-02, -3.36089E-02, -3.17685E-02, -3.00093E-02, -2.83342E-02, -2.67442E-02, -2.52393E-02, -2.38182E-02, -2.24786E-02,NA,NA,NA,NA,NA,NA,NA,NA,
NA,NA,NA,NA,NA,NA,NA,NA,NA, -2.33117E-02, -2.46487E-02, -2.60582E-02, -2.75406E-02, -2.90951E-02, -3.07195E-02, -3.24102E-02, -3.41618E-02, -3.59667E-02, -3.78148E-02, -3.96938E-02, -4.15884E-02, -4.34803E-02, -4.53487E-02, -4.71703E-02, -4.89194E-02, -5.05689E-02, -5.20908E-02, -5.34575E-02, -5.46423E-02, -5.56210E-02, -5.63729E-02, -5.68813E-02, -5.71349E-02, -5.71279E-02, -5.68605E-02, -5.63389E-02, -5.55748E-02, -5.45849E-02, -5.33904E-02, -5.20155E-02, -5.04869E-02, -4.88323E-02, -4.70795E-02, -4.52557E-02, -4.33862E-02, -4.14944E-02, -3.96010E-02, -3.77239E-02, -3.58784E-02, -3.40768E-02, -3.23289E-02, -3.06423E-02, -2.90223E-02, -2.74724E-02, -2.59947E-02, -2.45900E-02, -2.32578E-02,NA,NA,NA,NA,NA,NA,NA,NA,NA,
NA,NA,NA,NA,NA,NA,NA,NA,NA, -2.27343E-02, -2.39856E-02, -2.52995E-02, -2.66757E-02, -2.81125E-02, -2.96073E-02, -3.11561E-02, -3.27531E-02, -3.43909E-02, -3.60600E-02, -3.77487E-02, -3.94433E-02, -4.11276E-02, -4.27835E-02, -4.43906E-02, -4.59274E-02, -4.73711E-02, -4.86984E-02, -4.98866E-02, -5.09139E-02, -5.17606E-02, -5.24098E-02, -5.28483E-02, -5.30668E-02, -5.30606E-02, -5.28301E-02, -5.23800E-02, -5.17198E-02, -5.08632E-02, -4.98271E-02, -4.86313E-02, -4.72977E-02, -4.58491E-02, -4.43086E-02, -4.26990E-02, -4.10418E-02, -3.93572E-02, -3.76632E-02, -3.59758E-02, -3.43088E-02, -3.26737E-02, -3.10798E-02, -2.95346E-02, -2.80436E-02, -2.66108E-02, -2.52389E-02, -2.39292E-02, -2.26822E-02,NA,NA,NA,NA,NA,NA,NA,NA,NA,
NA,NA,NA,NA,NA,NA,NA,NA,NA,NA, -2.33168E-02, -2.45405E-02, -2.58170E-02, -2.71443E-02, -2.85194E-02, -2.99380E-02, -3.13944E-02, -3.28814E-02, -3.43901E-02, -3.59097E-02, -3.74279E-02, -3.89304E-02, -4.04012E-02, -4.18231E-02, -4.31776E-02, -4.44456E-02, -4.56076E-02, -4.66448E-02, -4.75394E-02, -4.82752E-02, -4.88385E-02, -4.92184E-02, -4.94075E-02, -4.94021E-02, -4.92023E-02, -4.88121E-02, -4.82392E-02, -4.74944E-02, -4.65919E-02, -4.55477E-02, -4.43798E-02, -4.31072E-02, -4.17491E-02, -4.03246E-02, -3.88522E-02, -3.73491E-02, -3.58311E-02, -3.43124E-02, -3.28053E-02, -3.13205E-02, -2.98667E-02, -2.84511E-02, -2.70794E-02, -2.57556E-02, -2.44828E-02, -2.32629E-02,NA,NA,NA,NA,NA,NA,NA,NA,NA,NA,
NA,NA,NA,NA,NA,NA,NA,NA,NA,NA,NA, -2.37861E-02, -2.49695E-02, -2.61953E-02, -2.74602E-02, -2.87597E-02, -3.00884E-02, -3.14395E-02, -3.28045E-02, -3.41738E-02, -3.55362E-02, -3.68791E-02, -3.81888E-02, -3.94502E-02, -4.06476E-02, -4.17649E-02, -4.27859E-02, -4.36949E-02, -4.44771E-02, -4.51192E-02, -4.56100E-02, -4.59407E-02, -4.61052E-02, -4.61005E-02, -4.59265E-02, -4.55867E-02, -4.50872E-02, -4.44371E-02, -4.36477E-02, -4.27324E-02, -4.17060E-02, -4.05842E-02, -3.93833E-02, -3.81193E-02, -3.68079E-02, -3.54641E-02, -3.41016E-02, -3.27329E-02, -3.13691E-02, -3.00198E-02, -2.86933E-02, -2.73962E-02, -2.61343E-02, -2.49116E-02, -2.37315E-02,NA,NA,NA,NA,NA,NA,NA,NA,NA,NA,NA,
NA,NA,NA,NA,NA,NA,NA,NA,NA,NA,NA,NA, -2.41374E-02, -2.52692E-02, -2.64327E-02, -2.76236E-02, -2.88365E-02, -3.00650E-02, -3.13014E-02, -3.25370E-02, -3.37617E-02, -3.49645E-02, -3.61333E-02, -3.72553E-02, -3.83170E-02, -3.93047E-02, -4.02049E-02, -4.10044E-02, -4.16909E-02, -4.22536E-02, -4.26831E-02, -4.29722E-02, -4.31159E-02, -4.31116E-02, -4.29596E-02, -4.26624E-02, -4.22252E-02, -4.16553E-02, -4.09623E-02, -4.01570E-02, -3.92518E-02, -3.82599E-02, -3.71948E-02, -3.60703E-02, -3.48997E-02, -3.36959E-02, -3.24708E-02, -3.12356E-02, -3.00000E-02, -2.87729E-02, -2.75617E-02, -2.63730E-02, -2.52120E-02, -2.40829E-02,NA,NA,NA,NA,NA,NA,NA,NA,NA,NA,NA,NA,
NA,NA,NA,NA,NA,NA,NA,NA,NA,NA,NA,NA,NA,NA, -2.54392E-02, -2.65309E-02, -2.76389E-02, -2.87570E-02, -2.98783E-02, -3.09949E-02, -3.20978E-02, -3.31772E-02, -3.42228E-02, -3.52233E-02, -3.61673E-02, -3.70431E-02, -3.78394E-02, -3.85451E-02, -3.91499E-02, -3.96449E-02, -4.00222E-02, -4.02759E-02, -4.04019E-02, -4.03982E-02, -4.02647E-02, -4.00038E-02, -3.96196E-02, -3.91182E-02, -3.85074E-02, -3.77965E-02, -3.69956E-02, -3.61158E-02, -3.51686E-02, -3.41656E-02, -3.31183E-02, -3.20377E-02, -3.09343E-02, -2.98179E-02, -2.86971E-02, -2.75801E-02, -2.64735E-02, -2.53836E-02,NA,NA,NA,NA,NA,NA,NA,NA,NA,NA,NA,NA,NA,NA,
