NA,NA,NA,NA,NA,NA,NA,NA,NA,NA,NA,NA,NA,NA,NA,NA,NA,NA,NA,NA,NA,  1.58752E-02,  1.60835E-02,  1.62804E-02,  1.64652E-02,  1.66377E-02,  1.67972E-02,  1.69436E-02,  1.70763E-02,  1.71951E-02,  1.72996E-02,  1.73894E-02,  1.74643E-02,  1.75238E-02,  1.75676E-02,  1.75955E-02,  1.76070E-02,  1.76021E-02,  1.75803E-02,  1.75417E-02,  1.74862E-02,  1.74136E-02,  1.73242E-02,  1.72180E-02,  1.70954E-02,  1.69567E-02,  1.68024E-02,  1.66330E-02,  1.64491E-02,  1.62515E-02,  1.60408E-02,  1.58180E-02,NA,NA,NA,NA,NA,NA,NA,NA,NA,NA,NA,NA,NA,NA,NA,NA,NA,NA,NA,NA,NA,
NA,NA,NA,NA,NA,NA,NA,NA,NA,NA,NA,NA,NA,NA,NA,NA,NA,NA,NA,  1.59541E-02,  1.61979E-02,  1.64306E-02,  1.66515E-02,  1.68601E-02,  1.70559E-02,  1.72385E-02,  1.74074E-02,  1.75623E-02,  1.77027E-02,  1.78284E-02,  1.79390E-02,  1.80342E-02,  1.81135E-02,  1.81766E-02,  1.82231E-02,  1.82527E-02,  1.82650E-02,  1.82598E-02,  1.82367E-02,  1.81955E-02,  1.81362E-02,  1.80588E-02,  1.79632E-02,  1.78498E-02,  1.77187E-02,  1.75703E-02,  1.74052E-02,  1.72240E-02,  1.70273E-02,  1.68158E-02,  1.65906E-02,  1.63524E-02,  1.61023E-02,  1.58412E-02,NA,NA,NA,NA,NA,NA,NA,NA,NA,NA,NA,NA,NA,NA,NA,NA,NA,NA,NA,
NA,NA,NA,NA,NA,NA,NA,NA,NA,NA,NA,NA,NA,NA,NA,NA,NA,  1.59591E-02,  1.62396E-02,  1.65098E-02,  1.67688E-02,  1.70158E-02,  1.72502E-02,  1.74713E-02,  1.76787E-02,  1.78719E-02,  1.80506E-02,  1.82143E-02,  1.83628E-02,  1.84957E-02,  1.86127E-02,  1.87134E-02,  1.87974E-02,  1.88643E-02,  1.89137E-02,  1.89452E-02,  1.89583E-02,  1.89527E-02,  1.89281E-02,  1.88842E-02,  1.88209E-02,  1.87382E-02,  1.86360E-02,  1.85146E-02,  1.83743E-02,  1.82155E-02,  1.80387E-02,  1.78446E-02,  1.76339E-02,  1.74075E-02,  1.71664E-02,  1.69115E-02,  1.66440E-02,  1.63649E-02,  1.60756E-02,  1.57771E-02,NA,NA,NA,NA,NA,NA,NA,NA,NA,NA,NA,NA,NA,NA,NA,NA,NA,
NA,NA,NA,NA,NA,NA,NA,NA,NA,NA,NA,NA,NA,NA,NA,NA,  1.62009E-02,  1.65098E-02,  1.68085E-02,  1.70960E-02,  1.73713E-02,  1.76336E-02,  1.78822E-02,  1.81165E-02,  1.83361E-02,  1.85404E-02,  1.87293E-02,  1.89022E-02,  1.90591E-02,  1.91995E-02,  1.93231E-02,  1.94296E-02,  1.95186E-02,  1.95895E-02,  1.96419E-02,  1.96754E-02,  1.96894E-02,  1.96834E-02,  1.96572E-02,  1.96104E-02,  1.95427E-02,  1.94542E-02,  1.93448E-02,  1.92148E-02,  1.90645E-02,  1.88942E-02,  1.87047E-02,  1.84966E-02,  1.82707E-02,  1.80281E-02,  1.77697E-02,  1.74967E-02,  1.72102E-02,  1.69117E-02,  1.66023E-02,  1.62833E-02,  1.59562E-02,  1.56223E-02,NA,NA,NA,NA,NA,NA,NA,NA,NA,NA,NA,NA,NA,NA,NA,
NA,NA,NA,NA,NA,NA,NA,NA,NA,NA,NA,NA,NA,NA,  1.60740E-02,  1.64220E-02,  1.67614E-02,  1.70909E-02,  1.74093E-02,  1.77154E-02,  1.80082E-02,  1.82868E-02,  1.85506E-02,  1.87988E-02,  1.90311E-02,  1.92471E-02,  1.94464E-02,  1.96290E-02,  1.97944E-02,  1.99426E-02,  2.00731E-02,  2.01856E-02,  2.02797E-02,  2.03549E-02,  2.04105E-02,  2.04461E-02,  2.04610E-02,  2.04547E-02,  2.04267E-02,  2.03767E-02,  2.03043E-02,  2.02095E-02,  2.00923E-02,  1.99529E-02,  1.97915E-02,  1.96088E-02,  1.94053E-02,  1.91819E-02,  1.89395E-02,  1.86791E-02,  1.84019E-02,  1.81092E-02,  1.78023E-02,  1.74825E-02,  1.71513E-02,  1.68103E-02,  1.64608E-02,  1.61044E-02,  1.57424E-02,NA,NA,NA,NA,NA,NA,NA,NA,NA,NA,NA,NA,NA,NA,
NA,NA,NA,NA,NA,NA,NA,NA,NA,NA,NA,NA,NA,  1.62389E-02,  1.66185E-02,  1.69905E-02,  1.73532E-02,  1.77051E-02,  1.80449E-02,  1.83712E-02,  1.86828E-02,  1.89790E-02,  1.92588E-02,  1.95217E-02,  1.97673E-02,  1.99953E-02,  2.02055E-02,  2.03978E-02,  2.05721E-02,  2.07282E-02,  2.08658E-02,  2.09846E-02,  2.10841E-02,  2.11637E-02,  2.12228E-02,  2.12607E-02,  2.12766E-02,  2.12699E-02,  2.12401E-02,  2.11865E-02,  2.11090E-02,  2.10072E-02,  2.08813E-02,  2.07315E-02,  2.05581E-02,  2.03616E-02,  2.01429E-02,  1.99027E-02,  1.96422E-02,  1.93624E-02,  1.90647E-02,  1.87505E-02,  1.84212E-02,  1.80784E-02,  1.77237E-02,  1.73587E-02,  1.69850E-02,  1.66043E-02,  1.62181E-02,  1.58279E-02,  1.54353E-02,NA,NA,NA,NA,NA,NA,NA,NA,NA,NA,NA,NA,
NA,NA,NA,NA,NA,NA,NA,NA,NA,NA,NA,NA,  1.63732E-02,  1.67861E-02,  1.71927E-02,  1.75910E-02,  1.79793E-02,  1.83558E-02,  1.87189E-02,  1.90671E-02,  1.93992E-02,  1.97141E-02,  2.00110E-02,  2.02893E-02,  2.05488E-02,  2.07892E-02,  2.10105E-02,  2.12128E-02,  2.13961E-02,  2.15602E-02,  2.17051E-02,  2.18304E-02,  2.19355E-02,  2.20199E-02,  2.20827E-02,  2.21230E-02,  2.21401E-02,  2.21330E-02,  2.21011E-02,  2.20436E-02,  2.19603E-02,  2.18509E-02,  2.17154E-02,  2.15540E-02,  2.13672E-02,  2.11556E-02,  2.09199E-02,  2.06613E-02,  2.03808E-02,  2.00798E-02,  1.97597E-02,  1.94220E-02,  1.90683E-02,  1.87005E-02,  1.83201E-02,  1.79292E-02,  1.75293E-02,  1.71224E-02,  1.67101E-02,  1.62941E-02,  1.58760E-02,  1.54574E-02,NA,NA,NA,NA,NA,NA,NA,NA,NA,NA,NA,
NA,NA,NA,NA,NA,NA,NA,NA,NA,NA,  1.60225E-02,  1.64724E-02,  1.69199E-02,  1.73628E-02,  1.77991E-02,  1.82266E-02,  1.86432E-02,  1.90469E-02,  1.94356E-02,  1.98078E-02,  2.01621E-02,  2.04971E-02,  2.08122E-02,  2.11068E-02,  2.13806E-02,  2.16338E-02,  2.18664E-02,  2.20788E-02,  2.22710E-02,  2.24433E-02,  2.25957E-02,  2.27276E-02,  2.28387E-02,  2.29282E-02,  2.29950E-02,  2.30382E-02,  2.30565E-02,  2.30490E-02,  2.30147E-02,  2.29529E-02,  2.28630E-02,  2.27449E-02,  2.25986E-02,  2.24242E-02,  2.22224E-02,  2.19938E-02,  2.17395E-02,  2.14604E-02,  2.11579E-02,  2.08335E-02,  2.04887E-02,  2.01252E-02,  1.97449E-02,  1.93497E-02,  1.89416E-02,  1.85224E-02,  1.80941E-02,  1.76589E-02,  1.72184E-02,  1.67747E-02,  1.63293E-02,  1.58839E-02,  1.54401E-02,NA,NA,NA,NA,NA,NA,NA,NA,NA,NA,
NA,NA,NA,NA,NA,NA,NA,NA,NA,  1.60491E-02,  1.65319E-02,  1.70147E-02,  1.74955E-02,  1.79717E-02,  1.84411E-02,  1.89011E-02,  1.93492E-02,  1.97829E-02,  2.02001E-02,  2.05988E-02,  2.09772E-02,  2.13341E-02,  2.16687E-02,  2.19803E-02,  2.22691E-02,  2.25353E-02,  2.27792E-02,  2.30016E-02,  2.32028E-02,  2.33834E-02,  2.35432E-02,  2.36822E-02,  2.37997E-02,  2.38947E-02,  2.39660E-02,  2.40123E-02,  2.40321E-02,  2.40241E-02,  2.39872E-02,  2.39203E-02,  2.38230E-02,  2.36949E-02,  2.35361E-02,  2.33470E-02,  2.31281E-02,  2.28804E-02,  2.26049E-02,  2.23030E-02,  2.19760E-02,  2.16256E-02,  2.12536E-02,  2.08619E-02,  2.04524E-02,  2.00273E-02,  1.95887E-02,  1.91389E-02,  1.86799E-02,  1.82140E-02,  1.77432E-02,  1.72695E-02,  1.67949E-02,  1.63210E-02,  1.58495E-02,  1.53818E-02,NA,NA,NA,NA,NA,NA,NA,NA,NA,
NA,NA,NA,NA,NA,NA,NA,NA,  1.60316E-02,  1.65468E-02,  1.70652E-02,  1.75846E-02,  1.81023E-02,  1.86158E-02,  1.91222E-02,  1.96186E-02,  2.01020E-02,  2.05696E-02,  2.10186E-02,  2.14466E-02,  2.18518E-02,  2.22326E-02,  2.25881E-02,  2.29179E-02,  2.32221E-02,  2.35014E-02,  2.37567E-02,  2.39889E-02,  2.41990E-02,  2.43877E-02,  2.45554E-02,  2.47018E-02,  2.48262E-02,  2.49274E-02,  2.50039E-02,  2.50539E-02,  2.50754E-02,  2.50669E-02,  2.50268E-02,  2.49539E-02,  2.48477E-02,  2.47079E-02,  2.45345E-02,  2.43282E-02,  2.40896E-02,  2.38200E-02,  2.35205E-02,  2.31928E-02,  2.28383E-02,  2.24590E-02,  2.20568E-02,  2.16337E-02,  2.11922E-02,  2.07343E-02,  2.02625E-02,  1.97793E-02,  1.92869E-02,  1.87878E-02,  1.82843E-02,  1.77785E-02,  1.72724E-02,  1.67680E-02,  1.62670E-02,  1.57709E-02,  1.52811E-02,NA,NA,NA,NA,NA,NA,NA,NA,
NA,NA,NA,NA,NA,NA,NA,  1.59666E-02,  1.65131E-02,  1.70663E-02,  1.76241E-02,  1.81840E-02,  1.87432E-02,  1.92985E-02,  1.98467E-02,  2.03843E-02,  2.09077E-02,  2.14135E-02,  2.18985E-02,  2.23598E-02,  2.27949E-02,  2.32021E-02,  2.35804E-02,  2.39295E-02,  2.42498E-02,  2.45424E-02,  2.48088E-02,  2.50505E-02,  2.52693E-02,  2.54662E-02,  2.56419E-02,  2.57964E-02,  2.59286E-02,  2.60371E-02,  2.61197E-02,  2.61741E-02,  2.61979E-02,  2.61887E-02,  2.61447E-02,  2.60645E-02,  2.59475E-02,  2.57934E-02,  2.56025E-02,  2.53757E-02,  2.51140E-02,  2.48188E-02,  2.44916E-02,  2.41343E-02,  2.37487E-02,  2.33367E-02,  2.29007E-02,  2.24430E-02,  2.19658E-02,  2.14719E-02,  2.09637E-02,  2.04440E-02,  1.99153E-02,  1.93803E-02,  1.88414E-02,  1.83010E-02,  1.77612E-02,  1.72242E-02,  1.66917E-02,  1.61655E-02,  1.56469E-02,  1.51372E-02,NA,NA,NA,NA,NA,NA,NA,
NA,NA,NA,NA,NA,NA,NA,  1.64268E-02,  1.70133E-02,  1.76085E-02,  1.82101E-02,  1.88154E-02,  1.94211E-02,  2.00237E-02,  2.06194E-02,  2.12040E-02,  2.17733E-02,  2.23231E-02,  2.28495E-02,  2.33487E-02,  2.38179E-02,  2.42549E-02,  2.46584E-02,  2.50284E-02,  2.53656E-02,  2.56716E-02,  2.59488E-02,  2.61998E-02,  2.64269E-02,  2.66320E-02,  2.68163E-02,  2.69796E-02,  2.71210E-02,  2.72383E-02,  2.73287E-02,  2.73887E-02,  2.74152E-02,  2.74052E-02,  2.73563E-02,  2.72668E-02,  2.71361E-02,  2.69642E-02,  2.67517E-02,  2.64999E-02,  2.62102E-02,  2.58846E-02,  2.55249E-02,  2.51333E-02,  2.47118E-02,  2.42628E-02,  2.37887E-02,  2.32919E-02,  2.27753E-02,  2.22414E-02,  2.16932E-02,  2.11335E-02,  2.05653E-02,  1.99912E-02,  1.94141E-02,  1.88364E-02,  1.82606E-02,  1.76888E-02,  1.71229E-02,  1.65646E-02,  1.60156E-02,  1.54770E-02,  1.49500E-02,NA,NA,NA,NA,NA,NA,
NA,NA,NA,NA,NA,NA,  1.62854E-02,  1.69023E-02,  1.75326E-02,  1.81743E-02,  1.88248E-02,  1.94810E-02,  2.01394E-02,  2.07959E-02,  2.14460E-02,  2.20849E-02,  2.27074E-02,  2.33085E-02,  2.38831E-02,  2.44267E-02,  2.49356E-02,  2.54069E-02,  2.58392E-02,  2.62322E-02,  2.65874E-02,  2.69072E-02,  2.71949E-02,  2.74545E-02,  2.76895E-02,  2.79030E-02,  2.80966E-02,  2.82705E-02,  2.84231E-02,  2.85516E-02,  2.86520E-02,  2.87195E-02,  2.87497E-02,  2.87386E-02,  2.86832E-02,  2.85815E-02,  2.84330E-02,  2.82381E-02,  2.79981E-02,  2.77148E-02,  2.73907E-02,  2.70280E-02,  2.66293E-02,  2.61971E-02,  2.57338E-02,  2.52421E-02,  2.47244E-02,  2.41836E-02,  2.36226E-02,  2.30443E-02,  2.24518E-02,  2.18482E-02,  2.12367E-02,  2.06203E-02,  2.00018E-02,  1.93840E-02,  1.87695E-02,  1.81605E-02,  1.75591E-02,  1.69670E-02,  1.63859E-02,  1.58170E-02,  1.52614E-02,  1.47199E-02,NA,NA,NA,NA,NA,
NA,NA,NA,NA,NA,  1.60870E-02,  1.67307E-02,  1.73927E-02,  1.80713E-02,  1.87646E-02,  1.94697E-02,  2.01833E-02,  2.09016E-02,  2.16199E-02,  2.23331E-02,  2.30354E-02,  2.37205E-02,  2.43823E-02,  2.50144E-02,  2.56111E-02,  2.61673E-02,  2.66794E-02,  2.71454E-02,  2.75650E-02,  2.79400E-02,  2.82740E-02,  2.85720E-02,  2.88395E-02,  2.90821E-02,  2.93041E-02,  2.95084E-02,  2.96951E-02,  2.98623E-02,  3.00058E-02,  3.01197E-02,  3.01975E-02,  3.02328E-02,  3.02202E-02,  3.01558E-02,  3.00375E-02,  2.98650E-02,  2.96396E-02,  2.93635E-02,  2.90398E-02,  2.86719E-02,  2.82631E-02,  2.78167E-02,  2.73355E-02,  2.68226E-02,  2.62808E-02,  2.57128E-02,  2.51217E-02,  2.45104E-02,  2.38822E-02,  2.32405E-02,  2.25884E-02,  2.19295E-02,  2.12668E-02,  2.06036E-02,  1.99426E-02,  1.92866E-02,  1.86380E-02,  1.79989E-02,  1.73711E-02,  1.67563E-02,  1.61556E-02,  1.55702E-02,  1.50009E-02,NA,NA,NA,NA,NA,
NA,NA,NA,NA,  1.58314E-02,  1.64972E-02,  1.71862E-02,  1.78974E-02,  1.86293E-02,  1.93797E-02,  2.01461E-02,  2.09248E-02,  2.17116E-02,  2.25014E-02,  2.32882E-02,  2.40654E-02,  2.48254E-02,  2.55604E-02,  2.62625E-02,  2.69242E-02,  2.75387E-02,  2.81011E-02,  2.86081E-02,  2.90595E-02,  2.94574E-02,  2.98069E-02,  3.01148E-02,  3.03895E-02,  3.06391E-02,  3.08703E-02,  3.10872E-02,  3.12905E-02,  3.14773E-02,  3.16415E-02,  3.17745E-02,  3.18668E-02,  3.19094E-02,  3.18947E-02,  3.18177E-02,  3.16761E-02,  3.14704E-02,  3.12032E-02,  3.08786E-02,  3.05015E-02,  3.00767E-02,  2.96091E-02,  2.91028E-02,  2.85616E-02,  2.79887E-02,  2.73872E-02,  2.67602E-02,  2.61107E-02,  2.54420E-02,  2.47574E-02,  2.40604E-02,  2.33545E-02,  2.26433E-02,  2.19301E-02,  2.12183E-02,  2.05108E-02,  1.98104E-02,  1.91196E-02,  1.84406E-02,  1.77752E-02,  1.71249E-02,  1.64912E-02,  1.58748E-02,  1.52767E-02,  1.46973E-02,NA,NA,NA,NA,
NA,NA,NA,NA,  1.62022E-02,  1.69126E-02,  1.76506E-02,  1.84155E-02,  1.92059E-02,  2.00200E-02,  2.08551E-02,  2.17077E-02,  2.25733E-02,  2.34464E-02,  2.43201E-02,  2.51868E-02,  2.60374E-02,  2.68624E-02,  2.76517E-02,  2.83952E-02,  2.90840E-02,  2.97106E-02,  3.02703E-02,  3.07619E-02,  3.11879E-02,  3.15550E-02,  3.18731E-02,  3.21540E-02,  3.24098E-02,  3.26508E-02,  3.28834E-02,  3.31089E-02,  3.33231E-02,  3.35169E-02,NA,NA,NA,NA,NA,NA,  3.33033E-02,  3.29777E-02,  3.25863E-02,  3.21368E-02,  3.16366E-02,  3.10923E-02,  3.05096E-02,  2.98928E-02,  2.92460E-02,  2.85722E-02,  2.78748E-02,  2.71568E-02,  2.64215E-02,  2.56723E-02,  2.49129E-02,  2.41469E-02,  2.33778E-02,  2.26093E-02,  2.18446E-02,  2.10869E-02,  2.03389E-02,  1.96033E-02,  1.88821E-02,  1.81771E-02,  1.74899E-02,  1.68216E-02,  1.61732E-02,  1.55453E-02,  1.49384E-02,  1.43526E-02,NA,NA,NA,
NA,NA,NA,  1.58478E-02,  1.65732E-02,  1.73313E-02,  1.81221E-02,  1.89454E-02,  1.98002E-02,  2.06850E-02,  2.15975E-02,  2.25343E-02,  2.34909E-02,  2.44614E-02,  2.54386E-02,  2.64134E-02,  2.73756E-02,  2.83132E-02,  2.92133E-02,  3.00629E-02,  3.08492E-02,  3.15613E-02,  3.21916E-02,  3.27370E-02,  3.32000E-02,  3.35890E-02,  3.39177E-02,  3.42035E-02,  3.44643E-02,  3.47160E-02,NA,NA,NA,NA,NA,NA,NA,NA,NA,NA,NA,NA,NA,NA,  3.33949E-02,  3.27487E-02,  3.20662E-02,  3.13530E-02,  3.06132E-02,  2.98504E-02,  2.90675E-02,  2.82678E-02,  2.74542E-02,  2.66303E-02,  2.57996E-02,  2.49658E-02,  2.41324E-02,  2.33029E-02,  2.24807E-02,  2.16688E-02,  2.08700E-02,  2.00867E-02,  1.93209E-02,  1.85745E-02,  1.78487E-02,  1.71447E-02,  1.64633E-02,  1.58049E-02,  1.51699E-02,  1.45583E-02,NA,NA,NA,
NA,NA,  1.54374E-02,  1.61711E-02,  1.69418E-02,  1.77507E-02,  1.85982E-02,  1.94848E-02,  2.04103E-02,  2.13736E-02,  2.23731E-02,  2.34060E-02,  2.44680E-02,  2.55533E-02,  2.66544E-02,  2.77615E-02,  2.88626E-02,  2.99435E-02,  3.09879E-02,  3.19781E-02,  3.28964E-02,  3.37265E-02,  3.44556E-02,  3.50770E-02,  3.55918E-02,  3.60102E-02,  3.63512E-02,NA,NA,NA,NA,NA,NA,NA,NA,NA,NA,NA,NA,NA,NA,NA,NA,NA,NA,NA,  3.38129E-02,  3.29739E-02,  3.21154E-02,  3.12407E-02,  3.03526E-02,  2.94537E-02,  2.85469E-02,  2.76355E-02,  2.67226E-02,  2.58117E-02,  2.49062E-02,  2.40094E-02,  2.31244E-02,  2.22540E-02,  2.14008E-02,  2.05669E-02,  1.97544E-02,  1.89646E-02,  1.81989E-02,  1.74580E-02,  1.67426E-02,  1.60531E-02,  1.53895E-02,  1.47518E-02,  1.41396E-02,NA,NA,
NA,NA,  1.57110E-02,  1.64868E-02,  1.73051E-02,  1.81676E-02,  1.90758E-02,  2.00308E-02,  2.10334E-02,  2.20837E-02,  2.31810E-02,  2.43234E-02,  2.55076E-02,  2.67287E-02,  2.79793E-02,  2.92493E-02,  3.05257E-02,  3.17915E-02,  3.30266E-02,  3.42077E-02,  3.53094E-02,  3.63070E-02,  3.71794E-02,NA,NA,NA,NA,NA,NA,NA,NA,NA,NA,NA,NA,NA,NA,NA,NA,NA,NA,NA,NA,NA,NA,NA,NA,NA,  3.37858E-02,  3.27685E-02,  3.17484E-02,  3.07276E-02,  2.97082E-02,  2.86928E-02,  2.76841E-02,  2.66850E-02,  2.56983E-02,  2.47268E-02,  2.37730E-02,  2.28394E-02,  2.19281E-02,  2.10408E-02,  2.01792E-02,  1.93444E-02,  1.85373E-02,  1.77586E-02,  1.70087E-02,  1.62875E-02,  1.55951E-02,  1.49311E-02,  1.42951E-02,NA,NA,
NA,  1.51990E-02,  1.59723E-02,  1.67915E-02,  1.76593E-02,  1.85782E-02,  1.95508E-02,  2.05793E-02,  2.16658E-02,  2.28120E-02,  2.40186E-02,  2.52856E-02,  2.66116E-02,  2.79934E-02,  2.94249E-02,  3.08969E-02,  3.23960E-02,  3.39034E-02,  3.53943E-02,  3.68383E-02,NA,NA,NA,NA,NA,NA,NA,NA,NA,NA,NA,NA,NA,NA,NA,NA,NA,NA,NA,NA,NA,NA,NA,NA,NA,NA,NA,NA,NA,  3.44661E-02,  3.32785E-02,  3.21056E-02,  3.09484E-02,  2.98083E-02,  2.86869E-02,  2.75860E-02,  2.65072E-02,  2.54525E-02,  2.44235E-02,  2.34216E-02,  2.24482E-02,  2.15047E-02,  2.05918E-02,  1.97104E-02,  1.88609E-02,  1.80436E-02,  1.72585E-02,  1.65056E-02,  1.57842E-02,  1.50941E-02,  1.44344E-02,  1.38043E-02,NA,
NA,  1.54059E-02,  1.62178E-02,  1.70814E-02,  1.80003E-02,  1.89780E-02,  2.00183E-02,  2.11251E-02,  2.23022E-02,  2.35532E-02,  2.48815E-02,  2.62899E-02,  2.77798E-02,  2.93514E-02,  3.10020E-02,  3.27250E-02,  3.45085E-02,  3.63332E-02,NA,NA,NA,NA,NA,NA,NA,NA,NA,NA,NA,NA,NA,NA,NA,NA,NA,NA,NA,NA,NA,NA,NA,NA,NA,NA,NA,NA,NA,NA,NA,NA,NA,  3.36073E-02,  3.22799E-02,  3.09887E-02,  2.97336E-02,  2.85144E-02,  2.73309E-02,  2.61833E-02,  2.50717E-02,  2.39961E-02,  2.29569E-02,  2.19541E-02,  2.09880E-02,  2.00586E-02,  1.91659E-02,  1.83095E-02,  1.74892E-02,  1.67044E-02,  1.59543E-02,  1.52383E-02,  1.45553E-02,  1.39043E-02,NA,
  1.47960E-02,  1.55931E-02,  1.64438E-02,  1.73522E-02,  1.83231E-02,  1.93613E-02,  2.04722E-02,  2.16616E-02,  2.29354E-02,  2.43003E-02,  2.57630E-02,  2.73303E-02,  2.90087E-02,  3.08037E-02,  3.27186E-02,  3.47529E-02,  3.68995E-02,NA,NA,NA,NA,NA,NA,NA,NA,NA,NA,NA,NA,NA,NA,NA,NA,NA,NA,NA,NA,NA,NA,NA,NA,NA,NA,NA,NA,NA,NA,NA,NA,NA,NA,NA,  3.37160E-02,  3.22409E-02,  3.08264E-02,  2.94692E-02,  2.81663E-02,  2.69150E-02,  2.57129E-02,  2.45581E-02,  2.34490E-02,  2.23845E-02,  2.13634E-02,  2.03850E-02,  1.94484E-02,  1.85528E-02,  1.76973E-02,  1.68810E-02,  1.61026E-02,  1.53613E-02,  1.46556E-02,  1.39844E-02,  1.33462E-02,
  1.49269E-02,  1.57569E-02,  1.66459E-02,  1.75991E-02,  1.86224E-02,  1.97221E-02,  2.09056E-02,  2.21808E-02,  2.35568E-02,  2.50438E-02,  2.66531E-02,  2.83974E-02,  3.02902E-02,  3.23457E-02,  3.45771E-02,  3.69948E-02,NA,NA,NA,NA,NA,NA,NA,NA,NA,NA,NA,NA,NA,NA,NA,NA,NA,NA,NA,NA,NA,NA,NA,NA,NA,NA,NA,NA,NA,NA,NA,NA,NA,NA,NA,NA,NA,  3.35706E-02,  3.19661E-02,  3.04481E-02,  2.90091E-02,  2.76421E-02,  2.63413E-02,  2.51015E-02,  2.39189E-02,  2.27902E-02,  2.17129E-02,  2.06849E-02,  1.97044E-02,  1.87698E-02,  1.78795E-02,  1.70322E-02,  1.62264E-02,  1.54605E-02,  1.47330E-02,  1.40424E-02,  1.33871E-02,
  1.50318E-02,  1.58934E-02,  1.68196E-02,  1.78167E-02,  1.88918E-02,  2.00532E-02,  2.13100E-02,  2.26732E-02,  2.41554E-02,  2.57713E-02,  2.75383E-02,  2.94767E-02,  3.16102E-02,  3.39653E-02,  3.65707E-02,NA,NA,NA,NA,NA,NA,NA,NA,NA,NA,NA,NA,NA,NA,NA,NA,NA,NA,NA,NA,NA,NA,NA,NA,NA,NA,NA,NA,NA,NA,NA,NA,NA,NA,NA,NA,NA,NA,NA,  3.31508E-02,  3.14463E-02,  2.98529E-02,  2.83577E-02,  2.69497E-02,  2.56196E-02,  2.43602E-02,  2.31655E-02,  2.20312E-02,  2.09534E-02,  1.99293E-02,  1.89563E-02,  1.80322E-02,  1.71550E-02,  1.63227E-02,  1.55334E-02,  1.47852E-02,  1.40764E-02,  1.34051E-02,
  1.51071E-02,  1.59986E-02,  1.69603E-02,  1.79996E-02,  1.91250E-02,  2.03467E-02,  2.16764E-02,  2.31280E-02,  2.47183E-02,  2.64677E-02,  2.84009E-02,  3.05482E-02,  3.29463E-02,  3.56395E-02,NA,NA,NA,NA,NA,NA,NA,NA,NA,NA,NA,NA,NA,NA,NA,NA,NA,NA,NA,NA,NA,NA,NA,NA,NA,NA,NA,NA,NA,NA,NA,NA,NA,NA,NA,NA,NA,NA,NA,NA,  3.43744E-02,  3.24554E-02,  3.06886E-02,  2.90527E-02,  2.75296E-02,  2.61044E-02,  2.47656E-02,  2.35039E-02,  2.23124E-02,  2.11854E-02,  2.01185E-02,  1.91083E-02,  1.81517E-02,  1.72459E-02,  1.63886E-02,  1.55773E-02,  1.48099E-02,  1.40842E-02,  1.33982E-02,
  1.51494E-02,  1.60684E-02,  1.70630E-02,  1.81418E-02,  1.93150E-02,  2.05944E-02,  2.19946E-02,  2.35328E-02,  2.52307E-02,  2.71148E-02,  2.92189E-02,  3.15852E-02,  3.42673E-02,  3.73320E-02,NA,NA,NA,NA,NA,NA,NA,NA,NA,NA,NA,NA,NA,NA,NA,NA,NA,NA,NA,NA,NA,NA,NA,NA,NA,NA,NA,NA,NA,NA,NA,NA,NA,NA,NA,NA,NA,NA,NA,NA,NA,  3.34627E-02,  3.15042E-02,  2.97161E-02,  2.80710E-02,  2.65472E-02,  2.51275E-02,  2.37986E-02,  2.25505E-02,  2.13754E-02,  2.02675E-02,  1.92217E-02,  1.82343E-02,  1.73018E-02,  1.64212E-02,  1.55897E-02,  1.48047E-02,  1.40638E-02,  1.33646E-02,
  1.51552E-02,  1.60988E-02,  1.71230E-02,  1.82377E-02,  1.94546E-02,  2.07876E-02,  2.22539E-02,  2.38746E-02,  2.56760E-02,  2.76921E-02,  2.99662E-02,  3.25549E-02,  3.55316E-02,NA,NA,NA,NA,NA,NA,NA,NA,NA,NA,NA,NA,NA,NA,NA,NA,NA,NA,NA,NA,NA,NA,NA,NA,NA,NA,NA,NA,NA,NA,NA,NA,NA,NA,NA,NA,NA,NA,NA,NA,NA,NA,NA,  3.22839E-02,  3.03344E-02,  2.85626E-02,  2.69382E-02,  2.54374E-02,  2.40423E-02,  2.27393E-02,  2.15183E-02,  2.03713E-02,  1.92923E-02,  1.82764E-02,  1.73193E-02,  1.64176E-02,  1.55680E-02,  1.47674E-02,  1.40132E-02,  1.33026E-02,
  1.51214E-02,  1.60857E-02,  1.71354E-02,  1.82814E-02,  1.95368E-02,  2.09177E-02,  2.24437E-02,  2.41396E-02,  2.60369E-02,  2.81769E-02,  3.06136E-02,  3.34187E-02,  3.66879E-02,NA,NA,NA,NA,NA,NA,NA,NA,NA,NA,NA,NA,NA,NA,NA,NA,NA,NA,NA,NA,NA,NA,NA,NA,NA,NA,NA,NA,NA,NA,NA,NA,NA,NA,NA,NA,NA,NA,NA,NA,NA,NA,NA,  3.30085E-02,  3.08920E-02,  2.89918E-02,  2.72671E-02,  2.56869E-02,  2.42279E-02,  2.28728E-02,  2.16085E-02,  2.04255E-02,  1.93161E-02,  1.82744E-02,  1.72954E-02,  1.63751E-02,  1.55097E-02,  1.46958E-02,  1.39304E-02,  1.32105E-02,
  1.50448E-02,  1.60256E-02,  1.70959E-02,  1.82676E-02,  1.95551E-02,  2.09764E-02,  2.25534E-02,  2.43144E-02,  2.62960E-02,  2.85463E-02,  3.11300E-02,  3.41344E-02,NA,NA,NA,NA,NA,NA,NA,NA,NA,NA,NA,NA,NA,NA,NA,NA,NA,NA,NA,NA,NA,NA,NA,NA,NA,NA,NA,NA,NA,NA,NA,NA,NA,NA,NA,NA,NA,NA,NA,NA,NA,NA,NA,NA,  3.36559E-02,  3.13721E-02,  2.93453E-02,  2.75233E-02,  2.58673E-02,  2.43483E-02,  2.29448E-02,  2.16412E-02,  2.04256E-02,  1.92892E-02,  1.82249E-02,  1.72271E-02,  1.62911E-02,  1.54126E-02,  1.45879E-02,  1.38136E-02,  1.30866E-02,
  1.49229E-02,  1.59153E-02,  1.70005E-02,  1.81914E-02,  1.95035E-02,  2.09561E-02,  2.25734E-02,  2.43866E-02,  2.64366E-02,  2.87781E-02,  3.14850E-02,  3.46592E-02,NA,NA,NA,NA,NA,NA,NA,NA,NA,NA,NA,NA,NA,NA,NA,NA,NA,NA,NA,NA,NA,NA,NA,NA,NA,NA,NA,NA,NA,NA,NA,NA,NA,NA,NA,NA,NA,NA,NA,NA,NA,NA,NA,NA,NA,  3.17576E-02,  2.96101E-02,  2.76970E-02,  2.59708E-02,  2.43969E-02,  2.29500E-02,  2.16114E-02,  2.03676E-02,  1.92080E-02,  1.81249E-02,  1.71116E-02,  1.61630E-02,  1.52744E-02,  1.44417E-02,  1.36612E-02,  1.29295E-02,
  1.47533E-02,  1.57520E-02,  1.68460E-02,  1.80489E-02,  1.93769E-02,  2.08505E-02,  2.24955E-02,  2.43455E-02,  2.64447E-02,  2.88528E-02,  3.16513E-02,  3.49539E-02,NA,NA,NA,NA,NA,NA,NA,NA,NA,NA,NA,NA,NA,NA,NA,NA,NA,NA,NA,NA,NA,NA,NA,NA,NA,NA,NA,NA,NA,NA,NA,NA,NA,NA,NA,NA,NA,NA,NA,NA,NA,NA,NA,NA,NA,  3.20322E-02,  2.97744E-02,  2.77788E-02,  2.59900E-02,  2.43679E-02,  2.28833E-02,  2.15151E-02,  2.02477E-02,  1.90694E-02,  1.79714E-02,  1.69465E-02,  1.59888E-02,  1.50933E-02,  1.42556E-02,  1.34717E-02,  1.27379E-02,
  1.45344E-02,  1.55337E-02,  1.66299E-02,  1.78368E-02,  1.91714E-02,  2.06547E-02,  2.23136E-02,  2.41831E-02,  2.63094E-02,  2.87553E-02,  3.16076E-02,  3.49874E-02,NA,NA,NA,NA,NA,NA,NA,NA,NA,NA,NA,NA,NA,NA,NA,NA,NA,NA,NA,NA,NA,NA,NA,NA,NA,NA,NA,NA,NA,NA,NA,NA,NA,NA,NA,NA,NA,NA,NA,NA,NA,NA,NA,NA,NA,  3.21826E-02,  2.98283E-02,  2.77612E-02,  2.59189E-02,  2.42562E-02,  2.27405E-02,  2.13485E-02,  2.00628E-02,  1.88705E-02,  1.77620E-02,  1.67294E-02,  1.57664E-02,  1.48675E-02,  1.40280E-02,  1.32436E-02,  1.25105E-02,
  1.42649E-02,  1.52589E-02,  1.63504E-02,  1.75533E-02,  1.88846E-02,  2.03658E-02,  2.20239E-02,  2.38943E-02,  2.60240E-02,  2.84768E-02,  3.13411E-02,  3.47407E-02,NA,NA,NA,NA,NA,NA,NA,NA,NA,NA,NA,NA,NA,NA,NA,NA,NA,NA,NA,NA,NA,NA,NA,NA,NA,NA,NA,NA,NA,NA,NA,NA,NA,NA,NA,NA,NA,NA,NA,NA,NA,NA,NA,NA,NA,NA,  2.97644E-02,  2.76385E-02,  2.57527E-02,  2.40578E-02,  2.25182E-02,  2.11085E-02,  1.98100E-02,  1.86089E-02,  1.74946E-02,  1.64586E-02,  1.54942E-02,  1.45956E-02,  1.37577E-02,  1.29760E-02,  1.22465E-02,
  1.39443E-02,  1.49271E-02,  1.60068E-02,  1.71973E-02,  1.85155E-02,  1.99825E-02,  2.16249E-02,  2.34777E-02,  2.55868E-02,  2.80151E-02,  3.08489E-02,  3.42095E-02,NA,NA,NA,NA,NA,NA,NA,NA,NA,NA,NA,NA,NA,NA,NA,NA,NA,NA,NA,NA,NA,NA,NA,NA,NA,NA,NA,NA,NA,NA,NA,NA,NA,NA,NA,NA,NA,NA,NA,NA,NA,NA,NA,NA,NA,NA,  2.95785E-02,  2.74071E-02,  2.54884E-02,  2.37698E-02,  2.22136E-02,  2.07927E-02,  1.94873E-02,  1.82825E-02,  1.71672E-02,  1.61323E-02,  1.51707E-02,  1.42762E-02,  1.34434E-02,  1.26678E-02,  1.19450E-02,
  1.35726E-02,  1.45381E-02,  1.55992E-02,  1.67692E-02,  1.80645E-02,  1.95056E-02,  2.11181E-02,  2.29353E-02,  2.50011E-02,  2.73749E-02,  3.01383E-02,  3.34051E-02,NA,NA,NA,NA,NA,NA,NA,NA,NA,NA,NA,NA,NA,NA,NA,NA,NA,NA,NA,NA,NA,NA,NA,NA,NA,NA,NA,NA,NA,NA,NA,NA,NA,NA,NA,NA,NA,NA,NA,NA,NA,NA,NA,NA,NA,NA,  2.92689E-02,  2.70650E-02,  2.51237E-02,  2.33900E-02,  2.18247E-02,  2.03992E-02,  1.90927E-02,  1.78897E-02,  1.67784E-02,  1.57493E-02,  1.47947E-02,  1.39084E-02,  1.30846E-02,  1.23184E-02,  1.16054E-02,
  1.31503E-02,  1.40929E-02,  1.51285E-02,  1.62702E-02,  1.75335E-02,  1.89377E-02,  2.05070E-02,  2.22723E-02,  2.42743E-02,  2.65674E-02,  2.92258E-02,  3.23520E-02,NA,NA,NA,NA,NA,NA,NA,NA,NA,NA,NA,NA,NA,NA,NA,NA,NA,NA,NA,NA,NA,NA,NA,NA,NA,NA,NA,NA,NA,NA,NA,NA,NA,NA,NA,NA,NA,NA,NA,NA,NA,NA,NA,NA,NA,NA,  2.88359E-02,  2.66116E-02,  2.46574E-02,  2.29170E-02,  2.13498E-02,  1.99262E-02,  1.86248E-02,  1.74292E-02,  1.63270E-02,  1.53085E-02,  1.43655E-02,  1.34914E-02,  1.26804E-02,  1.19272E-02,  1.12274E-02,
  1.26787E-02,  1.35926E-02,  1.45965E-02,  1.57026E-02,  1.69254E-02,  1.82828E-02,  1.97971E-02,  2.14964E-02,  2.34173E-02,  2.56083E-02,  2.81345E-02,  3.10850E-02,NA,NA,NA,NA,NA,NA,NA,NA,NA,NA,NA,NA,NA,NA,NA,NA,NA,NA,NA,NA,NA,NA,NA,NA,NA,NA,NA,NA,NA,NA,NA,NA,NA,NA,NA,NA,NA,NA,NA,NA,NA,NA,NA,NA,NA,NA,  2.82806E-02,  2.60467E-02,  2.40889E-02,  2.23497E-02,  2.07877E-02,  1.93727E-02,  1.80823E-02,  1.68998E-02,  1.58122E-02,  1.48092E-02,  1.38824E-02,  1.30249E-02,  1.22306E-02,  1.14941E-02,  1.08107E-02,
  1.21592E-02,  1.30394E-02,  1.40057E-02,  1.50694E-02,  1.62441E-02,  1.75460E-02,  1.89952E-02,  2.06169E-02,  2.24432E-02,  2.45161E-02,  2.68913E-02,  2.96435E-02,  3.28737E-02,NA,NA,NA,NA,NA,NA,NA,NA,NA,NA,NA,NA,NA,NA,NA,NA,NA,NA,NA,NA,NA,NA,NA,NA,NA,NA,NA,NA,NA,NA,NA,NA,NA,NA,NA,NA,NA,NA,NA,NA,NA,NA,NA,NA,NA,  2.76042E-02,  2.53703E-02,  2.34172E-02,  2.16868E-02,  2.01372E-02,  1.87374E-02,  1.74644E-02,  1.63008E-02,  1.52332E-02,  1.42509E-02,  1.33451E-02,  1.25086E-02,  1.17350E-02,  1.10190E-02,  1.03556E-02,
  1.15939E-02,  1.24355E-02,  1.33589E-02,  1.43744E-02,  1.54943E-02,  1.67333E-02,  1.81093E-02,  1.96443E-02,  2.13662E-02,  2.33105E-02,  2.55238E-02,  2.80671E-02,  3.10216E-02,NA,NA,NA,NA,NA,NA,NA,NA,NA,NA,NA,NA,NA,NA,NA,NA,NA,NA,NA,NA,NA,NA,NA,NA,NA,NA,NA,NA,NA,NA,NA,NA,NA,NA,NA,NA,NA,NA,NA,NA,NA,NA,NA,NA,NA,  2.68068E-02,  2.45814E-02,  2.26410E-02,  2.09272E-02,  1.93971E-02,  1.80194E-02,  1.67702E-02,  1.56317E-02,  1.45898E-02,  1.36334E-02,  1.27535E-02,  1.19425E-02,  1.11939E-02,  1.05021E-02,  9.86220E-03,
  1.09851E-02,  1.17838E-02,  1.26595E-02,  1.36215E-02,  1.46809E-02,  1.58509E-02,  1.71472E-02,  1.85889E-02,  2.01999E-02,  2.20100E-02,  2.40573E-02,  2.63913E-02,  2.90759E-02,NA,NA,NA,NA,NA,NA,NA,NA,NA,NA,NA,NA,NA,NA,NA,NA,NA,NA,NA,NA,NA,NA,NA,NA,NA,NA,NA,NA,NA,NA,NA,NA,NA,NA,NA,NA,NA,NA,NA,NA,NA,NA,NA,NA,NA,  2.58867E-02,  2.36782E-02,  2.17586E-02,  2.00690E-02,  1.85661E-02,  1.72176E-02,  1.59991E-02,  1.48920E-02,  1.38817E-02,  1.29568E-02,  1.21078E-02,  1.13270E-02,  1.06077E-02,  9.94408E-03,  9.33116E-03,
  1.03354E-02,  1.10874E-02,  1.19110E-02,  1.28149E-02,  1.38091E-02,  1.49051E-02,  1.61167E-02,  1.74606E-02,  1.89570E-02,  2.06307E-02,  2.25134E-02,  2.46447E-02,  2.70753E-02,  2.98695E-02,NA,NA,NA,NA,NA,NA,NA,NA,NA,NA,NA,NA,NA,NA,NA,NA,NA,NA,NA,NA,NA,NA,NA,NA,NA,NA,NA,NA,NA,NA,NA,NA,NA,NA,NA,NA,NA,NA,NA,NA,NA,NA,NA,NA,  2.48409E-02,  2.26577E-02,  2.07674E-02,  1.91105E-02,  1.76428E-02,  1.63313E-02,  1.51506E-02,  1.40816E-02,  1.31092E-02,  1.22215E-02,  1.14087E-02,  1.06628E-02,  9.97709E-03,  9.34559E-03,  8.76327E-03,
  9.64778E-03,  1.03494E-02,  1.11173E-02,  1.19592E-02,  1.28840E-02,  1.39020E-02,  1.50253E-02,  1.62682E-02,  1.76482E-02,  1.91862E-02,  2.09086E-02,  2.28479E-02,  2.50453E-02,  2.75523E-02,  3.04326E-02,NA,NA,NA,NA,NA,NA,NA,NA,NA,NA,NA,NA,NA,NA,NA,NA,NA,NA,NA,NA,NA,NA,NA,NA,NA,NA,NA,NA,NA,NA,NA,NA,NA,NA,NA,NA,NA,NA,NA,NA,NA,NA,NA,  2.36647E-02,  2.15162E-02,  1.96646E-02,  1.80496E-02,  1.66260E-02,  1.53597E-02,  1.42247E-02,  1.32009E-02,  1.22729E-02,  1.14283E-02,  1.06570E-02,  9.95097E-03,  9.30318E-03,  8.70776E-03,  8.15961E-03,
  8.92511E-03,  9.57330E-03,  1.02822E-02,  1.10587E-02,  1.19107E-02,  1.28474E-02,  1.38795E-02,  1.50195E-02,  1.62824E-02,  1.76866E-02,  1.92545E-02,  2.10139E-02,  2.29997E-02,  2.52557E-02,  2.78360E-02,  3.08081E-02,NA,NA,NA,NA,NA,NA,NA,NA,NA,NA,NA,NA,NA,NA,NA,NA,NA,NA,NA,NA,NA,NA,NA,NA,NA,NA,NA,NA,NA,NA,NA,NA,NA,NA,NA,NA,NA,NA,NA,NA,NA,  2.48387E-02,  2.23526E-02,  2.02494E-02,  1.84472E-02,  1.68845E-02,  1.55147E-02,  1.43027E-02,  1.32215E-02,  1.22505E-02,  1.13737E-02,  1.05783E-02,  9.85409E-03,  9.19278E-03,  8.58737E-03,  8.03198E-03,  7.52155E-03,
  8.17056E-03,  8.76255E-03,  9.40953E-03,  1.01177E-02,  1.08940E-02,  1.17468E-02,  1.26853E-02,  1.37209E-02,  1.48668E-02,  1.61393E-02,  1.75584E-02,  1.91490E-02,  2.09426E-02,  2.29790E-02,  2.53084E-02,  2.79947E-02,NA,NA,NA,NA,NA,NA,NA,NA,NA,NA,NA,NA,NA,NA,NA,NA,NA,NA,NA,NA,NA,NA,NA,NA,NA,NA,NA,NA,NA,NA,NA,NA,NA,NA,NA,NA,NA,NA,NA,NA,NA,  2.33329E-02,  2.08985E-02,  1.88529E-02,  1.71125E-02,  1.56137E-02,  1.43086E-02,  1.31606E-02,  1.21421E-02,  1.12318E-02,  1.04132E-02,  9.67324E-03,  9.00166E-03,  8.39003E-03,  7.83141E-03,  7.31997E-03,  6.85074E-03,
  7.38734E-03,  7.92074E-03,  8.50332E-03,  9.14057E-03,  9.83877E-03,  1.06052E-02,  1.14483E-02,  1.23781E-02,  1.34069E-02,  1.45494E-02,  1.58242E-02,  1.72548E-02,  1.88713E-02,  2.07122E-02,  2.28277E-02,  2.52826E-02,  2.81613E-02,NA,NA,NA,NA,NA,NA,NA,NA,NA,NA,NA,NA,NA,NA,NA,NA,NA,NA,NA,NA,NA,NA,NA,NA,NA,NA,NA,NA,NA,NA,NA,NA,NA,NA,NA,NA,NA,NA,NA,NA,  2.16646E-02,  1.92963E-02,  1.73232E-02,  1.56586E-02,  1.42368E-02,  1.30080E-02,  1.19346E-02,  1.09882E-02,  1.01467E-02,  9.39348E-03,  8.71537E-03,  8.10199E-03,  7.54497E-03,  7.03746E-03,  6.57379E-03,  6.14914E-03,
  6.57878E-03,  7.05149E-03,  7.56750E-03,  8.13164E-03,  8.74947E-03,  9.42748E-03,  1.01733E-02,  1.09961E-02,  1.19072E-02,  1.29205E-02,  1.40539E-02,  1.53302E-02,  1.67793E-02,  1.84407E-02,  2.03664E-02,  2.26252E-02,NA,NA,NA,NA,NA,NA,NA,NA,NA,NA,NA,NA,NA,NA,NA,NA,NA,NA,NA,NA,NA,NA,NA,NA,NA,NA,NA,NA,NA,NA,NA,NA,NA,NA,NA,NA,NA,NA,NA,NA,NA,  1.98256E-02,  1.75412E-02,  1.56578E-02,  1.40849E-02,  1.27544E-02,  1.16147E-02,  1.06270E-02,  9.76217E-03,  8.99799E-03,  8.31749E-03,  7.70754E-03,  7.15786E-03,  6.66025E-03,  6.20807E-03,  5.79584E-03,  5.41902E-03,
  5.74828E-03,  6.15852E-03,  6.60608E-03,  7.09517E-03,  7.63068E-03,  8.21839E-03,  8.86518E-03,  9.57950E-03,  1.03719E-02,  1.12557E-02,  1.22483E-02,  1.33727E-02,  1.46593E-02,  1.61490E-02,  1.78969E-02,  1.99772E-02,NA,NA,NA,NA,NA,NA,NA,NA,NA,NA,NA,NA,NA,NA,NA,NA,NA,NA,NA,NA,NA,NA,NA,NA,NA,NA,NA,NA,NA,NA,NA,NA,NA,NA,NA,NA,NA,NA,NA,NA,NA,  1.78089E-02,  1.56300E-02,  1.38562E-02,  1.23928E-02,  1.11690E-02,  1.01316E-02,  9.24118E-03,  8.46787E-03,  7.78939E-03,  7.18883E-03,  6.65326E-03,  6.17264E-03,  5.73906E-03,  5.34619E-03,  4.98890E-03,  4.66294E-03,
  4.89933E-03,  5.24560E-03,  5.62313E-03,  6.03552E-03,  6.48701E-03,  6.98267E-03,  7.52869E-03,  8.13281E-03,  8.80491E-03,  9.55788E-03,  1.04088E-02,  1.13807E-02,  1.25047E-02,  1.38236E-02,  1.53954E-02,  1.73001E-02,NA,NA,NA,NA,NA,NA,NA,NA,NA,NA,NA,NA,NA,NA,NA,NA,NA,NA,NA,NA,NA,NA,NA,NA,NA,NA,NA,NA,NA,NA,NA,NA,NA,NA,NA,NA,NA,NA,NA,NA,NA,NA,  1.35625E-02,  1.19205E-02,  1.05858E-02,  9.48497E-03,  8.56382E-03,  7.78214E-03,  7.11012E-03,  6.52561E-03,  6.01201E-03,  5.55675E-03,  5.15025E-03,  4.78503E-03,  4.45522E-03,  4.15609E-03,  3.88377E-03,
  4.03549E-03,  4.31659E-03,  4.62281E-03,  4.95714E-03,  5.32315E-03,  5.72521E-03,  6.16879E-03,  6.66092E-03,  7.21079E-03,  7.83072E-03,  8.53743E-03,  9.35385E-03,  1.03117E-02,  1.14550E-02,  1.28445E-02,  1.45648E-02,NA,NA,NA,NA,NA,NA,NA,NA,NA,NA,NA,NA,NA,NA,NA,NA,NA,NA,NA,NA,NA,NA,NA,NA,NA,NA,NA,NA,NA,NA,NA,NA,NA,NA,NA,NA,NA,NA,NA,NA,NA,NA,  1.13425E-02,  9.85653E-03,  8.67041E-03,  7.70918E-03,  6.91791E-03,  6.25638E-03,  5.69510E-03,  5.21242E-03,  4.79233E-03,  4.42292E-03,  4.09520E-03,  3.80231E-03,  3.53893E-03,  3.30084E-03,  3.08466E-03,
  3.16040E-03,  3.37544E-03,  3.60939E-03,  3.86461E-03,  4.14398E-03,  4.45114E-03,  4.79079E-03,  5.16917E-03,  5.59469E-03,  6.07893E-03,  6.63799E-03,  7.29443E-03,  8.07996E-03,  9.03913E-03,  1.02345E-02,NA,NA,NA,NA,NA,NA,NA,NA,NA,NA,NA,NA,NA,NA,NA,NA,NA,NA,NA,NA,NA,NA,NA,NA,NA,NA,NA,NA,NA,NA,NA,NA,NA,NA,NA,NA,NA,NA,NA,NA,NA,NA,NA,  8.97867E-03,  7.67370E-03,  6.65633E-03,  5.85092E-03,  5.20269E-03,  4.67203E-03,  4.23025E-03,  3.85659E-03,  3.53598E-03,  3.25736E-03,  3.01256E-03,  2.79548E-03,  2.60146E-03,  2.42692E-03,  2.26902E-03,
  2.27776E-03,  2.42619E-03,  2.58727E-03,  2.76267E-03,  2.95459E-03,  3.16588E-03,  3.40042E-03,  3.66352E-03,  3.96269E-03,  4.30853E-03,  4.71621E-03,  5.20745E-03,  5.81328E-03,  6.57794E-03,  7.56424E-03,NA,NA,NA,NA,NA,NA,NA,NA,NA,NA,NA,NA,NA,NA,NA,NA,NA,NA,NA,NA,NA,NA,NA,NA,NA,NA,NA,NA,NA,NA,NA,NA,NA,NA,NA,NA,NA,NA,NA,NA,NA,NA,NA,  6.48554E-03,  5.38606E-03,  4.55660E-03,  3.92213E-03,  3.42897E-03,  3.03879E-03,  2.72425E-03,  2.46592E-03,  2.24991E-03,  2.06629E-03,  1.90790E-03,  1.76953E-03,  1.64731E-03,  1.53836E-03,  1.44048E-03,
  1.39134E-03,  1.47296E-03,  1.56091E-03,  1.65621E-03,  1.76029E-03,  1.87518E-03,  2.00384E-03,  2.15059E-03,  2.32180E-03,  2.52691E-03,  2.77979E-03,  3.10081E-03,  3.51963E-03,  4.07917E-03,  4.84104E-03,NA,NA,NA,NA,NA,NA,NA,NA,NA,NA,NA,NA,NA,NA,NA,NA,NA,NA,NA,NA,NA,NA,NA,NA,NA,NA,NA,NA,NA,NA,NA,NA,NA,NA,NA,NA,NA,NA,NA,NA,NA,NA,NA,  3.88368E-03,  3.01206E-03,  2.38759E-03,  1.93725E-03,  1.60944E-03,  1.36782E-03,  1.18694E-03,  1.04903E-03,  9.41748E-04,  8.56476E-04,  7.87226E-04,  7.29801E-04,  6.81240E-04,  6.39438E-04,  6.02880E-04,
  5.04936E-04,  5.19905E-04,  5.34893E-04,  5.50230E-04,  5.66564E-04,  5.85052E-04,  6.07657E-04,  6.37588E-04,  6.79964E-04,  7.42781E-04,  8.38313E-04,  9.85109E-04,  1.21080E-03,  1.55602E-03,  2.07983E-03,NA,NA,NA,NA,NA,NA,NA,NA,NA,NA,NA,NA,NA,NA,NA,NA,NA,NA,NA,NA,NA,NA,NA,NA,NA,NA,NA,NA,NA,NA,NA,NA,NA,NA,NA,NA,NA,NA,NA,NA,NA,NA,NA,  1.19944E-03,  5.74272E-04,  1.68643E-04, -8.71068E-05, -2.41596E-04, -3.28504E-04, -3.70956E-04, -3.84687E-04, -3.80301E-04, -3.64882E-04, -3.43118E-04, -3.18079E-04, -2.91753E-04, -2.65404E-04, -2.39818E-04,
 -3.77648E-04, -4.28781E-04, -4.86162E-04, -5.50168E-04, -6.20951E-04, -6.98266E-04, -7.81197E-04, -8.67735E-04, -9.54152E-04, -1.03406E-03, -1.09707E-03, -1.12682E-03, -1.09827E-03, -9.73817E-04, -6.98060E-04,NA,NA,NA,NA,NA,NA,NA,NA,NA,NA,NA,NA,NA,NA,NA,NA,NA,NA,NA,NA,NA,NA,NA,NA,NA,NA,NA,NA,NA,NA,NA,NA,NA,NA,NA,NA,NA,NA,NA,NA,NA,NA,NA, -1.53599E-03, -1.90140E-03, -2.07854E-03, -2.13263E-03, -2.10858E-03, -2.03689E-03, -1.93800E-03, -1.82537E-03, -1.70765E-03, -1.59028E-03, -1.47654E-03, -1.36831E-03, -1.26653E-03, -1.17160E-03, -1.08354E-03,
 -1.25263E-03, -1.36892E-03, -1.49763E-03, -1.63985E-03, -1.79655E-03, -1.96840E-03, -2.15557E-03, -2.35730E-03, -2.57136E-03, -2.79307E-03, -3.01412E-03, -3.22059E-03, -3.39038E-03, -3.48948E-03, -3.46685E-03,NA,NA,NA,NA,NA,NA,NA,NA,NA,NA,NA,NA,NA,NA,NA,NA,NA,NA,NA,NA,NA,NA,NA,NA,NA,NA,NA,NA,NA,NA,NA,NA,NA,NA,NA,NA,NA,NA,NA,NA,NA,NA,NA, -4.28820E-03, -4.38689E-03, -4.33079E-03, -4.18000E-03, -3.97523E-03, -3.74352E-03, -3.50239E-03, -3.26284E-03, -3.03150E-03, -2.81206E-03, -2.60635E-03, -2.41499E-03, -2.23789E-03, -2.07454E-03, -1.92419E-03,
 -2.11628E-03, -2.29639E-03, -2.49495E-03, -2.71374E-03, -2.95453E-03, -3.21894E-03, -3.50823E-03, -3.82290E-03, -4.16221E-03, -4.52331E-03, -4.90000E-03, -5.28095E-03, -5.64716E-03, -5.96842E-03, -6.19837E-03, -6.26784E-03,NA,NA,NA,NA,NA,NA,NA,NA,NA,NA,NA,NA,NA,NA,NA,NA,NA,NA,NA,NA,NA,NA,NA,NA,NA,NA,NA,NA,NA,NA,NA,NA,NA,NA,NA,NA,NA,NA,NA,NA,NA,NA, -7.02163E-03, -6.85342E-03, -6.56449E-03, -6.20961E-03, -5.82513E-03, -5.43449E-03, -5.05226E-03, -4.68693E-03, -4.34305E-03, -4.02256E-03, -3.72582E-03, -3.45223E-03, -3.20064E-03, -2.96962E-03, -2.75766E-03,
 -2.96499E-03, -3.20718E-03, -3.47363E-03, -3.76683E-03, -4.08931E-03, -4.44361E-03, -4.83204E-03, -5.25637E-03, -5.71734E-03, -6.21387E-03, -6.74188E-03, -7.29260E-03, -7.85012E-03, -8.38797E-03, -8.86437E-03, -9.21586E-03,NA,NA,NA,NA,NA,NA,NA,NA,NA,NA,NA,NA,NA,NA,NA,NA,NA,NA,NA,NA,NA,NA,NA,NA,NA,NA,NA,NA,NA,NA,NA,NA,NA,NA,NA,NA,NA,NA,NA,NA,NA,NA, -9.70172E-03, -9.27301E-03, -8.75668E-03, -8.20237E-03, -7.64224E-03, -7.09624E-03, -6.57602E-03, -6.08766E-03, -5.63366E-03, -5.21427E-03, -4.82841E-03, -4.47427E-03, -4.14967E-03, -3.85232E-03, -3.57994E-03,
 -3.79526E-03, -4.09741E-03, -4.42940E-03, -4.79433E-03, -5.19551E-03, -5.63634E-03, -6.12013E-03, -6.64986E-03, -7.22769E-03, -7.85423E-03, -8.52742E-03, -9.24091E-03, -9.98170E-03, -1.07268E-02, -1.14385E-02, -1.20584E-02,NA,NA,NA,NA,NA,NA,NA,NA,NA,NA,NA,NA,NA,NA,NA,NA,NA,NA,NA,NA,NA,NA,NA,NA,NA,NA,NA,NA,NA,NA,NA,NA,NA,NA,NA,NA,NA,NA,NA,NA,NA, -1.28485E-02, -1.22971E-02, -1.16200E-02, -1.08860E-02, -1.01404E-02, -9.41149E-03, -8.71592E-03, -8.06267E-03, -7.45553E-03, -6.89509E-03, -6.37999E-03, -5.90779E-03, -5.47553E-03, -5.08007E-03, -4.71827E-03, -4.38714E-03,
 -4.60377E-03, -4.96341E-03, -5.35815E-03, -5.79169E-03, -6.26803E-03, -6.79138E-03, -7.36600E-03, -7.99598E-03, -8.68480E-03, -9.43461E-03, -1.02452E-02, -1.11125E-02, -1.20261E-02, -1.29659E-02, -1.38978E-02, -1.47675E-02,NA,NA,NA,NA,NA,NA,NA,NA,NA,NA,NA,NA,NA,NA,NA,NA,NA,NA,NA,NA,NA,NA,NA,NA,NA,NA,NA,NA,NA,NA,NA,NA,NA,NA,NA,NA,NA,NA,NA,NA,NA, -1.55962E-02, -1.47809E-02, -1.38719E-02, -1.29337E-02, -1.20078E-02, -1.11192E-02, -1.02818E-02, -9.50201E-03, -8.78169E-03, -8.11960E-03, -7.51293E-03, -6.95799E-03, -6.45074E-03, -5.98715E-03, -5.56330E-03, -5.17553E-03,
 -5.38743E-03, -5.80176E-03, -6.25609E-03, -6.75467E-03, -7.30214E-03, -7.90344E-03, -8.56369E-03, -9.28798E-03, -1.00810E-02, -1.09462E-02, -1.18852E-02, -1.28958E-02, -1.39697E-02, -1.50895E-02, -1.62241E-02, -1.73218E-02, -1.83027E-02,NA,NA,NA,NA,NA,NA,NA,NA,NA,NA,NA,NA,NA,NA,NA,NA,NA,NA,NA,NA,NA,NA,NA,NA,NA,NA,NA,NA,NA,NA,NA,NA,NA,NA,NA,NA,NA,NA,NA,NA, -1.81873E-02, -1.71322E-02, -1.60105E-02, -1.48839E-02, -1.37907E-02, -1.27533E-02, -1.17833E-02, -1.08849E-02, -1.00581E-02, -9.30014E-03, -8.60687E-03, -7.97348E-03, -7.39499E-03, -6.86653E-03, -6.38350E-03, -5.94162E-03,
 -6.14336E-03, -6.60929E-03, -7.11972E-03, -7.67940E-03, -8.29354E-03, -8.96772E-03, -9.70783E-03, -1.05198E-02, -1.14095E-02, -1.23815E-02, -1.34388E-02, -1.45809E-02, -1.58016E-02, -1.70855E-02, -1.84037E-02, -1.97069E-02, -2.09167E-02,NA,NA,NA,NA,NA,NA,NA,NA,NA,NA,NA,NA,NA,NA,NA,NA,NA,NA,NA,NA,NA,NA,NA,NA,NA,NA,NA,NA,NA,NA,NA,NA,NA,NA,NA,NA,NA,NA,NA, -2.17396E-02, -2.06062E-02, -1.93360E-02, -1.80219E-02, -1.67238E-02, -1.54777E-02, -1.43038E-02, -1.32115E-02, -1.22034E-02, -1.12777E-02, -1.04304E-02, -9.65616E-03, -8.94924E-03, -8.30379E-03, -7.71421E-03, -7.17527E-03, -6.68217E-03,
 -6.86896E-03, -7.38314E-03, -7.94590E-03, -8.56243E-03, -9.23841E-03, -9.98000E-03, -1.07937E-02, -1.16864E-02, -1.26645E-02, -1.37339E-02, -1.48989E-02, -1.61602E-02, -1.75134E-02, -1.89450E-02, -2.04279E-02, -2.19145E-02, -2.33276E-02,NA,NA,NA,NA,NA,NA,NA,NA,NA,NA,NA,NA,NA,NA,NA,NA,NA,NA,NA,NA,NA,NA,NA,NA,NA,NA,NA,NA,NA,NA,NA,NA,NA,NA,NA,NA,NA,NA,NA, -2.41895E-02, -2.28443E-02, -2.13823E-02, -1.98962E-02, -1.84440E-02, -1.70600E-02, -1.57624E-02, -1.45589E-02, -1.34506E-02, -1.24343E-02, -1.15048E-02, -1.06559E-02, -9.88081E-03, -9.17311E-03, -8.52655E-03, -7.93535E-03, -7.39421E-03,
 -7.56193E-03, -8.12080E-03, -8.73187E-03, -9.40072E-03, -1.01334E-02, -1.09366E-02, -1.18174E-02, -1.27832E-02, -1.38413E-02, -1.49985E-02, -1.62599E-02, -1.76278E-02, -1.90991E-02, -2.06621E-02, -2.22914E-02, -2.39413E-02, -2.55358E-02,NA,NA,NA,NA,NA,NA,NA,NA,NA,NA,NA,NA,NA,NA,NA,NA,NA,NA,NA,NA,NA,NA,NA,NA,NA,NA,NA,NA,NA,NA,NA,NA,NA,NA,NA,NA,NA,NA,NA, -2.64331E-02, -2.48986E-02, -2.32660E-02, -2.16268E-02, -2.00375E-02, -1.85306E-02, -1.71226E-02, -1.58195E-02, -1.46210E-02, -1.35228E-02, -1.25187E-02, -1.16017E-02, -1.07643E-02, -9.99945E-03, -9.30037E-03, -8.66082E-03, -8.07512E-03,
 -8.22024E-03, -8.82006E-03, -9.47527E-03, -1.01917E-02, -1.09758E-02, -1.18346E-02, -1.27757E-02, -1.38069E-02, -1.49362E-02, -1.61711E-02, -1.75178E-02, -1.89796E-02, -2.05548E-02, -2.22334E-02, -2.39920E-02, -2.57871E-02, -2.75450E-02,NA,NA,NA,NA,NA,NA,NA,NA,NA,NA,NA,NA,NA,NA,NA,NA,NA,NA,NA,NA,NA,NA,NA,NA,NA,NA,NA,NA,NA,NA,NA,NA,NA,NA,NA,NA,NA,NA,NA, -2.84759E-02, -2.67698E-02, -2.49847E-02, -2.32100E-02, -2.15000E-02, -1.98850E-02, -1.83797E-02, -1.69886E-02, -1.57101E-02, -1.45391E-02, -1.34683E-02, -1.24901E-02, -1.15965E-02, -1.07798E-02, -1.00329E-02, -9.34916E-03, -8.72257E-03,
 -8.84220E-03, -9.47911E-03, -1.01741E-02, -1.09333E-02, -1.17633E-02, -1.26716E-02, -1.36659E-02, -1.47547E-02, -1.59463E-02, -1.72490E-02, -1.86697E-02, -2.02128E-02, -2.18780E-02, -2.36570E-02, -2.55290E-02, -2.74534E-02, -2.93602E-02,NA,NA,NA,NA,NA,NA,NA,NA,NA,NA,NA,NA,NA,NA,NA,NA,NA,NA,NA,NA,NA,NA,NA,NA,NA,NA,NA,NA,NA,NA,NA,NA,NA,NA,NA,NA,NA,NA,NA, -3.03244E-02, -2.84599E-02, -2.65379E-02, -2.46438E-02, -2.28285E-02, -2.11198E-02, -1.95302E-02, -1.80628E-02, -1.67147E-02, -1.54799E-02, -1.43505E-02, -1.33183E-02, -1.23746E-02, -1.15117E-02, -1.07218E-02, -9.99823E-03, -9.33460E-03,
 -9.42640E-03, -1.00965E-02, -1.08268E-02, -1.16238E-02, -1.24942E-02, -1.34457E-02, -1.44863E-02, -1.56247E-02, -1.68698E-02, -1.82303E-02, -1.97138E-02, -2.13259E-02, -2.30675E-02, -2.49325E-02, -2.69028E-02, -2.89418E-02, -3.09850E-02,NA,NA,NA,NA,NA,NA,NA,NA,NA,NA,NA,NA,NA,NA,NA,NA,NA,NA,NA,NA,NA,NA,NA,NA,NA,NA,NA,NA,NA,NA,NA,NA,NA,NA,NA,NA,NA,NA,NA, -3.19828E-02, -2.99708E-02, -2.79260E-02, -2.59275E-02, -2.40217E-02, -2.22331E-02, -2.05719E-02, -1.90397E-02, -1.76324E-02, -1.63430E-02, -1.51631E-02, -1.40839E-02, -1.30967E-02, -1.21931E-02, -1.13653E-02, -1.06063E-02, -9.90958E-03,
 -9.97178E-03, -1.06710E-02, -1.14323E-02, -1.22621E-02, -1.31673E-02, -1.41557E-02, -1.52355E-02, -1.64157E-02, -1.77055E-02, -1.91139E-02, -2.06494E-02, -2.23182E-02, -2.41231E-02, -2.60599E-02, -2.81138E-02, -3.02533E-02, -3.24209E-02,NA,NA,NA,NA,NA,NA,NA,NA,NA,NA,NA,NA,NA,NA,NA,NA,NA,NA,NA,NA,NA,NA,NA,NA,NA,NA,NA,NA,NA,NA,NA,NA,NA,NA,NA,NA,NA,NA,NA, -3.34522E-02, -3.13032E-02, -2.91491E-02, -2.70608E-02, -2.50788E-02, -2.32239E-02, -2.15038E-02, -1.99181E-02, -1.84616E-02, -1.71267E-02, -1.59044E-02, -1.47856E-02, -1.37611E-02, -1.28226E-02, -1.19619E-02, -1.11720E-02, -1.04462E-02,
NA, -1.12020E-02, -1.19897E-02, -1.28473E-02, -1.37818E-02, -1.48009E-02, -1.59131E-02, -1.71273E-02, -1.84531E-02, -1.98998E-02, -2.14764E-02, -2.31902E-02, -2.50452E-02, -2.70398E-02, -2.91628E-02, -3.13881E-02, -3.36669E-02, -3.59164E-02,NA,NA,NA,NA,NA,NA,NA,NA,NA,NA,NA,NA,NA,NA,NA,NA,NA,NA,NA,NA,NA,NA,NA,NA,NA,NA,NA,NA,NA,NA,NA,NA,NA,NA,NA,NA,NA,NA, -3.47305E-02, -3.24566E-02, -3.02075E-02, -2.80440E-02, -2.60002E-02, -2.40923E-02, -2.23255E-02, -2.06974E-02, -1.92018E-02, -1.78304E-02, -1.65737E-02, -1.54223E-02, -1.43670E-02, -1.33991E-02, -1.25107E-02, -1.16944E-02, -1.09436E-02,
NA, -1.16889E-02, -1.24987E-02, -1.33792E-02, -1.43375E-02, -1.53812E-02, -1.65189E-02, -1.77596E-02, -1.91129E-02, -2.05884E-02, -2.21956E-02, -2.39427E-02, -2.58350E-02, -2.78735E-02, -3.00505E-02, -3.23461E-02, -3.47204E-02, -3.71049E-02,NA,NA,NA,NA,NA,NA,NA,NA,NA,NA,NA,NA,NA,NA,NA,NA,NA,NA,NA,NA,NA,NA,NA,NA,NA,NA,NA,NA,NA,NA,NA,NA,NA,NA,NA,NA,NA,NA, -3.58132E-02, -3.34297E-02, -3.11013E-02, -2.88779E-02, -2.67865E-02, -2.48391E-02, -2.30375E-02, -2.13780E-02, -1.98531E-02, -1.84539E-02, -1.71706E-02, -1.59937E-02, -1.49138E-02, -1.39223E-02, -1.30111E-02, -1.21729E-02,NA,
NA, -1.21317E-02, -1.29593E-02, -1.38579E-02, -1.48346E-02, -1.58970E-02, -1.70536E-02, -1.83133E-02, -1.96859E-02, -2.11811E-02, -2.28087E-02, -2.45775E-02, -2.64946E-02, -2.85627E-02, -3.07783E-02, -3.31271E-02, -3.55786E-02, -3.80786E-02,NA,NA,NA,NA,NA,NA,NA,NA,NA,NA,NA,NA,NA,NA,NA,NA,NA,NA,NA,NA,NA,NA,NA,NA,NA,NA,NA,NA,NA,NA,NA,NA,NA,NA,NA,NA,NA, -3.91872E-02, -3.66955E-02, -3.42211E-02, -3.18309E-02, -2.95637E-02, -2.74395E-02, -2.54656E-02, -2.36413E-02, -2.19609E-02, -2.04162E-02, -1.89978E-02, -1.76956E-02, -1.65000E-02, -1.54016E-02, -1.43919E-02, -1.34628E-02, -1.26072E-02,NA,
NA, -1.25306E-02, -1.33717E-02, -1.42838E-02, -1.52737E-02, -1.63491E-02, -1.75182E-02, -1.87899E-02, -2.01737E-02, -2.16797E-02, -2.33178E-02, -2.50974E-02, -2.70266E-02, -2.91103E-02, -3.13483E-02, -3.37320E-02, -3.62398E-02, -3.88307E-02,NA,NA,NA,NA,NA,NA,NA,NA,NA,NA,NA,NA,NA,NA,NA,NA,NA,NA,NA,NA,NA,NA,NA,NA,NA,NA,NA,NA,NA,NA,NA,NA,NA,NA,NA,NA,NA, -3.99759E-02, -3.73735E-02, -3.48306E-02, -3.23979E-02, -3.01039E-02, -2.79617E-02, -2.59744E-02, -2.41389E-02, -2.24480E-02, -2.08928E-02, -1.94633E-02, -1.81496E-02, -1.69419E-02, -1.58310E-02, -1.48084E-02, -1.38662E-02, -1.29974E-02,NA,
NA,NA, -1.37366E-02, -1.46577E-02, -1.56559E-02, -1.67387E-02, -1.79142E-02, -1.91910E-02, -2.05787E-02, -2.20870E-02, -2.37260E-02, -2.55056E-02, -2.74347E-02, -2.95200E-02, -3.17643E-02, -3.41637E-02, -3.67046E-02, -3.93581E-02, -4.20744E-02,NA,NA,NA,NA,NA,NA,NA,NA,NA,NA,NA,NA,NA,NA,NA,NA,NA,NA,NA,NA,NA,NA,NA,NA,NA,NA,NA,NA,NA,NA,NA,NA,NA,NA,NA,NA, -4.05283E-02, -3.78463E-02, -3.52599E-02, -3.28054E-02, -3.05019E-02, -2.83565E-02, -2.63688E-02, -2.45333E-02, -2.28419E-02, -2.12849E-02, -1.98523E-02, -1.85340E-02, -1.73205E-02, -1.62028E-02, -1.51724E-02, -1.42218E-02, -1.33439E-02,NA,
NA,NA, -1.40550E-02, -1.49807E-02, -1.59825E-02, -1.70675E-02, -1.82436E-02, -1.95192E-02, -2.09035E-02, -2.24061E-02, -2.40370E-02, -2.58065E-02, -2.77238E-02, -2.97971E-02, -3.20314E-02, -3.44271E-02, -3.69769E-02, -3.96626E-02, -4.24495E-02,NA,NA,NA,NA,NA,NA,NA,NA,NA,NA,NA,NA,NA,NA,NA,NA,NA,NA,NA,NA,NA,NA,NA,NA,NA,NA,NA,NA,NA,NA,NA,NA,NA,NA,NA, -4.36541E-02, -4.08448E-02, -3.81171E-02, -3.55136E-02, -3.30584E-02, -3.07627E-02, -2.86287E-02, -2.66529E-02, -2.48283E-02, -2.31457E-02, -2.15954E-02, -2.01670E-02, -1.88509E-02, -1.76376E-02, -1.65184E-02, -1.54851E-02, -1.45304E-02,NA,NA,
NA,NA, -1.43280E-02, -1.52544E-02, -1.62553E-02, -1.73377E-02, -1.85089E-02, -1.97772E-02, -2.11514E-02, -2.26409E-02, -2.42554E-02, -2.60050E-02, -2.78996E-02, -2.99478E-02, -3.21567E-02, -3.45297E-02, -3.70646E-02, -3.97514E-02, -4.25678E-02, -4.54761E-02,NA,NA,NA,NA,NA,NA,NA,NA,NA,NA,NA,NA,NA,NA,NA,NA,NA,NA,NA,NA,NA,NA,NA,NA,NA,NA,NA,NA,NA,NA,NA,NA,NA,NA, -4.37873E-02, -4.09319E-02, -3.81933E-02, -3.55991E-02, -3.31640E-02, -3.08929E-02, -2.87841E-02, -2.68320E-02, -2.50283E-02, -2.33634E-02, -2.18274E-02, -2.04104E-02, -1.91026E-02, -1.78951E-02, -1.67795E-02, -1.57479E-02, -1.47933E-02,NA,NA,
NA,NA, -1.45572E-02, -1.54804E-02, -1.64763E-02, -1.75514E-02, -1.87128E-02, -1.99683E-02, -2.13263E-02, -2.27958E-02, -2.43861E-02, -2.61072E-02, -2.79687E-02, -2.99800E-02, -3.21491E-02, -3.44815E-02, -3.69790E-02, -3.96374E-02, -4.24439E-02, -4.53744E-02,NA,NA,NA,NA,NA,NA,NA,NA,NA,NA,NA,NA,NA,NA,NA,NA,NA,NA,NA,NA,NA,NA,NA,NA,NA,NA,NA,NA,NA,NA,NA,NA,NA, -4.66269E-02, -4.36598E-02, -4.08031E-02, -3.80865E-02, -3.55268E-02, -3.31313E-02, -3.09003E-02, -2.88296E-02, -2.69120E-02, -2.51385E-02, -2.34995E-02, -2.19851E-02, -2.05856E-02, -1.92920E-02, -1.80955E-02, -1.69881E-02, -1.59625E-02, -1.50118E-02,NA,NA,
NA,NA,NA, -1.56608E-02, -1.66478E-02, -1.77115E-02, -1.88585E-02, -2.00961E-02, -2.14323E-02, -2.28756E-02, -2.44348E-02, -2.61194E-02, -2.79389E-02, -2.99026E-02, -3.20189E-02, -3.42948E-02, -3.67345E-02, -3.93378E-02, -4.20987E-02, -4.50028E-02, -4.80252E-02,NA,NA,NA,NA,NA,NA,NA,NA,NA,NA,NA,NA,NA,NA,NA,NA,NA,NA,NA,NA,NA,NA,NA,NA,NA,NA,NA,NA,NA,NA,NA,NA, -4.62468E-02, -4.32944E-02, -4.04767E-02, -3.78120E-02, -3.53094E-02, -3.29711E-02, -3.07943E-02, -2.87732E-02, -2.68997E-02, -2.51648E-02, -2.35588E-02, -2.20725E-02, -2.06965E-02, -1.94222E-02, -1.82414E-02, -1.71466E-02, -1.61309E-02, -1.51878E-02,NA,NA,
NA,NA,NA, -1.57976E-02, -1.67723E-02, -1.78207E-02, -1.89492E-02, -2.01645E-02, -2.14740E-02, -2.28856E-02, -2.44076E-02, -2.60489E-02, -2.78184E-02, -2.97251E-02, -3.17776E-02, -3.39833E-02, -3.63477E-02, -3.88733E-02, -4.15582E-02, -4.43948E-02, -4.73672E-02, -5.04506E-02,NA,NA,NA,NA,NA,NA,NA,NA,NA,NA,NA,NA,NA,NA,NA,NA,NA,NA,NA,NA,NA,NA,NA,NA,NA,NA,NA,NA,NA,NA, -4.86285E-02, -4.56104E-02, -4.27196E-02, -3.99752E-02, -3.73879E-02, -3.49617E-02, -3.26956E-02, -3.05852E-02, -2.86236E-02, -2.68026E-02, -2.51135E-02, -2.35470E-02, -2.20943E-02, -2.07469E-02, -1.94966E-02, -1.83358E-02, -1.72575E-02, -1.62552E-02,NA,NA,NA,
NA,NA,NA,NA, -1.68524E-02, -1.78823E-02, -1.89886E-02, -2.01776E-02, -2.14560E-02, -2.28312E-02, -2.43108E-02, -2.59029E-02, -2.76159E-02, -2.94581E-02, -3.14376E-02, -3.35619E-02, -3.58369E-02, -3.82664E-02, -4.08511E-02, -4.35872E-02, -4.64649E-02, -4.94676E-02, -5.25702E-02,NA,NA,NA,NA,NA,NA,NA,NA,NA,NA,NA,NA,NA,NA,NA,NA,NA,NA,NA,NA,NA,NA,NA,NA,NA,NA,NA,NA, -5.07312E-02, -4.76870E-02, -4.47590E-02, -4.19669E-02, -3.93232E-02, -3.68337E-02, -3.44996E-02, -3.23180E-02, -3.02837E-02, -2.83899E-02, -2.66285E-02, -2.49912E-02, -2.34697E-02, -2.20556E-02, -2.07412E-02, -1.95190E-02, -1.83819E-02, -1.73236E-02, -1.63379E-02,NA,NA,NA,
NA,NA,NA,NA, -1.68911E-02, -1.78994E-02, -1.89803E-02, -2.01396E-02, -2.13834E-02, -2.27182E-02, -2.41511E-02, -2.56893E-02, -2.73404E-02, -2.91119E-02, -3.10114E-02, -3.30457E-02, -3.52206E-02, -3.75404E-02, -4.00068E-02, -4.26180E-02, -4.53680E-02, -4.82449E-02, -5.12304E-02, -5.42990E-02,NA,NA,NA,NA,NA,NA,NA,NA,NA,NA,NA,NA,NA,NA,NA,NA,NA,NA,NA,NA,NA,NA,NA,NA,NA,NA, -5.24768E-02, -4.94562E-02, -4.65351E-02, -4.37345E-02, -4.10687E-02, -3.85461E-02, -3.61698E-02, -3.39395E-02, -3.18517E-02, -2.99013E-02, -2.80816E-02, -2.63853E-02, -2.48049E-02, -2.33327E-02, -2.19614E-02, -2.06838E-02, -1.94931E-02, -1.83830E-02, -1.73477E-02,NA,NA,NA,NA,
NA,NA,NA,NA, -1.68911E-02, -1.78754E-02, -1.89283E-02, -2.00550E-02, -2.12610E-02, -2.25523E-02, -2.39350E-02, -2.54156E-02, -2.70009E-02, -2.86973E-02, -3.05117E-02, -3.24499E-02, -3.45174E-02, -3.67180E-02, -3.90537E-02, -4.15237E-02, -4.41235E-02, -4.68443E-02, -4.96717E-02, -5.25852E-02, -5.55577E-02,NA,NA,NA,NA,NA,NA,NA,NA,NA,NA,NA,NA,NA,NA,NA,NA,NA,NA,NA,NA,NA,NA,NA,NA, -5.37912E-02, -5.08520E-02, -4.79889E-02, -4.52251E-02, -4.25773E-02, -4.00564E-02, -3.76686E-02, -3.54160E-02, -3.32976E-02, -3.13103E-02, -2.94491E-02, -2.77082E-02, -2.60812E-02, -2.45615E-02, -2.31422E-02, -2.18169E-02, -2.05791E-02, -1.94229E-02, -1.83426E-02, -1.73328E-02,NA,NA,NA,NA,
NA,NA,NA,NA,NA, -1.78136E-02, -1.88362E-02, -1.99280E-02, -2.10939E-02, -2.23392E-02, -2.36692E-02, -2.50896E-02, -2.66061E-02, -2.82246E-02, -2.99505E-02, -3.17890E-02, -3.37447E-02, -3.58206E-02, -3.80186E-02, -4.03377E-02, -4.27744E-02, -4.53211E-02, -4.79657E-02, -5.06910E-02, -5.34740E-02, -5.62854E-02,NA,NA,NA,NA,NA,NA,NA,NA,NA,NA,NA,NA,NA,NA,NA,NA,NA,NA,NA,NA,NA, -5.74273E-02, -5.46153E-02, -5.18184E-02, -4.90683E-02, -4.63904E-02, -4.38044E-02, -4.13242E-02, -3.89590E-02, -3.67141E-02, -3.45912E-02, -3.25896E-02, -3.07065E-02, -2.89380E-02, -2.72790E-02, -2.57242E-02, -2.42678E-02, -2.29041E-02, -2.16272E-02, -2.04318E-02, -1.93124E-02, -1.82641E-02, -1.72821E-02,NA,NA,NA,NA,
NA,NA,NA,NA,NA, -1.77174E-02, -1.87079E-02, -1.97631E-02, -2.08871E-02, -2.20845E-02, -2.33600E-02, -2.47185E-02, -2.61647E-02, -2.77035E-02, -2.93394E-02, -3.10766E-02, -3.29186E-02, -3.48679E-02, -3.69252E-02, -3.90897E-02, -4.13576E-02, -4.37221E-02, -4.61725E-02, -4.86933E-02, -5.12645E-02, -5.38603E-02, -5.64499E-02, -5.89970E-02,NA,NA,NA,NA,NA,NA,NA,NA,NA,NA,NA,NA,NA,NA,NA,NA,NA, -6.00075E-02, -5.74897E-02, -5.49136E-02, -5.23175E-02, -4.97343E-02, -4.71918E-02, -4.47125E-02, -4.23135E-02, -4.00074E-02, -3.78025E-02, -3.57036E-02, -3.37128E-02, -3.18298E-02, -3.00527E-02, -2.83784E-02, -2.68030E-02, -2.53220E-02, -2.39307E-02, -2.26242E-02, -2.13976E-02, -2.02463E-02, -1.91655E-02, -1.81510E-02,NA,NA,NA,NA,NA,
NA,NA,NA,NA,NA,NA, -1.85472E-02, -1.95644E-02, -2.06452E-02, -2.17937E-02, -2.30137E-02, -2.43093E-02, -2.56846E-02, -2.71432E-02, -2.86890E-02, -3.03251E-02, -3.20539E-02, -3.38769E-02, -3.57945E-02, -3.78049E-02, -3.99043E-02, -4.20860E-02, -4.43400E-02, -4.66525E-02, -4.90053E-02, -5.13755E-02, -5.37357E-02, -5.60538E-02, -5.82940E-02, -6.04168E-02,NA,NA,NA,NA,NA,NA,NA,NA,NA,NA,NA,NA,NA, -6.12326E-02, -5.91692E-02, -5.69722E-02, -5.46818E-02, -5.23354E-02, -4.99667E-02, -4.76051E-02, -4.52752E-02, -4.29971E-02, -4.07863E-02, -3.86543E-02, -3.66091E-02, -3.46556E-02, -3.27962E-02, -3.10313E-02, -2.93600E-02, -2.77800E-02, -2.62885E-02, -2.48819E-02, -2.35564E-02, -2.23082E-02, -2.11330E-02, -2.00270E-02, -1.89862E-02,NA,NA,NA,NA,NA,NA,
NA,NA,NA,NA,NA,NA,NA, -1.93360E-02, -2.03729E-02, -2.14718E-02, -2.26360E-02, -2.38686E-02, -2.51731E-02, -2.65523E-02, -2.80090E-02, -2.95454E-02, -3.11631E-02, -3.28628E-02, -3.46439E-02, -3.65042E-02, -3.84394E-02, -4.04431E-02, -4.25056E-02, -4.46143E-02, -4.67524E-02, -4.88998E-02, -5.10320E-02, -5.31208E-02, -5.51346E-02, -5.70391E-02, -5.87984E-02, -6.03761E-02, -6.17370E-02, -6.28489E-02, -6.36840E-02,NA,NA,NA,NA, -6.32208E-02, -6.22177E-02, -6.09538E-02, -5.94597E-02, -5.77697E-02, -5.59199E-02, -5.39465E-02, -5.18847E-02, -4.97672E-02, -4.76238E-02, -4.54803E-02, -4.33587E-02, -4.12771E-02, -3.92498E-02, -3.72874E-02, -3.53978E-02, -3.35860E-02, -3.18550E-02, -3.02059E-02, -2.86385E-02, -2.71517E-02, -2.57432E-02, -2.44107E-02, -2.31511E-02, -2.19613E-02, -2.08381E-02, -1.97781E-02, -1.87780E-02,NA,NA,NA,NA,NA,NA,
NA,NA,NA,NA,NA,NA,NA, -1.90818E-02, -2.00746E-02, -2.11238E-02, -2.22322E-02, -2.34025E-02, -2.46371E-02, -2.59382E-02, -2.73078E-02, -2.87473E-02, -3.02575E-02, -3.18381E-02, -3.34880E-02, -3.52044E-02, -3.69829E-02, -3.88167E-02, -4.06970E-02, -4.26116E-02, -4.45457E-02, -4.64810E-02, -4.83959E-02, -5.02657E-02, -5.20629E-02, -5.37580E-02, -5.53199E-02, -5.67176E-02, -5.79211E-02, -5.89029E-02, -5.96394E-02, -6.01122E-02, -6.03092E-02, -6.02253E-02, -5.98627E-02, -5.92308E-02, -5.83455E-02, -5.72285E-02, -5.59059E-02, -5.44069E-02, -5.27622E-02, -5.10030E-02, -4.91597E-02, -4.72605E-02, -4.53315E-02, -4.33955E-02, -4.14721E-02, -3.95775E-02, -3.77249E-02, -3.59245E-02, -3.41838E-02, -3.25081E-02, -3.09008E-02, -2.93637E-02, -2.78973E-02, -2.65013E-02, -2.51743E-02, -2.39147E-02, -2.27203E-02, -2.15887E-02, -2.05174E-02, -1.95037E-02,NA,NA,NA,NA,NA,NA,NA,
NA,NA,NA,NA,NA,NA,NA,NA, -1.97542E-02, -2.07541E-02, -2.18075E-02, -2.29164E-02, -2.40827E-02, -2.53078E-02, -2.65931E-02, -2.79392E-02, -2.93462E-02, -3.08132E-02, -3.23385E-02, -3.39189E-02, -3.55496E-02, -3.72241E-02, -3.89338E-02, -4.06676E-02, -4.24118E-02, -4.41502E-02, -4.58637E-02, -4.75308E-02, -4.91277E-02, -5.06291E-02, -5.20087E-02, -5.32401E-02, -5.42981E-02, -5.51597E-02, -5.58051E-02, -5.62190E-02, -5.63914E-02, -5.63180E-02, -5.60006E-02, -5.54471E-02, -5.46706E-02, -5.36894E-02, -5.25252E-02, -5.12025E-02, -4.97474E-02, -4.81863E-02, -4.65451E-02, -4.48483E-02, -4.31183E-02, -4.13751E-02, -3.96363E-02, -3.79165E-02, -3.62277E-02, -3.45795E-02, -3.29795E-02, -3.14328E-02, -2.99434E-02, -2.85134E-02, -2.71442E-02, -2.58358E-02, -2.45880E-02, -2.33996E-02, -2.22692E-02, -2.11950E-02, -2.01751E-02,NA,NA,NA,NA,NA,NA,NA,NA,
NA,NA,NA,NA,NA,NA,NA,NA,NA, -2.03669E-02, -2.13664E-02, -2.24154E-02, -2.35153E-02, -2.46671E-02, -2.58714E-02, -2.71282E-02, -2.84370E-02, -2.97966E-02, -3.12046E-02, -3.26576E-02, -3.41506E-02, -3.56774E-02, -3.72297E-02, -3.87971E-02, -4.03675E-02, -4.19261E-02, -4.34564E-02, -4.49396E-02, -4.63553E-02, -4.76819E-02, -4.88972E-02, -4.99791E-02, -5.09065E-02, -5.16603E-02, -5.22241E-02, -5.25854E-02, -5.27357E-02, -5.26717E-02, -5.23948E-02, -5.19114E-02, -5.12325E-02, -5.03731E-02, -4.93513E-02, -4.81874E-02, -4.69033E-02, -4.55212E-02, -4.40632E-02, -4.25501E-02, -4.10015E-02, -3.94347E-02, -3.78653E-02, -3.63065E-02, -3.47694E-02, -3.32629E-02, -3.17942E-02, -3.03688E-02, -2.89906E-02, -2.76623E-02, -2.63857E-02, -2.51616E-02, -2.39900E-02, -2.28706E-02, -2.18025E-02, -2.07845E-02, -1.98152E-02,NA,NA,NA,NA,NA,NA,NA,NA,
NA,NA,NA,NA,NA,NA,NA,NA,NA,NA, -2.09129E-02, -2.19039E-02, -2.29398E-02, -2.40212E-02, -2.51481E-02, -2.63202E-02, -2.75364E-02, -2.87950E-02, -3.00934E-02, -3.14280E-02, -3.27939E-02, -3.41848E-02, -3.55930E-02, -3.70091E-02, -3.84219E-02, -3.98185E-02, -4.11842E-02, -4.25029E-02, -4.37571E-02, -4.49284E-02, -4.59982E-02, -4.69479E-02, -4.77602E-02, -4.84190E-02, -4.89111E-02, -4.92261E-02, -4.93571E-02, -4.93013E-02, -4.90599E-02, -4.86382E-02, -4.80452E-02, -4.72931E-02, -4.63970E-02, -4.53736E-02, -4.42413E-02, -4.30186E-02, -4.17242E-02, -4.03759E-02, -3.89905E-02, -3.75833E-02, -3.61678E-02, -3.47560E-02, -3.33580E-02, -3.19821E-02, -3.06353E-02, -2.93229E-02, -2.80489E-02, -2.68165E-02, -2.56277E-02, -2.44837E-02, -2.33852E-02, -2.23322E-02, -2.13243E-02, -2.03609E-02,NA,NA,NA,NA,NA,NA,NA,NA,NA,
NA,NA,NA,NA,NA,NA,NA,NA,NA,NA,NA, -2.13858E-02, -2.23604E-02, -2.33746E-02, -2.44281E-02, -2.55201E-02, -2.66492E-02, -2.78135E-02, -2.90102E-02, -3.02354E-02, -3.14844E-02, -3.27512E-02, -3.40286E-02, -3.53079E-02, -3.65791E-02, -3.78307E-02, -3.90499E-02, -4.02228E-02, -4.13343E-02, -4.23691E-02, -4.33113E-02, -4.41455E-02, -4.48573E-02, -4.54337E-02, -4.58635E-02, -4.61382E-02, -4.62525E-02, -4.62038E-02, -4.59933E-02, -4.56251E-02, -4.51067E-02, -4.44482E-02, -4.36617E-02, -4.27614E-02, -4.17624E-02, -4.06802E-02, -3.95306E-02, -3.83288E-02, -3.70892E-02, -3.58250E-02, -3.45484E-02, -3.32698E-02, -3.19986E-02, -3.07425E-02, -2.95080E-02, -2.83003E-02, -2.71235E-02, -2.59810E-02, -2.48749E-02, -2.38068E-02, -2.27778E-02, -2.17884E-02, -2.08385E-02,NA,NA,NA,NA,NA,NA,NA,NA,NA,NA,
NA,NA,NA,NA,NA,NA,NA,NA,NA,NA,NA, -2.08645E-02, -2.17806E-02, -2.27309E-02, -2.37150E-02, -2.47318E-02, -2.57796E-02, -2.68562E-02, -2.79587E-02, -2.90834E-02, -3.02255E-02, -3.13795E-02, -3.25386E-02, -3.36949E-02, -3.48394E-02, -3.59620E-02, -3.70514E-02, -3.80958E-02, -3.90822E-02, -3.99975E-02, -4.08286E-02, -4.15626E-02, -4.21874E-02, -4.26924E-02, -4.30685E-02, -4.33087E-02, -4.34085E-02, -4.33660E-02, -4.31820E-02, -4.28600E-02, -4.24061E-02, -4.18284E-02, -4.11371E-02, -4.03438E-02, -3.94611E-02, -3.85020E-02, -3.74798E-02, -3.64075E-02, -3.52973E-02, -3.41609E-02, -3.30088E-02, -3.18505E-02, -3.06943E-02, -2.95474E-02, -2.84159E-02, -2.73049E-02, -2.62183E-02, -2.51595E-02, -2.41310E-02, -2.31346E-02, -2.21716E-02, -2.12427E-02,NA,NA,NA,NA,NA,NA,NA,NA,NA,NA,NA,
NA,NA,NA,NA,NA,NA,NA,NA,NA,NA,NA,NA,NA, -2.20934E-02, -2.30122E-02, -2.39585E-02, -2.49305E-02, -2.59258E-02, -2.69416E-02, -2.79741E-02, -2.90189E-02, -3.00706E-02, -3.11230E-02, -3.21690E-02, -3.32006E-02, -3.42087E-02, -3.51837E-02, -3.61151E-02, -3.69921E-02, -3.78034E-02, -3.85380E-02, -3.91853E-02, -3.97351E-02, -4.01788E-02, -4.05087E-02, -4.07192E-02, -4.08066E-02, -4.07693E-02, -4.06081E-02, -4.03258E-02, -3.99272E-02, -3.94193E-02, -3.88103E-02, -3.81097E-02, -3.73282E-02, -3.64766E-02, -3.55661E-02, -3.46077E-02, -3.36122E-02, -3.25894E-02, -3.15487E-02, -3.04986E-02, -2.94464E-02, -2.83989E-02, -2.73616E-02, -2.63394E-02, -2.53362E-02, -2.43554E-02, -2.33994E-02, -2.24703E-02, -2.15695E-02,NA,NA,NA,NA,NA,NA,NA,NA,NA,NA,NA,NA,
NA,NA,NA,NA,NA,NA,NA,NA,NA,NA,NA,NA,NA,NA, -2.23222E-02, -2.32026E-02, -2.41042E-02, -2.50244E-02, -2.59605E-02, -2.69087E-02, -2.78649E-02, -2.88241E-02, -2.97806E-02, -3.07280E-02, -3.16590E-02, -3.25658E-02, -3.34399E-02, -3.42722E-02, -3.50536E-02, -3.57745E-02, -3.64255E-02, -3.69978E-02, -3.74831E-02, -3.78739E-02, -3.81642E-02, -3.83493E-02, -3.84261E-02, -3.83934E-02, -3.82517E-02, -3.80033E-02, -3.76524E-02, -3.72044E-02, -3.66664E-02, -3.60461E-02, -3.53524E-02, -3.45945E-02, -3.37819E-02, -3.29238E-02, -3.20295E-02, -3.11077E-02, -3.01665E-02, -2.92134E-02, -2.82551E-02, -2.72977E-02, -2.63464E-02, -2.54057E-02, -2.44795E-02, -2.35708E-02, -2.26824E-02, -2.18163E-02,NA,NA,NA,NA,NA,NA,NA,NA,NA,NA,NA,NA,NA,
NA,NA,NA,NA,NA,NA,NA,NA,NA,NA,NA,NA,NA,NA,NA, -2.24660E-02, -2.33023E-02, -2.41533E-02, -2.50162E-02, -2.58875E-02, -2.67633E-02, -2.76389E-02, -2.85092E-02, -2.93684E-02, -3.02100E-02, -3.10271E-02, -3.18123E-02, -3.25578E-02, -3.32557E-02, -3.38979E-02, -3.44765E-02, -3.49841E-02, -3.54136E-02, -3.57591E-02, -3.60154E-02, -3.61786E-02, -3.62464E-02, -3.62175E-02, -3.60925E-02, -3.58733E-02, -3.55633E-02, -3.51670E-02, -3.46902E-02, -3.41394E-02, -3.35221E-02, -3.28459E-02, -3.21188E-02, -3.13489E-02, -3.05441E-02, -2.97119E-02, -2.88595E-02, -2.79934E-02, -2.71198E-02, -2.62440E-02, -2.53710E-02, -2.45050E-02, -2.36495E-02, -2.28077E-02,NA,NA,NA,NA,NA,NA,NA,NA,NA,NA,NA,NA,NA,NA,NA,
NA,NA,NA,NA,NA,NA,NA,NA,NA,NA,NA,NA,NA,NA,NA,NA, -2.25259E-02, -2.33131E-02, -2.41090E-02, -2.49101E-02, -2.57130E-02, -2.65132E-02, -2.73061E-02, -2.80864E-02, -2.88485E-02, -2.95862E-02, -3.02930E-02, -3.09623E-02, -3.15872E-02, -3.21609E-02, -3.26767E-02, -3.31282E-02, -3.35097E-02, -3.38161E-02, -3.40431E-02, -3.41877E-02, -3.42476E-02, -3.42221E-02, -3.41114E-02, -3.39173E-02, -3.36425E-02, -3.32907E-02, -3.28668E-02, -3.23763E-02, -3.18253E-02, -3.12204E-02, -3.05684E-02, -2.98761E-02, -2.91504E-02, -2.83977E-02, -2.76244E-02, -2.68363E-02, -2.60390E-02, -2.52372E-02, -2.44354E-02, -2.36376E-02, -2.28472E-02,NA,NA,NA,NA,NA,NA,NA,NA,NA,NA,NA,NA,NA,NA,NA,NA,
NA,NA,NA,NA,NA,NA,NA,NA,NA,NA,NA,NA,NA,NA,NA,NA,NA,NA, -2.32386E-02, -2.39759E-02, -2.47126E-02, -2.54447E-02, -2.61681E-02, -2.68779E-02, -2.75692E-02, -2.82365E-02, -2.88743E-02, -2.94766E-02, -3.00376E-02, -3.05515E-02, -3.10126E-02, -3.14155E-02, -3.17554E-02, -3.20281E-02, -3.22299E-02, -3.23583E-02, -3.24115E-02, -3.23889E-02, -3.22906E-02, -3.21181E-02, -3.18736E-02, -3.15604E-02, -3.11823E-02, -3.07442E-02, -3.02510E-02, -2.97084E-02, -2.91222E-02, -2.84983E-02, -2.78425E-02, -2.71605E-02, -2.64578E-02, -2.57397E-02, -2.50110E-02, -2.42762E-02, -2.35392E-02, -2.28038E-02,NA,NA,NA,NA,NA,NA,NA,NA,NA,NA,NA,NA,NA,NA,NA,NA,NA,
