NA,NA,NA,NA,NA,NA,NA,NA,NA,NA,NA,NA,NA,NA,NA,NA,NA,NA,NA,NA,NA,NA,  4.13788E-03,  4.28385E-03,  4.43104E-03,  4.57859E-03,  4.72550E-03,  4.87062E-03,  5.01271E-03,  5.15043E-03,  5.28233E-03,  5.40691E-03,  5.52264E-03,  5.62801E-03,  5.72154E-03,  5.80186E-03,  5.86771E-03,  5.91803E-03,  5.95196E-03,  5.96890E-03,  5.96850E-03,  5.95071E-03,  5.91576E-03,  5.86413E-03,  5.79657E-03,  5.71407E-03,  5.61779E-03,  5.50904E-03,  5.38925E-03,  5.25991E-03,  5.12253E-03,NA,NA,NA,NA,NA,NA,NA,NA,NA,NA,NA,NA,NA,NA,NA,NA,NA,NA,NA,NA,NA,NA,
NA,NA,NA,NA,NA,NA,NA,NA,NA,NA,NA,NA,NA,NA,NA,NA,NA,NA,NA,NA,  4.06055E-03,  4.21465E-03,  4.37197E-03,  4.53186E-03,  4.69351E-03,  4.85595E-03,  5.01807E-03,  5.17862E-03,  5.33618E-03,  5.48922E-03,  5.63609E-03,  5.77506E-03,  5.90436E-03,  6.02221E-03,  6.12691E-03,  6.21682E-03,  6.29047E-03,  6.34662E-03,  6.38425E-03,  6.40265E-03,  6.40143E-03,  6.38053E-03,  6.34024E-03,  6.28116E-03,  6.20420E-03,  6.11053E-03,  6.00153E-03,  5.87878E-03,  5.74394E-03,  5.59877E-03,  5.44502E-03,  5.28444E-03,  5.11870E-03,NA,NA,NA,NA,NA,NA,NA,NA,NA,NA,NA,NA,NA,NA,NA,NA,NA,NA,NA,NA,
NA,NA,NA,NA,NA,NA,NA,NA,NA,NA,NA,NA,NA,NA,NA,NA,NA,NA,  3.95972E-03,  4.11829E-03,  4.28180E-03,  4.44982E-03,  4.62180E-03,  4.79705E-03,  4.97468E-03,  5.15365E-03,  5.33273E-03,  5.51052E-03,  5.68542E-03,  5.85569E-03,  6.01944E-03,  6.17467E-03,  6.31934E-03,  6.45136E-03,  6.56873E-03,  6.66954E-03,  6.75204E-03,  6.81476E-03,  6.85651E-03,  6.87645E-03,  6.87413E-03,  6.84951E-03,  6.80292E-03,  6.73513E-03,  6.64723E-03,  6.54063E-03,  6.41699E-03,  6.27817E-03,  6.12615E-03,  5.96298E-03,  5.79071E-03,  5.61135E-03,  5.42681E-03,  5.23889E-03,  5.04924E-03,NA,NA,NA,NA,NA,NA,NA,NA,NA,NA,NA,NA,NA,NA,NA,NA,NA,NA,
NA,NA,NA,NA,NA,NA,NA,NA,NA,NA,NA,NA,NA,NA,NA,NA,  3.84150E-03,  4.00127E-03,  4.16728E-03,  4.33937E-03,  4.51726E-03,  4.70055E-03,  4.88865E-03,  5.08084E-03,  5.27617E-03,  5.47351E-03,  5.67150E-03,  5.86857E-03,  6.06294E-03,  6.25261E-03,  6.43542E-03,  6.60907E-03,  6.77117E-03,  6.91929E-03,  7.05108E-03,  7.16426E-03,  7.25680E-03,  7.32694E-03,  7.37327E-03,  7.39480E-03,  7.39102E-03,  7.36188E-03,  7.30785E-03,  7.22984E-03,  7.12918E-03,  7.00758E-03,  6.86703E-03,  6.70975E-03,  6.53808E-03,  6.35442E-03,  6.16116E-03,  5.96062E-03,  5.75500E-03,  5.54632E-03,  5.33643E-03,  5.12697E-03,  4.91938E-03,NA,NA,NA,NA,NA,NA,NA,NA,NA,NA,NA,NA,NA,NA,NA,NA,
NA,NA,NA,NA,NA,NA,NA,NA,NA,NA,NA,NA,NA,NA,NA,  3.86983E-03,  4.03525E-03,  4.20786E-03,  4.38764E-03,  4.57447E-03,  4.76809E-03,  4.96812E-03,  5.17397E-03,  5.38487E-03,  5.59983E-03,  5.81760E-03,  6.03671E-03,  6.25539E-03,  6.47164E-03,  6.68319E-03,  6.88756E-03,  7.08209E-03,  7.26400E-03,  7.43044E-03,  7.57864E-03,  7.70591E-03,  7.80985E-03,  7.88834E-03,  7.93973E-03,  7.96286E-03,  7.95713E-03,  7.92253E-03,  7.85962E-03,  7.76956E-03,  7.65397E-03,  7.51491E-03,  7.35479E-03,  7.17625E-03,  6.98206E-03,  6.77505E-03,  6.55800E-03,  6.33359E-03,  6.10431E-03,  5.87247E-03,  5.64012E-03,  5.40907E-03,  5.18089E-03,  4.95688E-03,  4.73813E-03,NA,NA,NA,NA,NA,NA,NA,NA,NA,NA,NA,NA,NA,NA,
NA,NA,NA,NA,NA,NA,NA,NA,NA,NA,NA,NA,NA,  3.72942E-03,  3.89188E-03,  4.06218E-03,  4.24053E-03,  4.42706E-03,  4.62182E-03,  4.82473E-03,  5.03559E-03,  5.25401E-03,  5.47943E-03,  5.71105E-03,  5.94780E-03,  6.18835E-03,  6.43108E-03,  6.67402E-03,  6.91492E-03,  7.15119E-03,  7.38000E-03,  7.59826E-03,  7.80271E-03,  7.99005E-03,  8.15696E-03,  8.30028E-03,  8.41714E-03,  8.50503E-03,  8.56200E-03,  8.58665E-03,  8.57832E-03,  8.53703E-03,  8.46351E-03,  8.35917E-03,  8.22602E-03,  8.06658E-03,  7.88374E-03,  7.68066E-03,  7.46063E-03,  7.22697E-03,  6.98293E-03,  6.73157E-03,  6.47577E-03,  6.21809E-03,  5.96083E-03,  5.70598E-03,  5.45522E-03,  5.20993E-03,  4.97123E-03,  4.74000E-03,NA,NA,NA,NA,NA,NA,NA,NA,NA,NA,NA,NA,NA,
NA,NA,NA,NA,NA,NA,NA,NA,NA,NA,NA,NA,  3.74217E-03,  3.90815E-03,  4.08262E-03,  4.26589E-03,  4.45825E-03,  4.65991E-03,  4.87100E-03,  5.09150E-03,  5.32126E-03,  5.55995E-03,  5.80699E-03,  6.06158E-03,  6.32261E-03,  6.58862E-03,  6.85784E-03,  7.12810E-03,  7.39684E-03,  7.66113E-03,  7.91770E-03,  8.16298E-03,  8.39318E-03,  8.60437E-03,  8.79265E-03,  8.95428E-03,  9.08580E-03,  9.18426E-03,  9.24729E-03,  9.27329E-03,  9.26147E-03,  9.21193E-03,  9.12560E-03,  9.00427E-03,  8.85039E-03,  8.66705E-03,  8.45774E-03,  8.22626E-03,  7.97651E-03,  7.71240E-03,  7.43770E-03,  7.15594E-03,  6.87038E-03,  6.58391E-03,  6.29906E-03,  6.01799E-03,  5.74250E-03,  5.47404E-03,  5.21375E-03,  4.96248E-03,  4.72085E-03,NA,NA,NA,NA,NA,NA,NA,NA,NA,NA,NA,NA,
NA,NA,NA,NA,NA,NA,NA,NA,NA,NA,NA,  3.75020E-03,  3.91916E-03,  4.09713E-03,  4.28456E-03,  4.48188E-03,  4.68945E-03,  4.90760E-03,  5.13653E-03,  5.37632E-03,  5.62689E-03,  5.88795E-03,  6.15898E-03,  6.43915E-03,  6.72730E-03,  7.02188E-03,  7.32093E-03,  7.62205E-03,  7.92235E-03,  8.21851E-03,  8.50675E-03,  8.78291E-03,  9.04256E-03,  9.28108E-03,  9.49383E-03,  9.67634E-03,  9.82450E-03,  9.93477E-03,  1.00043E-02,  1.00313E-02,  1.00148E-02,  9.95498E-03,  9.85311E-03,  9.71139E-03,  9.53291E-03,  9.32141E-03,  9.08116E-03,  8.81671E-03,  8.53270E-03,  8.23372E-03,  7.92417E-03,  7.60808E-03,  7.28915E-03,  6.97060E-03,  6.65521E-03,  6.34530E-03,  6.04278E-03,  5.74914E-03,  5.46552E-03,  5.19274E-03,  4.93133E-03,  4.68161E-03,NA,NA,NA,NA,NA,NA,NA,NA,NA,NA,NA,
NA,NA,NA,NA,NA,NA,NA,NA,NA,NA,  3.75387E-03,  3.92533E-03,  4.10624E-03,  4.29715E-03,  4.49862E-03,  4.71119E-03,  4.93534E-03,  5.17149E-03,  5.41998E-03,  5.68100E-03,  5.95457E-03,  6.24047E-03,  6.53822E-03,  6.84700E-03,  7.16561E-03,  7.49240E-03,  7.82522E-03,  8.16139E-03,  8.49766E-03,  8.83023E-03,  9.15474E-03,  9.46635E-03,  9.75984E-03,  1.00298E-02,  1.02706E-02,  1.04770E-02,  1.06440E-02,  1.07674E-02,  1.08439E-02,  1.08712E-02,  1.08483E-02,  1.07756E-02,  1.06546E-02,  1.04883E-02,  1.02804E-02,  1.00356E-02,  9.75901E-03,  9.45614E-03,  9.13253E-03,  8.79356E-03,  8.44431E-03,  8.08944E-03,  7.73307E-03,  7.37880E-03,  7.02963E-03,  6.68805E-03,  6.35604E-03,  6.03510E-03,  5.72633E-03,  5.43048E-03,  5.14800E-03,  4.87907E-03,  4.62370E-03,NA,NA,NA,NA,NA,NA,NA,NA,NA,NA,
NA,NA,NA,NA,NA,NA,NA,NA,NA,  3.75342E-03,  3.92701E-03,  4.11038E-03,  4.30419E-03,  4.50912E-03,  4.72584E-03,  4.95501E-03,  5.19727E-03,  5.45318E-03,  5.72322E-03,  6.00773E-03,  6.30684E-03,  6.62045E-03,  6.94815E-03,  7.28914E-03,  7.64220E-03,  8.00555E-03,  8.37685E-03,  8.75311E-03,  9.13065E-03,  9.50510E-03,  9.87141E-03,  1.02239E-02,  1.05565E-02,  1.08626E-02,  1.11358E-02,  1.13695E-02,  1.15579E-02,  1.16958E-02,  1.17794E-02,  1.18059E-02,  1.17743E-02,  1.16852E-02,  1.15408E-02,  1.13445E-02,  1.11012E-02,  1.08167E-02,  1.04972E-02,  1.01494E-02,  9.77979E-03,  9.39482E-03,  9.00031E-03,  8.60156E-03,  8.20318E-03,  7.80913E-03,  7.42264E-03,  7.04632E-03,  6.68218E-03,  6.33169E-03,  5.99589E-03,  5.67539E-03,  5.37051E-03,  5.08128E-03,  4.80753E-03,  4.54894E-03,NA,NA,NA,NA,NA,NA,NA,NA,NA,
NA,NA,NA,NA,NA,NA,NA,NA,  3.74898E-03,  3.92438E-03,  4.10984E-03,  4.30609E-03,  4.51389E-03,  4.73404E-03,  4.96737E-03,  5.21470E-03,  5.47684E-03,  5.75454E-03,  6.04845E-03,  6.35908E-03,  6.68676E-03,  7.03152E-03,  7.39306E-03,  7.77063E-03,  8.16297E-03,  8.56820E-03,  8.98375E-03,  9.40625E-03,  9.83153E-03,  1.02546E-02,  1.06694E-02,  1.10695E-02,  1.14475E-02,  1.17957E-02,  1.21062E-02,  1.23712E-02,  1.25838E-02,  1.27377E-02,  1.28281E-02,  1.28522E-02,  1.28087E-02,  1.26985E-02,  1.25246E-02,  1.22915E-02,  1.20053E-02,  1.16731E-02,  1.13027E-02,  1.09020E-02,  1.04789E-02,  1.00409E-02,  9.59463E-03,  9.14615E-03,  8.70060E-03,  8.26225E-03,  7.83453E-03,  7.42014E-03,  7.02105E-03,  6.63866E-03,  6.27385E-03,  5.92708E-03,  5.59846E-03,  5.28783E-03,  4.99483E-03,  4.71893E-03,  4.45949E-03,NA,NA,NA,NA,NA,NA,NA,NA,
NA,NA,NA,NA,NA,NA,NA,  3.74052E-03,  3.91751E-03,  4.10476E-03,  4.30307E-03,  4.51327E-03,  4.73626E-03,  4.97301E-03,  5.22452E-03,  5.49180E-03,  5.77588E-03,  6.07773E-03,  6.39825E-03,  6.73819E-03,  7.09809E-03,  7.47819E-03,  7.87832E-03,  8.29783E-03,  8.73545E-03,  9.18918E-03,  9.65616E-03,  1.01326E-02,  1.06138E-02,  1.10937E-02,  1.15655E-02,  1.20214E-02,  1.24526E-02,  1.28499E-02,  1.32038E-02,  1.35049E-02,  1.37447E-02,  1.39158E-02,  1.40126E-02,  1.40315E-02,  1.39715E-02,  1.38340E-02,  1.36228E-02,  1.33441E-02,  1.30053E-02,  1.26155E-02,  1.21842E-02,  1.17211E-02,  1.12353E-02,  1.07358E-02,  1.02302E-02,  9.72525E-03,  9.22663E-03,  8.73890E-03,  8.26566E-03,  7.80956E-03,  7.37251E-03,  6.95571E-03,  6.55985E-03,  6.18514E-03,  5.83143E-03,  5.49832E-03,  5.18520E-03,  4.89129E-03,  4.61575E-03,  4.35766E-03,NA,NA,NA,NA,NA,NA,NA,
NA,NA,NA,NA,NA,NA,  3.72790E-03,  3.90631E-03,  4.09514E-03,  4.29522E-03,  4.50744E-03,  4.73280E-03,  4.97236E-03,  5.22727E-03,  5.49875E-03,  5.78805E-03,  6.09649E-03,  6.42531E-03,  6.77574E-03,  7.14882E-03,  7.54541E-03,  7.96600E-03,  8.41067E-03,  8.87887E-03,  9.36934E-03,  9.87996E-03,  1.04075E-02,  1.09478E-02,  1.14951E-02,  1.20426E-02,  1.25821E-02,  1.31041E-02,  1.35983E-02,  1.40534E-02,  1.44580E-02,  1.48007E-02,  1.50712E-02,  1.52606E-02,  1.53621E-02,  1.53719E-02,  1.52890E-02,  1.51156E-02,  1.48570E-02,  1.45210E-02,  1.41174E-02,  1.36574E-02,  1.31527E-02,  1.26151E-02,  1.20557E-02,  1.14845E-02,  1.09106E-02,  1.03413E-02,  9.78289E-03,  9.24006E-03,  8.71648E-03,  8.21470E-03,  7.73642E-03,  7.28258E-03,  6.85353E-03,  6.44916E-03,  6.06900E-03,  5.71233E-03,  5.37823E-03,  5.06567E-03,  4.77351E-03,  4.50062E-03,  4.24583E-03,NA,NA,NA,NA,NA,NA,
NA,NA,NA,NA,NA,  3.71087E-03,  3.89055E-03,  4.08078E-03,  4.28241E-03,  4.49638E-03,  4.72373E-03,  4.96561E-03,  5.22329E-03,  5.49815E-03,  5.79167E-03,  6.10544E-03,  6.44108E-03,  6.80025E-03,  7.18456E-03,  7.59549E-03,  8.03430E-03,  8.50187E-03,  8.99856E-03,  9.52404E-03,  1.00771E-02,  1.06554E-02,  1.12555E-02,  1.18722E-02,  1.24991E-02,  1.31280E-02,  1.37489E-02,  1.43505E-02,  1.49200E-02,  1.54440E-02,  1.59083E-02,  1.62993E-02,  1.66042E-02,  1.68124E-02,  1.69161E-02,  1.69108E-02,  1.67959E-02,  1.65750E-02,  1.62551E-02,  1.58466E-02,  1.53621E-02,  1.48157E-02,  1.42220E-02,  1.35952E-02,  1.29484E-02,  1.22935E-02,  1.16405E-02,  1.09976E-02,  1.03715E-02,  9.76702E-03,  9.18770E-03,  8.63584E-03,  8.11278E-03,  7.61905E-03,  7.15456E-03,  6.71876E-03,  6.31077E-03,  5.92947E-03,  5.57357E-03,  5.24170E-03,  4.93246E-03,  4.64441E-03,  4.37616E-03,  4.12636E-03,NA,NA,NA,NA,NA,
NA,NA,NA,NA,NA,  3.86990E-03,  4.06139E-03,  4.26439E-03,  4.47988E-03,  4.70893E-03,  4.95274E-03,  5.21267E-03,  5.49024E-03,  5.78710E-03,  6.10508E-03,  6.44615E-03,  6.81239E-03,  7.20596E-03,  7.62902E-03,  8.08361E-03,  8.57156E-03,  9.09428E-03,  9.65256E-03,  1.02464E-02,  1.08746E-02,  1.15348E-02,  1.22229E-02,  1.29330E-02,  1.36572E-02,  1.43855E-02,  1.51060E-02,  1.58046E-02,  1.64657E-02,  1.70726E-02,  1.76080E-02,  1.80551E-02,  1.83985E-02,  1.86255E-02,  1.87267E-02,  1.86974E-02,  1.85379E-02,  1.82534E-02,  1.78537E-02,  1.73526E-02,  1.67664E-02,  1.61128E-02,  1.54101E-02,  1.46754E-02,  1.39245E-02,  1.31708E-02,  1.24258E-02,  1.16984E-02,  1.09954E-02,  1.03216E-02,  9.68041E-03,  9.07353E-03,  8.50176E-03,  7.96505E-03,  7.46272E-03,  6.99364E-03,  6.55640E-03,  6.14939E-03,  5.77087E-03,  5.41909E-03,  5.09230E-03,  4.78876E-03,  4.50681E-03,  4.24487E-03,  4.00144E-03,NA,NA,NA,NA,
NA,NA,NA,NA,  3.84395E-03,  4.03653E-03,  4.24074E-03,  4.45756E-03,  4.68806E-03,  4.93350E-03,  5.19528E-03,  5.47500E-03,  5.77445E-03,  6.09567E-03,  6.44091E-03,  6.81263E-03,  7.21352E-03,  7.64639E-03,  8.11413E-03,  8.61959E-03,  9.16536E-03,  9.75361E-03,  1.03858E-02,  1.10623E-02,  1.17823E-02,  1.25430E-02,  1.33398E-02,  1.41655E-02,  1.50106E-02,  1.58628E-02,  1.67070E-02,  1.75258E-02,  1.82997E-02,  1.90079E-02,  1.96288E-02,  2.01419E-02,  2.05282E-02,  2.07724E-02,  2.08639E-02,  2.07979E-02,  2.05758E-02,  2.02057E-02,  1.97012E-02,  1.90806E-02,  1.83653E-02,  1.75777E-02,  1.67404E-02,  1.58744E-02,  1.49981E-02,  1.41273E-02,  1.32745E-02,  1.24492E-02,  1.16584E-02,  1.09065E-02,  1.01963E-02,  9.52871E-03,  8.90383E-03,  8.32074E-03,  7.77795E-03,  7.27362E-03,  6.80564E-03,  6.37180E-03,  5.96985E-03,  5.59757E-03,  5.25280E-03,  4.93346E-03,  4.63760E-03,  4.36337E-03,  4.10907E-03,NA,NA,NA,NA,
NA,NA,NA,  3.81223E-03,  4.00572E-03,  4.21096E-03,  4.42890E-03,  4.66065E-03,  4.90746E-03,  5.17074E-03,  5.45215E-03,  5.75359E-03,  6.07720E-03,  6.42548E-03,  6.80120E-03,  7.20751E-03,  7.64786E-03,  8.12594E-03,  8.64564E-03,  9.21088E-03,  9.82537E-03,  1.04923E-02,  1.12142E-02,  1.19921E-02,  1.28254E-02,  1.37113E-02,  1.46442E-02,  1.56157E-02,  1.66136E-02,  1.76224E-02,  1.86230E-02,  1.95934E-02,NA,NA,NA,NA,NA,NA,NA,NA,NA,  2.25045E-02,  2.18613E-02,  2.10855E-02,  2.02048E-02,  1.92482E-02,  1.82435E-02,  1.72161E-02,  1.61881E-02,  1.51771E-02,  1.41970E-02,  1.32578E-02,  1.23659E-02,  1.15253E-02,  1.07377E-02,  1.00029E-02,  9.31986E-03,  8.68654E-03,  8.10041E-03,  7.55866E-03,  7.05836E-03,  6.59654E-03,  6.17033E-03,  5.77694E-03,  5.41377E-03,  5.07835E-03,  4.76838E-03,  4.48174E-03,  4.21648E-03,  3.97080E-03,NA,NA,NA,
NA,NA,NA,  3.96846E-03,  4.17449E-03,  4.39334E-03,  4.62610E-03,  4.87400E-03,  5.13849E-03,  5.42122E-03,  5.72411E-03,  6.04941E-03,  6.39975E-03,  6.77815E-03,  7.18811E-03,  7.63361E-03,  8.11910E-03,  8.64948E-03,  9.22999E-03,  9.86603E-03,  1.05628E-02,  1.13252E-02,  1.21570E-02,  1.30603E-02,  1.40353E-02,  1.50790E-02,  1.61849E-02,  1.73423E-02,  1.85362E-02,NA,NA,NA,NA,NA,NA,NA,NA,NA,NA,NA,NA,NA,NA,NA,  2.23452E-02,  2.11735E-02,  1.99588E-02,  1.87319E-02,  1.75185E-02,  1.63386E-02,  1.52071E-02,  1.41340E-02,  1.31251E-02,  1.21830E-02,  1.13080E-02,  1.04983E-02,  9.75122E-03,  9.06326E-03,  8.43052E-03,  7.84895E-03,  7.31458E-03,  6.82354E-03,  6.37218E-03,  5.95709E-03,  5.57510E-03,  5.22331E-03,  4.89905E-03,  4.59988E-03,  4.32360E-03,  4.06818E-03,  3.83181E-03,NA,NA,
NA,NA,  3.92429E-03,  4.13079E-03,  4.35025E-03,  4.58373E-03,  4.83246E-03,  5.09783E-03,  5.38151E-03,  5.68541E-03,  6.01181E-03,  6.36338E-03,  6.74330E-03,  7.15531E-03,  7.60378E-03,  8.09379E-03,  8.63111E-03,  9.22225E-03,  9.87424E-03,  1.05945E-02,  1.13906E-02,  1.22693E-02,  1.32367E-02,  1.42966E-02,  1.54501E-02,  1.66945E-02,  1.80222E-02,NA,NA,NA,NA,NA,NA,NA,NA,NA,NA,NA,NA,NA,NA,NA,NA,NA,NA,NA,NA,  2.04621E-02,  1.90204E-02,  1.76353E-02,  1.63223E-02,  1.50908E-02,  1.39451E-02,  1.28861E-02,  1.19116E-02,  1.10179E-02,  1.01999E-02,  9.45213E-03,  8.76901E-03,  8.14491E-03,  7.57452E-03,  7.05289E-03,  6.57543E-03,  6.13798E-03,  5.73674E-03,  5.36829E-03,  5.02956E-03,  4.71776E-03,  4.43039E-03,  4.16521E-03,  3.92020E-03,NA,NA,
NA,NA,  4.07941E-03,  4.29909E-03,  4.53292E-03,  4.78210E-03,  5.04801E-03,  5.33226E-03,  5.63673E-03,  5.96368E-03,  6.31579E-03,  6.69625E-03,  7.10893E-03,  7.55844E-03,  8.05027E-03,  8.59089E-03,  9.18782E-03,  9.84963E-03,  1.05858E-02,  1.14066E-02,  1.23225E-02,  1.33436E-02,  1.44789E-02,  1.57349E-02,  1.71146E-02,NA,NA,NA,NA,NA,NA,NA,NA,NA,NA,NA,NA,NA,NA,NA,NA,NA,NA,NA,NA,NA,NA,NA,  2.07335E-02,  1.90972E-02,  1.75648E-02,  1.61443E-02,  1.48377E-02,  1.36427E-02,  1.25543E-02,  1.15655E-02,  1.06683E-02,  9.85480E-03,  9.11692E-03,  8.44715E-03,  7.83855E-03,  7.28478E-03,  6.78018E-03,  6.31965E-03,  5.89870E-03,  5.51330E-03,  5.15991E-03,  4.83537E-03,  4.53686E-03,  4.26189E-03,  4.00823E-03,  3.77390E-03,NA,
NA,  4.02000E-03,  4.23942E-03,  4.47312E-03,  4.72229E-03,  4.98827E-03,  5.27264E-03,  5.57722E-03,  5.90421E-03,  6.25621E-03,  6.63639E-03,  7.04859E-03,  7.49750E-03,  7.98881E-03,  8.52941E-03,  9.12754E-03,  9.79296E-03,  1.05369E-02,  1.13723E-02,  1.23129E-02,  1.33735E-02,  1.45687E-02,  1.59118E-02,  1.74137E-02,NA,NA,NA,NA,NA,NA,NA,NA,NA,NA,NA,NA,NA,NA,NA,NA,NA,NA,NA,NA,NA,NA,NA,NA,NA,NA,  1.89615E-02,  1.73140E-02,  1.58166E-02,  1.44628E-02,  1.32428E-02,  1.21457E-02,  1.11597E-02,  1.02733E-02,  9.47557E-03,  8.75652E-03,  8.10718E-03,  7.51955E-03,  6.98662E-03,  6.50225E-03,  6.06107E-03,  5.65840E-03,  5.29015E-03,  4.95273E-03,  4.64301E-03,  4.35822E-03,  4.09591E-03,  3.85391E-03,NA,
NA,  4.17095E-03,  4.40394E-03,  4.65251E-03,  4.91800E-03,  5.20192E-03,  5.50605E-03,  5.83250E-03,  6.18378E-03,  6.56294E-03,  6.97371E-03,  7.42069E-03,  7.90956E-03,  8.44735E-03,  9.04265E-03,  9.70595E-03,  1.04498E-02,  1.12890E-02,  1.22406E-02,  1.33235E-02,  1.45582E-02,  1.59655E-02,  1.75654E-02,NA,NA,NA,NA,NA,NA,NA,NA,NA,NA,NA,NA,NA,NA,NA,NA,NA,NA,NA,NA,NA,NA,NA,NA,NA,NA,NA,NA,  1.86228E-02,  1.68981E-02,  1.53574E-02,  1.39849E-02,  1.27639E-02,  1.16775E-02,  1.07099E-02,  9.84645E-03,  9.07399E-03,  8.38104E-03,  7.75760E-03,  7.19503E-03,  6.68594E-03,  6.22397E-03,  5.80366E-03,  5.42033E-03,  5.06992E-03,  4.74892E-03,  4.45426E-03,  4.18327E-03,  3.93360E-03,NA,
  4.09361E-03,  4.32518E-03,  4.57245E-03,  4.83674E-03,  5.11952E-03,  5.42252E-03,  5.74775E-03,  6.09762E-03,  6.47502E-03,  6.88351E-03,  7.32749E-03,  7.81244E-03,  8.34523E-03,  8.93447E-03,  9.59086E-03,  1.03276E-02,  1.11608E-02,  1.21097E-02,  1.31967E-02,  1.44476E-02,  1.58902E-02,  1.75543E-02,NA,NA,NA,NA,NA,NA,NA,NA,NA,NA,NA,NA,NA,NA,NA,NA,NA,NA,NA,NA,NA,NA,NA,NA,NA,NA,NA,NA,NA,NA,  1.80995E-02,  1.63384E-02,  1.47885E-02,  1.34252E-02,  1.22253E-02,  1.11670E-02,  1.02310E-02,  9.40051E-03,  8.66075E-03,  7.99933E-03,  7.40569E-03,  6.87093E-03,  6.38755E-03,  5.94922E-03,  5.55056E-03,  5.18700E-03,  4.85463E-03,  4.55005E-03,  4.27036E-03,  4.01300E-03,  3.77575E-03,
  4.23692E-03,  4.48208E-03,  4.74432E-03,  5.02511E-03,  5.32614E-03,  5.64933E-03,  5.99698E-03,  6.37183E-03,  6.77720E-03,  7.21723E-03,  7.69708E-03,  8.22328E-03,  8.80407E-03,  9.44993E-03,  1.01741E-02,  1.09930E-02,  1.19272E-02,  1.30013E-02,  1.42448E-02,  1.56918E-02,  1.73805E-02,NA,NA,NA,NA,NA,NA,NA,NA,NA,NA,NA,NA,NA,NA,NA,NA,NA,NA,NA,NA,NA,NA,NA,NA,NA,NA,NA,NA,NA,NA,NA,NA,  1.74175E-02,  1.56612E-02,  1.41347E-02,  1.28061E-02,  1.16465E-02,  1.06306E-02,  9.73688E-03,  8.94684E-03,  8.24509E-03,  7.61882E-03,  7.05738E-03,  6.55195E-03,  6.09517E-03,  5.68093E-03,  5.30406E-03,  4.96020E-03,  4.64565E-03,  4.35721E-03,  4.09214E-03,  3.84805E-03,
  4.38162E-03,  4.64087E-03,  4.91871E-03,  5.21678E-03,  5.53694E-03,  5.88140E-03,  6.25273E-03,  6.65405E-03,  7.08921E-03,  7.56295E-03,  8.08133E-03,  8.65203E-03,  9.28490E-03,  9.99260E-03,  1.07913E-02,  1.17013E-02,  1.27484E-02,  1.39639E-02,  1.53859E-02,  1.70593E-02,NA,NA,NA,NA,NA,NA,NA,NA,NA,NA,NA,NA,NA,NA,NA,NA,NA,NA,NA,NA,NA,NA,NA,NA,NA,NA,NA,NA,NA,NA,NA,NA,NA,  1.86039E-02,  1.66088E-02,  1.48958E-02,  1.34221E-02,  1.21496E-02,  1.10459E-02,  1.00835E-02,  9.23955E-03,  8.49505E-03,  7.83455E-03,  7.24540E-03,  6.71723E-03,  6.24159E-03,  5.81149E-03,  5.42113E-03,  5.06569E-03,  4.74109E-03,  4.44386E-03,  4.17104E-03,  3.92008E-03,
  4.52686E-03,  4.80067E-03,  5.09465E-03,  5.41065E-03,  5.75077E-03,  6.11746E-03,  6.51364E-03,  6.94287E-03,  7.40951E-03,  7.91904E-03,  8.47848E-03,  9.09683E-03,  9.78575E-03,  1.05603E-02,  1.14401E-02,  1.24501E-02,  1.36218E-02,  1.49948E-02,  1.66176E-02,NA,NA,NA,NA,NA,NA,NA,NA,NA,NA,NA,NA,NA,NA,NA,NA,NA,NA,NA,NA,NA,NA,NA,NA,NA,NA,NA,NA,NA,NA,NA,NA,NA,NA,NA,  1.76340E-02,  1.57098E-02,  1.40737E-02,  1.26765E-02,  1.14768E-02,  1.04403E-02,  9.53875E-03,  8.74910E-03,  8.05282E-03,  7.43494E-03,  6.88341E-03,  6.38849E-03,  5.94226E-03,  5.53825E-03,  5.17111E-03,  4.83638E-03,  4.53030E-03,  4.24970E-03,  3.99184E-03,
  4.67171E-03,  4.96041E-03,  5.27098E-03,  5.60546E-03,  5.96621E-03,  6.35598E-03,  6.77805E-03,  7.23643E-03,  7.73609E-03,  8.28330E-03,  8.88612E-03,  9.55500E-03,  1.03036E-02,  1.11497E-02,  1.21167E-02,  1.32346E-02,  1.45420E-02,  1.60876E-02,  1.79322E-02,NA,NA,NA,NA,NA,NA,NA,NA,NA,NA,NA,NA,NA,NA,NA,NA,NA,NA,NA,NA,NA,NA,NA,NA,NA,NA,NA,NA,NA,NA,NA,NA,NA,NA,NA,NA,  1.65744E-02,  1.47588E-02,  1.32253E-02,  1.19220E-02,  1.08062E-02,  9.84371E-03,  9.00674E-03,  8.27327E-03,  7.62578E-03,  7.05032E-03,  6.53576E-03,  6.07319E-03,  5.65537E-03,  5.27643E-03,  4.93149E-03,  4.61652E-03,  4.32808E-03,  4.06329E-03,
  4.81507E-03,  5.11890E-03,  5.44636E-03,  5.79972E-03,  6.18161E-03,  6.59511E-03,  7.04390E-03,  7.53247E-03,  8.06643E-03,  8.65290E-03,  9.30108E-03,  1.00230E-02,  1.08343E-02,  1.17560E-02,  1.28154E-02,  1.40481E-02,  1.55005E-02,  1.72319E-02,NA,NA,NA,NA,NA,NA,NA,NA,NA,NA,NA,NA,NA,NA,NA,NA,NA,NA,NA,NA,NA,NA,NA,NA,NA,NA,NA,NA,NA,NA,NA,NA,NA,NA,NA,NA,NA,  1.74828E-02,  1.54723E-02,  1.37923E-02,  1.23785E-02,  1.11793E-02,  1.01530E-02,  9.26700E-03,  8.49526E-03,  7.81748E-03,  7.21766E-03,  6.68321E-03,  6.20411E-03,  5.77238E-03,  5.38155E-03,  5.02635E-03,  4.70242E-03,  4.40612E-03,  4.13436E-03,
  4.95576E-03,  5.27479E-03,  5.61927E-03,  5.99172E-03,  6.39507E-03,  6.83272E-03,  7.30878E-03,  7.82826E-03,  8.39746E-03,  9.02437E-03,  9.71939E-03,  1.04961E-02,  1.13727E-02,  1.23729E-02,  1.35285E-02,  1.48813E-02,  1.64857E-02,  1.84125E-02,NA,NA,NA,NA,NA,NA,NA,NA,NA,NA,NA,NA,NA,NA,NA,NA,NA,NA,NA,NA,NA,NA,NA,NA,NA,NA,NA,NA,NA,NA,NA,NA,NA,NA,NA,NA,NA,NA,  1.62052E-02,  1.43710E-02,  1.28421E-02,  1.15563E-02,  1.04645E-02,  9.52837E-03,  8.71774E-03,  8.00931E-03,  7.38493E-03,  6.83045E-03,  6.33475E-03,  5.88905E-03,  5.48629E-03,  5.12080E-03,  4.78789E-03,  4.48368E-03,  4.20493E-03,
  5.09247E-03,  5.42659E-03,  5.78803E-03,  6.17956E-03,  6.60440E-03,  7.06633E-03,  7.56989E-03,  8.12064E-03,  8.72555E-03,  9.39356E-03,  1.01363E-02,  1.09690E-02,  1.19120E-02,  1.29925E-02,  1.42466E-02,  1.57221E-02,  1.74824E-02,NA,NA,NA,NA,NA,NA,NA,NA,NA,NA,NA,NA,NA,NA,NA,NA,NA,NA,NA,NA,NA,NA,NA,NA,NA,NA,NA,NA,NA,NA,NA,NA,NA,NA,NA,NA,NA,NA,NA,  1.69451E-02,  1.49526E-02,  1.33064E-02,  1.19330E-02,  1.07753E-02,  9.78882E-03,  8.93928E-03,  8.20026E-03,  7.55139E-03,  6.97695E-03,  6.46471E-03,  6.00506E-03,  5.59039E-03,  5.21460E-03,  4.87270E-03,  4.56059E-03,  4.27483E-03,
  5.22381E-03,  5.57271E-03,  5.95082E-03,  6.36115E-03,  6.80724E-03,  7.29323E-03,  7.82410E-03,  8.40598E-03,  9.04655E-03,  9.75565E-03,  1.05461E-02,  1.14349E-02,  1.24445E-02,  1.36054E-02,  1.49579E-02,  1.65561E-02,  1.84719E-02,NA,NA,NA,NA,NA,NA,NA,NA,NA,NA,NA,NA,NA,NA,NA,NA,NA,NA,NA,NA,NA,NA,NA,NA,NA,NA,NA,NA,NA,NA,NA,NA,NA,NA,NA,NA,NA,NA,NA,  1.76757E-02,  1.55260E-02,  1.37638E-02,  1.23041E-02,  1.10816E-02,  1.00458E-02,  9.15812E-03,  8.38907E-03,  7.71612E-03,  7.12202E-03,  6.59342E-03,  6.11996E-03,  5.69348E-03,  5.30744E-03,  4.95659E-03,  4.63659E-03,  4.34384E-03,
  5.34831E-03,  5.71149E-03,  6.10571E-03,  6.53427E-03,  7.00100E-03,  7.51042E-03,  8.06797E-03,  8.68031E-03,  9.35581E-03,  1.01052E-02,  1.09425E-02,  1.18863E-02,  1.29612E-02,  1.42005E-02,  1.56489E-02,  1.73663E-02,  1.94326E-02,NA,NA,NA,NA,NA,NA,NA,NA,NA,NA,NA,NA,NA,NA,NA,NA,NA,NA,NA,NA,NA,NA,NA,NA,NA,NA,NA,NA,NA,NA,NA,NA,NA,NA,NA,NA,NA,NA,NA,NA,  1.60784E-02,  1.42054E-02,  1.26636E-02,  1.13793E-02,  1.02964E-02,  9.37214E-03,  8.57420E-03,  7.87798E-03,  7.26475E-03,  6.72019E-03,  6.23319E-03,  5.79506E-03,  5.39891E-03,  5.03919E-03,  4.71136E-03,  4.41166E-03,
  5.46449E-03,  5.84118E-03,  6.25069E-03,  6.69658E-03,  7.18298E-03,  7.71478E-03,  8.29783E-03,  8.93932E-03,  9.64830E-03,  1.04363E-02,  1.13185E-02,  1.23148E-02,  1.34519E-02,  1.47658E-02,  1.63047E-02,  1.81339E-02,NA,NA,NA,NA,NA,NA,NA,NA,NA,NA,NA,NA,NA,NA,NA,NA,NA,NA,NA,NA,NA,NA,NA,NA,NA,NA,NA,NA,NA,NA,NA,NA,NA,NA,NA,NA,NA,NA,NA,NA,NA,  1.65958E-02,  1.46218E-02,  1.30049E-02,  1.16638E-02,  1.05373E-02,  9.57901E-03,  8.75392E-03,  8.03562E-03,  7.40412E-03,  6.84417E-03,  6.34402E-03,  5.89453E-03,  5.48847E-03,  5.12003E-03,  4.78449E-03,  4.47794E-03,
  5.57084E-03,  5.96004E-03,  6.38373E-03,  6.84571E-03,  7.35041E-03,  7.90304E-03,  8.50985E-03,  9.17854E-03,  9.91871E-03,  1.07427E-02,  1.16666E-02,  1.27115E-02,  1.39059E-02,  1.52880E-02,  1.69091E-02,  1.88386E-02,NA,NA,NA,NA,NA,NA,NA,NA,NA,NA,NA,NA,NA,NA,NA,NA,NA,NA,NA,NA,NA,NA,NA,NA,NA,NA,NA,NA,NA,NA,NA,NA,NA,NA,NA,NA,NA,NA,NA,NA,NA,  1.70646E-02,  1.50036E-02,  1.33214E-02,  1.19305E-02,  1.07652E-02,  9.77624E-03,  8.92633E-03,  8.18758E-03,  7.53893E-03,  6.96437E-03,  6.45164E-03,  5.99119E-03,  5.57551E-03,  5.19859E-03,  4.85551E-03,  4.54225E-03,
  5.66590E-03,  6.06636E-03,  6.50283E-03,  6.97932E-03,  7.50053E-03,  8.07195E-03,  8.70021E-03,  9.39340E-03,  1.01617E-02,  1.10179E-02,  1.19790E-02,  1.30672E-02,  1.43121E-02,  1.57535E-02,  1.74452E-02,  1.94598E-02,NA,NA,NA,NA,NA,NA,NA,NA,NA,NA,NA,NA,NA,NA,NA,NA,NA,NA,NA,NA,NA,NA,NA,NA,NA,NA,NA,NA,NA,NA,NA,NA,NA,NA,NA,NA,NA,NA,NA,NA,NA,  1.74724E-02,  1.53421E-02,  1.36069E-02,  1.21748E-02,  1.09769E-02,  9.96130E-03,  9.08943E-03,  8.33223E-03,  7.66783E-03,  7.07967E-03,  6.55508E-03,  6.08421E-03,  5.65931E-03,  5.27421E-03,  4.92386E-03,  4.60410E-03,
  5.74828E-03,  6.15852E-03,  6.60608E-03,  7.09517E-03,  7.63068E-03,  8.21839E-03,  8.86518E-03,  9.57950E-03,  1.03719E-02,  1.12557E-02,  1.22483E-02,  1.33727E-02,  1.46593E-02,  1.61490E-02,  1.78969E-02,  1.99772E-02,NA,NA,NA,NA,NA,NA,NA,NA,NA,NA,NA,NA,NA,NA,NA,NA,NA,NA,NA,NA,NA,NA,NA,NA,NA,NA,NA,NA,NA,NA,NA,NA,NA,NA,NA,NA,NA,NA,NA,NA,NA,  1.78089E-02,  1.56300E-02,  1.38562E-02,  1.23928E-02,  1.11690E-02,  1.01316E-02,  9.24118E-03,  8.46787E-03,  7.78939E-03,  7.18883E-03,  6.65326E-03,  6.17264E-03,  5.73906E-03,  5.34619E-03,  4.98890E-03,  4.66294E-03,
  5.81673E-03,  6.23504E-03,  6.69173E-03,  7.19118E-03,  7.73843E-03,  8.33944E-03,  9.00131E-03,  9.73271E-03,  1.05444E-02,  1.14501E-02,  1.24674E-02,  1.36196E-02,  1.49374E-02,  1.64620E-02,  1.82488E-02,  2.03724E-02,NA,NA,NA,NA,NA,NA,NA,NA,NA,NA,NA,NA,NA,NA,NA,NA,NA,NA,NA,NA,NA,NA,NA,NA,NA,NA,NA,NA,NA,NA,NA,NA,NA,NA,NA,NA,NA,NA,NA,NA,NA,  1.80668E-02,  1.58616E-02,  1.40647E-02,  1.25809E-02,  1.13387E-02,  1.02849E-02,  9.37949E-03,  8.59271E-03,  7.90206E-03,  7.29051E-03,  6.74503E-03,  6.25547E-03,  5.81384E-03,  5.41375E-03,  5.04995E-03,  4.71814E-03,
  5.87014E-03,  6.29462E-03,  6.75826E-03,  7.26555E-03,  7.82163E-03,  8.43256E-03,  9.10557E-03,  9.84943E-03,  1.06750E-02,  1.15960E-02,  1.26301E-02,  1.38003E-02,  1.51373E-02,  1.66818E-02,  1.84883E-02,  2.06301E-02,NA,NA,NA,NA,NA,NA,NA,NA,NA,NA,NA,NA,NA,NA,NA,NA,NA,NA,NA,NA,NA,NA,NA,NA,NA,NA,NA,NA,NA,NA,NA,NA,NA,NA,NA,NA,NA,NA,NA,NA,NA,  1.82419E-02,  1.60332E-02,  1.42293E-02,  1.27361E-02,  1.14835E-02,  1.04186E-02,  9.50232E-03,  8.70493E-03,  8.00423E-03,  7.38328E-03,  6.82911E-03,  6.33159E-03,  5.88270E-03,  5.47601E-03,  5.10626E-03,  4.76907E-03,
  5.90762E-03,  6.33620E-03,  6.80442E-03,  7.31680E-03,  7.87853E-03,  8.49569E-03,  9.17550E-03,  9.92671E-03,  1.07601E-02,  1.16892E-02,  1.27313E-02,  1.39091E-02,  1.52522E-02,  1.68002E-02,  1.86057E-02,  2.07393E-02,NA,NA,NA,NA,NA,NA,NA,NA,NA,NA,NA,NA,NA,NA,NA,NA,NA,NA,NA,NA,NA,NA,NA,NA,NA,NA,NA,NA,NA,NA,NA,NA,NA,NA,NA,NA,NA,NA,NA,NA,NA,  1.83330E-02,  1.61432E-02,  1.43477E-02,  1.28563E-02,  1.16009E-02,  1.05308E-02,  9.60763E-03,  8.80269E-03,  8.09422E-03,  7.46566E-03,  6.90420E-03,  6.39983E-03,  5.94461E-03,  5.53210E-03,  5.15703E-03,  4.81503E-03,
  5.92849E-03,  6.35900E-03,  6.82930E-03,  7.34386E-03,  7.90786E-03,  8.52731E-03,  9.20934E-03,  9.96249E-03,  1.07973E-02,  1.17268E-02,  1.27679E-02,  1.39421E-02,  1.52777E-02,  1.68124E-02,  1.85959E-02,  2.06946E-02,NA,NA,NA,NA,NA,NA,NA,NA,NA,NA,NA,NA,NA,NA,NA,NA,NA,NA,NA,NA,NA,NA,NA,NA,NA,NA,NA,NA,NA,NA,NA,NA,NA,NA,NA,NA,NA,NA,NA,NA,NA,  1.83419E-02,  1.61912E-02,  1.44188E-02,  1.29396E-02,  1.16892E-02,  1.06193E-02,  9.69346E-03,  8.88413E-03,  8.17037E-03,  7.53613E-03,  6.96894E-03,  6.45901E-03,  5.99851E-03,  5.58108E-03,  5.20148E-03,  4.85531E-03,
  5.93236E-03,  6.36256E-03,  6.83233E-03,  7.34610E-03,  7.90890E-03,  8.52660E-03,  9.20611E-03,  9.95566E-03,  1.07853E-02,  1.17076E-02,  1.27382E-02,  1.38976E-02,  1.52123E-02,  1.67171E-02,  1.84581E-02,  2.04966E-02,NA,NA,NA,NA,NA,NA,NA,NA,NA,NA,NA,NA,NA,NA,NA,NA,NA,NA,NA,NA,NA,NA,NA,NA,NA,NA,NA,NA,NA,NA,NA,NA,NA,NA,NA,NA,NA,NA,NA,NA,NA,  1.82720E-02,  1.61783E-02,  1.44421E-02,  1.29846E-02,  1.17464E-02,  1.06822E-02,  9.75790E-03,  8.94746E-03,  8.23100E-03,  7.59317E-03,  7.02198E-03,  6.50792E-03,  6.04336E-03,  5.62204E-03,  5.23878E-03,  4.88921E-03,
  5.91909E-03,  6.34672E-03,  6.81338E-03,  7.32335E-03,  7.88148E-03,  8.49339E-03,  9.16568E-03,  9.90613E-03,  1.07242E-02,  1.16315E-02,  1.26428E-02,  1.37767E-02,  1.50575E-02,  1.65169E-02,  1.81967E-02,  2.01520E-02,  2.24559E-02,NA,NA,NA,NA,NA,NA,NA,NA,NA,NA,NA,NA,NA,NA,NA,NA,NA,NA,NA,NA,NA,NA,NA,NA,NA,NA,NA,NA,NA,NA,NA,NA,NA,NA,NA,NA,NA,NA,NA,NA,  1.81279E-02,  1.61063E-02,  1.44175E-02,  1.29905E-02,  1.17711E-02,  1.07178E-02,  9.79917E-03,  8.99095E-03,  8.27450E-03,  7.63534E-03,  7.06202E-03,  6.54542E-03,  6.07814E-03,  5.65408E-03,  5.26815E-03,  4.91606E-03,
  5.88881E-03,  6.31167E-03,  6.77269E-03,  7.27592E-03,  7.82600E-03,  8.42823E-03,  9.08877E-03,  9.81486E-03,  1.06152E-02,  1.15005E-02,  1.24840E-02,  1.35825E-02,  1.48179E-02,  1.62182E-02,  1.78205E-02,  1.96733E-02,  2.18408E-02,NA,NA,NA,NA,NA,NA,NA,NA,NA,NA,NA,NA,NA,NA,NA,NA,NA,NA,NA,NA,NA,NA,NA,NA,NA,NA,NA,NA,NA,NA,NA,NA,NA,NA,NA,NA,NA,NA,NA,NA,  1.79150E-02,  1.59773E-02,  1.43454E-02,  1.29565E-02,  1.17619E-02,  1.07246E-02,  9.81564E-03,  9.01300E-03,  8.29939E-03,  7.66126E-03,  7.08783E-03,  6.57041E-03,  6.10188E-03,  5.67636E-03,  5.28888E-03,  4.93521E-03,
  5.84195E-03,  6.25793E-03,  6.71087E-03,  7.20461E-03,  7.74346E-03,  8.33234E-03,  8.97691E-03,  9.68379E-03,  1.04609E-02,  1.13176E-02,  1.22659E-02,  1.33206E-02,  1.45005E-02,  1.58304E-02,  1.73421E-02,  1.90776E-02,  2.10918E-02,NA,NA,NA,NA,NA,NA,NA,NA,NA,NA,NA,NA,NA,NA,NA,NA,NA,NA,NA,NA,NA,NA,NA,NA,NA,NA,NA,NA,NA,NA,NA,NA,NA,NA,NA,NA,NA,NA,NA,  1.98304E-02,  1.76383E-02,  1.57936E-02,  1.42264E-02,  1.28820E-02,  1.17179E-02,  1.07011E-02,  9.80590E-03,  9.01224E-03,  8.30436E-03,  7.66975E-03,  7.09833E-03,  6.58192E-03,  6.11375E-03,  5.68814E-03,  5.30029E-03,  4.94609E-03,
  5.77917E-03,  6.18629E-03,  6.62892E-03,  7.11060E-03,  7.63531E-03,  8.20752E-03,  8.83236E-03,  9.51574E-03,  1.02646E-02,  1.10874E-02,  1.19942E-02,  1.29979E-02,  1.41147E-02,  1.53654E-02,  1.67772E-02,  1.83852E-02,  2.02357E-02,  2.23888E-02,NA,NA,NA,NA,NA,NA,NA,NA,NA,NA,NA,NA,NA,NA,NA,NA,NA,NA,NA,NA,NA,NA,NA,NA,NA,NA,NA,NA,NA,NA,NA,NA,NA,NA,NA,NA,NA,NA,  1.93556E-02,  1.73029E-02,  1.55577E-02,  1.40612E-02,  1.27670E-02,  1.16383E-02,  1.06465E-02,  9.76886E-03,  8.98755E-03,  8.28834E-03,  7.65980E-03,  7.09262E-03,  6.57916E-03,  6.11300E-03,  5.68876E-03,  5.30182E-03,  4.94820E-03,
  5.70137E-03,  6.09785E-03,  6.52814E-03,  6.99549E-03,  7.50348E-03,  8.05613E-03,  8.65798E-03,  9.31422E-03,  1.00309E-02,  1.08151E-02,  1.16756E-02,  1.26230E-02,  1.36710E-02,  1.48368E-02,  1.61428E-02,  1.76181E-02,  1.93004E-02,  2.12392E-02,NA,NA,NA,NA,NA,NA,NA,NA,NA,NA,NA,NA,NA,NA,NA,NA,NA,NA,NA,NA,NA,NA,NA,NA,NA,NA,NA,NA,NA,NA,NA,NA,NA,NA,NA,NA,NA,  2.10625E-02,  1.88238E-02,  1.69137E-02,  1.52723E-02,  1.38513E-02,  1.26118E-02,  1.15230E-02,  1.05602E-02,  9.70383E-03,  8.93819E-03,  8.25058E-03,  7.63069E-03,  7.07002E-03,  6.56149E-03,  6.09910E-03,  5.67774E-03,  5.29304E-03,  4.94115E-03,
  5.60964E-03,  5.99391E-03,  6.41011E-03,  6.86115E-03,  7.35024E-03,  7.88091E-03,  8.45711E-03,  9.08328E-03,  9.76455E-03,  1.05069E-02,  1.13175E-02,  1.22051E-02,  1.31809E-02,  1.42587E-02,  1.54566E-02,  1.67981E-02,  1.83135E-02,  2.00424E-02,NA,NA,NA,NA,NA,NA,NA,NA,NA,NA,NA,NA,NA,NA,NA,NA,NA,NA,NA,NA,NA,NA,NA,NA,NA,NA,NA,NA,NA,NA,NA,NA,NA,NA,NA,NA,NA,  2.02889E-02,  1.82428E-02,  1.64757E-02,  1.49405E-02,  1.35982E-02,  1.24173E-02,  1.13722E-02,  1.04422E-02,  9.61058E-03,  8.86379E-03,  8.19067E-03,  7.58201E-03,  7.03013E-03,  6.52853E-03,  6.07166E-03,  5.65475E-03,  5.27363E-03,  4.92467E-03,
  5.50525E-03,  5.87595E-03,  6.27658E-03,  6.70970E-03,  7.17813E-03,  7.68490E-03,  8.23339E-03,  8.82733E-03,  9.47096E-03,  1.01692E-02,  1.09277E-02,  1.17537E-02,  1.26557E-02,  1.36450E-02,  1.47356E-02,  1.59461E-02,  1.73003E-02,  1.88292E-02,  2.05729E-02,NA,NA,NA,NA,NA,NA,NA,NA,NA,NA,NA,NA,NA,NA,NA,NA,NA,NA,NA,NA,NA,NA,NA,NA,NA,NA,NA,NA,NA,NA,NA,NA,NA,NA,NA,  2.16156E-02,  1.94796E-02,  1.76201E-02,  1.59942E-02,  1.45657E-02,  1.33044E-02,  1.21850E-02,  1.11869E-02,  1.02930E-02,  9.48941E-03,  8.76449E-03,  8.10862E-03,  7.51368E-03,  6.97282E-03,  6.48013E-03,  6.03054E-03,  5.61961E-03,  5.24344E-03,  4.89860E-03,
  5.38955E-03,  5.74561E-03,  6.12948E-03,  6.54342E-03,  6.98983E-03,  7.47130E-03,  7.99063E-03,  8.55090E-03,  9.15553E-03,  9.80840E-03,  1.05140E-02,  1.12779E-02,  1.21067E-02,  1.30089E-02,  1.39955E-02,  1.50806E-02,  1.62826E-02,  1.76255E-02,  1.91400E-02,  2.08648E-02,NA,NA,NA,NA,NA,NA,NA,NA,NA,NA,NA,NA,NA,NA,NA,NA,NA,NA,NA,NA,NA,NA,NA,NA,NA,NA,NA,NA,NA,NA,NA,NA,NA,NA,  2.05494E-02,  1.86443E-02,  1.69631E-02,  1.54747E-02,  1.41523E-02,  1.29729E-02,  1.19172E-02,  1.09687E-02,  1.01139E-02,  9.34117E-03,  8.64089E-03,  8.00484E-03,  7.42599E-03,  6.89827E-03,  6.41642E-03,  5.97581E-03,  5.57237E-03,  5.20248E-03,  4.86294E-03,
  5.26400E-03,  5.60457E-03,  5.97081E-03,  6.36465E-03,  6.78812E-03,  7.24337E-03,  7.73269E-03,  8.25854E-03,  8.82360E-03,  9.43086E-03,  1.00838E-02,  1.07864E-02,  1.15438E-02,  1.23622E-02,  1.32499E-02,  1.42175E-02,  1.52787E-02,  1.64518E-02,  1.77598E-02,  1.92319E-02,NA,NA,NA,NA,NA,NA,NA,NA,NA,NA,NA,NA,NA,NA,NA,NA,NA,NA,NA,NA,NA,NA,NA,NA,NA,NA,NA,NA,NA,NA,NA,NA,NA,  2.13762E-02,  1.94835E-02,  1.77924E-02,  1.62795E-02,  1.49234E-02,  1.37051E-02,  1.26077E-02,  1.16169E-02,  1.07201E-02,  9.90662E-03,  9.16725E-03,  8.49407E-03,  7.88018E-03,  7.31958E-03,  6.80700E-03,  6.33777E-03,  5.90775E-03,  5.51323E-03,  5.15091E-03,  4.81780E-03,
  5.13008E-03,  5.45457E-03,  5.80258E-03,  6.17575E-03,  6.57574E-03,  7.00432E-03,  7.46329E-03,  7.95458E-03,  8.48022E-03,  9.04244E-03,  9.64375E-03,  1.02871E-02,  1.09761E-02,  1.17152E-02,  1.25105E-02,  1.33696E-02,  1.43028E-02,  1.53234E-02,  1.64485E-02,  1.76998E-02,  1.91036E-02,NA,NA,NA,NA,NA,NA,NA,NA,NA,NA,NA,NA,NA,NA,NA,NA,NA,NA,NA,NA,NA,NA,NA,NA,NA,NA,NA,NA,NA,NA,NA,  2.18938E-02,  2.00764E-02,  1.84277E-02,  1.69327E-02,  1.55770E-02,  1.43468E-02,  1.32294E-02,  1.22131E-02,  1.12877E-02,  1.04439E-02,  9.67356E-03,  8.96956E-03,  8.32554E-03,  7.73584E-03,  7.19542E-03,  6.69977E-03,  6.24480E-03,  5.82686E-03,  5.44261E-03,  5.08904E-03,  4.76344E-03,
NA,  5.29732E-03,  5.62679E-03,  5.97901E-03,  6.35536E-03,  6.75721E-03,  7.18598E-03,  7.64311E-03,  8.13008E-03,  8.64848E-03,  9.20004E-03,  9.78679E-03,  1.04112E-02,  1.10764E-02,  1.17865E-02,  1.25469E-02,  1.33651E-02,  1.42507E-02,  1.52161E-02,  1.62769E-02,  1.74524E-02,  1.87647E-02,NA,NA,NA,NA,NA,NA,NA,NA,NA,NA,NA,NA,NA,NA,NA,NA,NA,NA,NA,NA,NA,NA,NA,NA,NA,NA,NA,NA,NA,  2.20576E-02,  2.03758E-02,  1.88223E-02,  1.73906E-02,  1.60735E-02,  1.48632E-02,  1.37517E-02,  1.27311E-02,  1.17941E-02,  1.09337E-02,  1.01435E-02,  9.41755E-03,  8.75044E-03,  8.13723E-03,  7.57340E-03,  7.05481E-03,  6.57763E-03,  6.13837E-03,  5.73383E-03,  5.36106E-03,  5.01735E-03,  4.70024E-03,
NA,  5.13450E-03,  5.44534E-03,  5.77663E-03,  6.12947E-03,  6.50492E-03,  6.90403E-03,  7.32784E-03,  7.77738E-03,  8.25369E-03,  8.75791E-03,  9.29132E-03,  9.85548E-03,  1.04524E-02,  1.10849E-02,  1.17567E-02,  1.24729E-02,  1.32402E-02,  1.40676E-02,  1.49661E-02,  1.59495E-02,  1.70333E-02,  1.82346E-02,NA,NA,NA,NA,NA,NA,NA,NA,NA,NA,NA,NA,NA,NA,NA,NA,NA,NA,NA,NA,NA,NA,NA,NA,NA,NA,NA,  2.18529E-02,  2.03563E-02,  1.89451E-02,  1.76199E-02,  1.63797E-02,  1.52226E-02,  1.41454E-02,  1.31447E-02,  1.22162E-02,  1.13559E-02,  1.05595E-02,  9.82281E-03,  9.14179E-03,  8.51254E-03,  7.93136E-03,  7.39471E-03,  6.89926E-03,  6.44184E-03,  6.01953E-03,  5.62954E-03,  5.26930E-03,  4.93642E-03,NA,
NA,NA,  5.26003E-03,  5.57066E-03,  5.90041E-03,  6.25007E-03,  6.62039E-03,  7.01207E-03,  7.42577E-03,  7.86212E-03,  8.32177E-03,  8.80542E-03,  9.31398E-03,  9.84865E-03,  1.04111E-02,  1.10039E-02,  1.16302E-02,  1.22949E-02,  1.30041E-02,  1.37656E-02,  1.45889E-02,  1.54848E-02,  1.64650E-02,  1.75408E-02,  1.87217E-02,NA,NA,NA,NA,NA,NA,NA,NA,NA,NA,NA,NA,NA,NA,NA,NA,NA,NA,NA,NA,NA,NA,NA,NA,  2.12982E-02,  2.00198E-02,  1.87863E-02,  1.76029E-02,  1.64737E-02,  1.54012E-02,  1.43867E-02,  1.34307E-02,  1.25324E-02,  1.16907E-02,  1.09038E-02,  1.01696E-02,  9.48576E-03,  8.84969E-03,  8.25879E-03,  7.71039E-03,  7.20183E-03,  6.73050E-03,  6.29386E-03,  5.88947E-03,  5.51499E-03,  5.16818E-03,  4.84697E-03,NA,
NA,NA,  5.07253E-03,  5.36296E-03,  5.67026E-03,  5.99498E-03,  6.33764E-03,  6.69866E-03,  7.07839E-03,  7.47715E-03,  7.89521E-03,  8.33287E-03,  8.79052E-03,  9.26877E-03,  9.76855E-03,  1.02913E-02,  1.08393E-02,  1.14155E-02,  1.20242E-02,  1.26707E-02,  1.33615E-02,  1.41040E-02,  1.49060E-02,  1.57751E-02,  1.67169E-02,  1.77344E-02,NA,NA,NA,NA,NA,NA,NA,NA,NA,NA,NA,NA,NA,NA,NA,NA,NA,NA,NA,NA,NA,  2.14904E-02,  2.04416E-02,  1.93948E-02,  1.83588E-02,  1.73412E-02,  1.63486E-02,  1.53866E-02,  1.44599E-02,  1.35719E-02,  1.27250E-02,  1.19209E-02,  1.11602E-02,  1.04430E-02,  9.76871E-03,  9.13642E-03,  8.54478E-03,  7.99219E-03,  7.47688E-03,  6.99694E-03,  6.55040E-03,  6.13526E-03,  5.74954E-03,  5.39129E-03,  5.05864E-03,NA,NA,
NA,NA,NA,  5.15521E-03,  5.44087E-03,  5.74171E-03,  6.05801E-03,  6.39000E-03,  6.73781E-03,  7.10150E-03,  7.48107E-03,  7.87652E-03,  8.28790E-03,  8.71536E-03,  9.15931E-03,  9.62054E-03,  1.01003E-02,  1.06007E-02,  1.11243E-02,  1.16747E-02,  1.22564E-02,  1.28743E-02,  1.35336E-02,  1.42391E-02,  1.49944E-02,  1.58008E-02,  1.66561E-02,  1.75539E-02,NA,NA,NA,NA,NA,NA,NA,NA,NA,NA,NA,NA,NA,NA,NA,NA,NA,  2.09118E-02,  2.01472E-02,  1.93506E-02,  1.85310E-02,  1.76964E-02,  1.68549E-02,  1.60137E-02,  1.51801E-02,  1.43601E-02,  1.35595E-02,  1.27828E-02,  1.20339E-02,  1.13157E-02,  1.06300E-02,  9.97836E-03,  9.36125E-03,  8.77878E-03,  8.23055E-03,  7.71580E-03,  7.23347E-03,  6.78230E-03,  6.36087E-03,  5.96767E-03,  5.60112E-03,  5.25966E-03,  4.94170E-03,NA,NA,
NA,NA,NA,  4.94888E-03,  5.21386E-03,  5.49198E-03,  5.78338E-03,  6.08810E-03,  6.40612E-03,  6.73731E-03,  7.08149E-03,  7.43845E-03,  7.80798E-03,  8.18996E-03,  8.58444E-03,  8.99172E-03,  9.41248E-03,  9.84790E-03,  1.02997E-02,  1.07702E-02,  1.12623E-02,  1.17793E-02,  1.23246E-02,  1.29012E-02,  1.35113E-02,  1.41554E-02,  1.48315E-02,  1.55347E-02,  1.62562E-02,  1.69838E-02,  1.77015E-02,NA,NA,NA,NA,NA,NA,NA,NA,NA,NA,NA,NA,  1.96775E-02,  1.92025E-02,  1.86747E-02,  1.81016E-02,  1.74902E-02,  1.68471E-02,  1.61791E-02,  1.54930E-02,  1.47958E-02,  1.40941E-02,  1.33943E-02,  1.27024E-02,  1.20234E-02,  1.13619E-02,  1.07215E-02,  1.01050E-02,  9.51445E-03,  8.95138E-03,  8.41658E-03,  7.91034E-03,  7.43255E-03,  6.98274E-03,  6.56016E-03,  6.16387E-03,  5.79277E-03,  5.44567E-03,  5.12130E-03,NA,NA,NA,
NA,NA,NA,NA,  4.99058E-03,  5.24725E-03,  5.51526E-03,  5.79454E-03,  6.08493E-03,  6.38618E-03,  6.69799E-03,  7.02001E-03,  7.35189E-03,  7.69331E-03,  8.04408E-03,  8.40420E-03,  8.77393E-03,  9.15392E-03,  9.54518E-03,  9.94918E-03,  1.03678E-02,  1.08031E-02,  1.12574E-02,  1.17326E-02,  1.22299E-02,  1.27494E-02,  1.32895E-02,  1.38465E-02,  1.44142E-02,  1.49839E-02,  1.55446E-02,  1.60835E-02,  1.65869E-02,  1.70411E-02,  1.74338E-02,  1.77548E-02,  1.79969E-02,  1.81562E-02,  1.82322E-02,  1.82268E-02,  1.81444E-02,  1.79902E-02,  1.77700E-02,  1.74895E-02,  1.71540E-02,  1.67683E-02,  1.63373E-02,  1.58656E-02,  1.53584E-02,  1.48209E-02,  1.42591E-02,  1.36790E-02,  1.30868E-02,  1.24886E-02,  1.18900E-02,  1.12965E-02,  1.07126E-02,  1.01424E-02,  9.58904E-03,  9.05523E-03,  8.54288E-03,  8.05329E-03,  7.58730E-03,  7.14527E-03,  6.72717E-03,  6.33270E-03,  5.96130E-03,  5.61222E-03,  5.28460E-03,  4.97748E-03,NA,NA,NA,
NA,NA,NA,NA,  4.77216E-03,  5.00870E-03,  5.25487E-03,  5.51053E-03,  5.77543E-03,  6.04924E-03,  6.33159E-03,  6.62204E-03,  6.92014E-03,  7.22548E-03,  7.53773E-03,  7.85669E-03,  8.18236E-03,  8.51502E-03,  8.85524E-03,  9.20389E-03,  9.56214E-03,  9.93137E-03,  1.03130E-02,  1.07082E-02,  1.11177E-02,  1.15414E-02,  1.19781E-02,  1.24251E-02,  1.28781E-02,  1.33309E-02,  1.37760E-02,  1.42047E-02,  1.46076E-02,  1.49753E-02,  1.52993E-02,  1.55725E-02,  1.57893E-02,  1.59464E-02,  1.60425E-02,  1.60778E-02,  1.60538E-02,  1.59728E-02,  1.58375E-02,  1.56505E-02,  1.54145E-02,  1.51322E-02,  1.48063E-02,  1.44402E-02,  1.40375E-02,  1.36025E-02,  1.31400E-02,  1.26553E-02,  1.21539E-02,  1.16413E-02,  1.11229E-02,  1.06039E-02,  1.00887E-02,  9.58152E-03,  9.08573E-03,  8.60416E-03,  8.13903E-03,  7.69202E-03,  7.26428E-03,  6.85652E-03,  6.46908E-03,  6.10197E-03,  5.75496E-03,  5.42761E-03,  5.11933E-03,NA,NA,NA,NA,
NA,NA,NA,NA,NA,  4.77725E-03,  5.00314E-03,  5.23698E-03,  5.47847E-03,  5.72723E-03,  5.98285E-03,  6.24485E-03,  6.51275E-03,  6.78607E-03,  7.06442E-03,  7.34748E-03,  7.63510E-03,  7.92733E-03,  8.22444E-03,  8.52692E-03,  8.83549E-03,  9.15101E-03,  9.47438E-03,  9.80634E-03,  1.01473E-02,  1.04972E-02,  1.08550E-02,  1.12189E-02,  1.15858E-02,  1.19516E-02,  1.23110E-02,  1.26581E-02,  1.29864E-02,  1.32896E-02,  1.35615E-02,  1.37970E-02,  1.39918E-02,  1.41431E-02,  1.42490E-02,  1.43087E-02,  1.43221E-02,  1.42896E-02,  1.42120E-02,  1.40900E-02,  1.39247E-02,  1.37174E-02,  1.34695E-02,  1.31831E-02,  1.28611E-02,  1.25066E-02,  1.21237E-02,  1.17169E-02,  1.12908E-02,  1.08505E-02,  1.04009E-02,  9.94674E-03,  9.49228E-03,  9.04149E-03,  8.59779E-03,  8.16407E-03,  7.74268E-03,  7.33546E-03,  6.94380E-03,  6.56864E-03,  6.21057E-03,  5.86987E-03,  5.54657E-03,  5.24046E-03,NA,NA,NA,NA,NA,
NA,NA,NA,NA,NA,NA,  4.76074E-03,  4.97450E-03,  5.19456E-03,  5.42054E-03,  5.65198E-03,  5.88842E-03,  6.12936E-03,  6.37431E-03,  6.62284E-03,  6.87459E-03,  7.12933E-03,  7.38696E-03,  7.64756E-03,  7.91141E-03,  8.17891E-03,  8.45061E-03,  8.72707E-03,  9.00876E-03,  9.29595E-03,  9.58850E-03,  9.88576E-03,  1.01864E-02,  1.04883E-02,  1.07887E-02,  1.10839E-02,  1.13699E-02,  1.16422E-02,  1.18964E-02,  1.21280E-02,  1.23333E-02,  1.25088E-02,  1.26519E-02,  1.27607E-02,  1.28338E-02,  1.28701E-02,  1.28690E-02,  1.28300E-02,  1.27530E-02,  1.26378E-02,  1.24848E-02,  1.22947E-02,  1.20689E-02,  1.18092E-02,  1.15184E-02,  1.11995E-02,  1.08563E-02,  1.04930E-02,  1.01139E-02,  9.72332E-03,  9.32552E-03,  8.92455E-03,  8.52408E-03,  8.12739E-03,  7.73729E-03,  7.35616E-03,  6.98591E-03,  6.62804E-03,  6.28366E-03,  5.95354E-03,  5.63814E-03,  5.33767E-03,NA,NA,NA,NA,NA,NA,
NA,NA,NA,NA,NA,NA,NA,  4.72347E-03,  4.92399E-03,  5.12928E-03,  5.33892E-03,  5.55243E-03,  5.76934E-03,  5.98916E-03,  6.21147E-03,  6.43590E-03,  6.66216E-03,  6.89011E-03,  7.11972E-03,  7.35109E-03,  7.58448E-03,  7.82020E-03,  8.05862E-03,  8.30005E-03,  8.54466E-03,  8.79236E-03,  9.04268E-03,  9.29472E-03,  9.54705E-03,  9.79773E-03,  1.00443E-02,  1.02839E-02,  1.05135E-02,  1.07298E-02,  1.09297E-02,  1.11101E-02,  1.12683E-02,  1.14021E-02,  1.15094E-02,  1.15885E-02,  1.16379E-02,  1.16564E-02,  1.16429E-02,  1.15966E-02,  1.15168E-02,  1.14032E-02,  1.12562E-02,  1.10765E-02,  1.08654E-02,  1.06250E-02,  1.03578E-02,  1.00670E-02,  9.75612E-03,  9.42878E-03,  9.08885E-03,  8.74011E-03,  8.38621E-03,  8.03051E-03,  7.67607E-03,  7.32558E-03,  6.98132E-03,  6.64523E-03,  6.31884E-03,  6.00334E-03,  5.69962E-03,  5.40828E-03,  5.12968E-03,NA,NA,NA,NA,NA,NA,
NA,NA,NA,NA,NA,NA,NA,NA,  4.66679E-03,  4.85336E-03,  5.04336E-03,  5.23634E-03,  5.43184E-03,  5.62942E-03,  5.82866E-03,  6.02922E-03,  6.23080E-03,  6.43321E-03,  6.63638E-03,  6.84033E-03,  7.04519E-03,  7.25117E-03,  7.45850E-03,  7.66740E-03,  7.87798E-03,  8.09019E-03,  8.30373E-03,  8.51798E-03,  8.73198E-03,  8.94440E-03,  9.15353E-03,  9.35738E-03,  9.55373E-03,  9.74023E-03,  9.91448E-03,  1.00741E-02,  1.02169E-02,  1.03408E-02,  1.04438E-02,  1.05241E-02,  1.05801E-02,  1.06102E-02,  1.06131E-02,  1.05875E-02,  1.05326E-02,  1.04478E-02,  1.03330E-02,  1.01886E-02,  1.00156E-02,  9.81546E-03,  9.59035E-03,  9.34281E-03,  9.07576E-03,  8.79238E-03,  8.49600E-03,  8.18993E-03,  7.87740E-03,  7.56146E-03,  7.24490E-03,  6.93023E-03,  6.61962E-03,  6.31494E-03,  6.01771E-03,  5.72915E-03,  5.45023E-03,  5.18163E-03,NA,NA,NA,NA,NA,NA,NA,
NA,NA,NA,NA,NA,NA,NA,NA,NA,  4.59250E-03,  4.76484E-03,  4.93944E-03,  5.11589E-03,  5.29377E-03,  5.47271E-03,  5.65238E-03,  5.83250E-03,  6.01287E-03,  6.19340E-03,  6.37406E-03,  6.55493E-03,  6.73612E-03,  6.91781E-03,  7.10015E-03,  7.28323E-03,  7.46702E-03,  7.65135E-03,  7.83580E-03,  8.01972E-03,  8.20218E-03,  8.38199E-03,  8.55772E-03,  8.72775E-03,  8.89031E-03,  9.04354E-03,  9.18554E-03,  9.31443E-03,  9.42833E-03,  9.52542E-03,  9.60395E-03,  9.66221E-03,  9.69859E-03,  9.71160E-03,  9.69994E-03,  9.66257E-03,  9.59876E-03,  9.50823E-03,  9.39112E-03,  9.24813E-03,  9.08043E-03,  8.88969E-03,  8.67802E-03,  8.44786E-03,  8.20190E-03,  7.94301E-03,  7.67404E-03,  7.39786E-03,  7.11717E-03,  6.83449E-03,  6.55212E-03,  6.27209E-03,  5.99616E-03,  5.72582E-03,  5.46229E-03,  5.20653E-03,NA,NA,NA,NA,NA,NA,NA,NA,
NA,NA,NA,NA,NA,NA,NA,NA,NA,  4.34629E-03,  4.50276E-03,  4.66092E-03,  4.82041E-03,  4.98085E-03,  5.14190E-03,  5.30325E-03,  5.46466E-03,  5.62595E-03,  5.78700E-03,  5.94778E-03,  6.10832E-03,  6.26870E-03,  6.42904E-03,  6.58945E-03,  6.75003E-03,  6.91078E-03,  7.07158E-03,  7.23216E-03,  7.39207E-03,  7.55066E-03,  7.70709E-03,  7.86029E-03,  8.00905E-03,  8.15200E-03,  8.28767E-03,  8.41447E-03,  8.53080E-03,  8.63500E-03,  8.72540E-03,  8.80032E-03,  8.85813E-03,  8.89725E-03,  8.91620E-03,  8.91368E-03,  8.88862E-03,  8.84023E-03,  8.76812E-03,  8.67229E-03,  8.55320E-03,  8.41176E-03,  8.24930E-03,  8.06754E-03,  7.86852E-03,  7.65451E-03,  7.42792E-03,  7.19125E-03,  6.94698E-03,  6.69750E-03,  6.44506E-03,  6.19175E-03,  5.93943E-03,  5.68973E-03,  5.44409E-03,  5.20367E-03,NA,NA,NA,NA,NA,NA,NA,NA,NA,
NA,NA,NA,NA,NA,NA,NA,NA,NA,NA,NA,  4.39990E-03,  4.54428E-03,  4.68926E-03,  4.83452E-03,  4.97979E-03,  5.12486E-03,  5.26956E-03,  5.41378E-03,  5.55748E-03,  5.70067E-03,  5.84342E-03,  5.98581E-03,  6.12795E-03,  6.26989E-03,  6.41168E-03,  6.55323E-03,  6.69438E-03,  6.83481E-03,  6.97405E-03,  7.11148E-03,  7.24629E-03,  7.37754E-03,  7.50414E-03,  7.62489E-03,  7.73846E-03,  7.84346E-03,  7.93842E-03,  8.02183E-03,  8.09215E-03,  8.14785E-03,  8.18745E-03,  8.20954E-03,  8.21289E-03,  8.19646E-03,  8.15946E-03,  8.10146E-03,  8.02236E-03,  7.92246E-03,  7.80246E-03,  7.66341E-03,  7.50672E-03,  7.33408E-03,  7.14739E-03,  6.94870E-03,  6.74016E-03,  6.52390E-03,  6.30203E-03,  6.07655E-03,  5.84931E-03,  5.62202E-03,  5.39619E-03,  5.17315E-03,NA,NA,NA,NA,NA,NA,NA,NA,NA,NA,
NA,NA,NA,NA,NA,NA,NA,NA,NA,NA,NA,NA,  4.28638E-03,  4.41763E-03,  4.54893E-03,  4.68005E-03,  4.81080E-03,  4.94102E-03,  5.07063E-03,  5.19958E-03,  5.32788E-03,  5.45558E-03,  5.58274E-03,  5.70946E-03,  5.83579E-03,  5.96176E-03,  6.08735E-03,  6.21243E-03,  6.33678E-03,  6.46005E-03,  6.58176E-03,  6.70128E-03,  6.81787E-03,  6.93062E-03,  7.03854E-03,  7.14049E-03,  7.23527E-03,  7.32158E-03,  7.39806E-03,  7.46331E-03,  7.51595E-03,  7.55461E-03,  7.57801E-03,  7.58500E-03,  7.57461E-03,  7.54609E-03,  7.49900E-03,  7.43317E-03,  7.34881E-03,  7.24643E-03,  7.12688E-03,  6.99130E-03,  6.84108E-03,  6.67782E-03,  6.50327E-03,  6.31923E-03,  6.12757E-03,  5.93011E-03,  5.72861E-03,  5.52474E-03,  5.32002E-03,  5.11584E-03,NA,NA,NA,NA,NA,NA,NA,NA,NA,NA,NA,
NA,NA,NA,NA,NA,NA,NA,NA,NA,NA,NA,NA,NA,  4.16462E-03,  4.28357E-03,  4.40220E-03,  4.52036E-03,  4.63791E-03,  4.75478E-03,  4.87092E-03,  4.98635E-03,  5.10110E-03,  5.21522E-03,  5.32880E-03,  5.44189E-03,  5.55452E-03,  5.66667E-03,  5.77827E-03,  5.88914E-03,  5.99901E-03,  6.10751E-03,  6.21412E-03,  6.31823E-03,  6.41910E-03,  6.51586E-03,  6.60756E-03,  6.69312E-03,  6.77140E-03,  6.84121E-03,  6.90128E-03,  6.95038E-03,  6.98727E-03,  7.01079E-03,  7.01991E-03,  7.01373E-03,  6.99158E-03,  6.95299E-03,  6.89781E-03,  6.82612E-03,  6.73832E-03,  6.63509E-03,  6.51736E-03,  6.38628E-03,  6.24317E-03,  6.08952E-03,  5.92686E-03,  5.75679E-03,  5.58091E-03,  5.40074E-03,  5.21777E-03,NA,NA,NA,NA,NA,NA,NA,NA,NA,NA,NA,NA,NA,
NA,NA,NA,NA,NA,NA,NA,NA,NA,NA,NA,NA,NA,NA,  4.03693E-03,  4.14452E-03,  4.25157E-03,  4.35799E-03,  4.46370E-03,  4.56867E-03,  4.67290E-03,  4.77643E-03,  4.87930E-03,  4.98158E-03,  5.08332E-03,  5.18455E-03,  5.28525E-03,  5.38538E-03,  5.48479E-03,  5.58327E-03,  5.68049E-03,  5.77606E-03,  5.86943E-03,  5.95998E-03,  6.04697E-03,  6.12956E-03,  6.20681E-03,  6.27773E-03,  6.34124E-03,  6.39624E-03,  6.44162E-03,  6.47628E-03,  6.49919E-03,  6.50942E-03,  6.50617E-03,  6.48882E-03,  6.45694E-03,  6.41034E-03,  6.34907E-03,  6.27342E-03,  6.18393E-03,  6.08136E-03,  5.96665E-03,  5.84091E-03,  5.70539E-03,  5.56140E-03,  5.41030E-03,  5.25348E-03,  5.09227E-03,NA,NA,NA,NA,NA,NA,NA,NA,NA,NA,NA,NA,NA,NA,
NA,NA,NA,NA,NA,NA,NA,NA,NA,NA,NA,NA,NA,NA,NA,NA,  4.00264E-03,  4.09924E-03,  4.19514E-03,  4.29030E-03,  4.38474E-03,  4.47848E-03,  4.57157E-03,  4.66405E-03,  4.75597E-03,  4.84735E-03,  4.93820E-03,  5.02845E-03,  5.11800E-03,  5.20666E-03,  5.29416E-03,  5.38015E-03,  5.46418E-03,  5.54570E-03,  5.62406E-03,  5.69854E-03,  5.76832E-03,  5.83251E-03,  5.89018E-03,  5.94033E-03,  5.98200E-03,  6.01423E-03,  6.03608E-03,  6.04675E-03,  6.04552E-03,  6.03182E-03,  6.00527E-03,  5.96567E-03,  5.91302E-03,  5.84755E-03,  5.76968E-03,  5.68002E-03,  5.57937E-03,  5.46864E-03,  5.34887E-03,  5.22119E-03,  5.08677E-03,  4.94679E-03,NA,NA,NA,NA,NA,NA,NA,NA,NA,NA,NA,NA,NA,NA,NA,
NA,NA,NA,NA,NA,NA,NA,NA,NA,NA,NA,NA,NA,NA,NA,NA,NA,  3.85982E-03,  3.94705E-03,  4.03357E-03,  4.11940E-03,  4.20455E-03,  4.28906E-03,  4.37298E-03,  4.45633E-03,  4.53915E-03,  4.62141E-03,  4.70308E-03,  4.78405E-03,  4.86416E-03,  4.94319E-03,  5.02081E-03,  5.09664E-03,  5.17020E-03,  5.24093E-03,  5.30817E-03,  5.37122E-03,  5.42930E-03,  5.48158E-03,  5.52720E-03,  5.56530E-03,  5.59503E-03,  5.61559E-03,  5.62625E-03,  5.62639E-03,  5.61549E-03,  5.59321E-03,  5.55935E-03,  5.51388E-03,  5.45698E-03,  5.38898E-03,  5.31038E-03,  5.22182E-03,  5.12408E-03,  5.01803E-03,  4.90463E-03,NA,NA,NA,NA,NA,NA,NA,NA,NA,NA,NA,NA,NA,NA,NA,NA,NA,
NA,NA,NA,NA,NA,NA,NA,NA,NA,NA,NA,NA,NA,NA,NA,NA,NA,NA,NA,  3.79647E-03,  3.87468E-03,  3.95226E-03,  4.02922E-03,  4.10560E-03,  4.18142E-03,  4.25671E-03,  4.33144E-03,  4.40558E-03,  4.47902E-03,  4.55164E-03,  4.62321E-03,  4.69347E-03,  4.76206E-03,  4.82857E-03,  4.89249E-03,  4.95327E-03,  5.01028E-03,  5.06282E-03,  5.11017E-03,  5.15159E-03,  5.18632E-03,  5.21361E-03,  5.23276E-03,  5.24314E-03,  5.24418E-03,  5.23545E-03,  5.21661E-03,  5.18749E-03,  5.14805E-03,  5.09840E-03,  5.03882E-03,  4.96970E-03,  4.89158E-03,  4.80511E-03,NA,NA,NA,NA,NA,NA,NA,NA,NA,NA,NA,NA,NA,NA,NA,NA,NA,NA,NA,
NA,NA,NA,NA,NA,NA,NA,NA,NA,NA,NA,NA,NA,NA,NA,NA,NA,NA,NA,NA,NA,  3.71950E-03,  3.78976E-03,  3.85947E-03,  3.92864E-03,  3.99727E-03,  4.06535E-03,  4.13283E-03,  4.19963E-03,  4.26562E-03,  4.33060E-03,  4.39432E-03,  4.45649E-03,  4.51673E-03,  4.57459E-03,  4.62959E-03,  4.68115E-03,  4.72869E-03,  4.77157E-03,  4.80914E-03,  4.84072E-03,  4.86567E-03,  4.88339E-03,  4.89330E-03,  4.89493E-03,  4.88787E-03,  4.87184E-03,  4.84667E-03,  4.81230E-03,  4.76882E-03,  4.71643E-03,  4.65548E-03,NA,NA,NA,NA,NA,NA,NA,NA,NA,NA,NA,NA,NA,NA,NA,NA,NA,NA,NA,NA,NA,
